"relative_path","sha256","bytes"
"00_MainFlow_Index/BattleTerrains_ContactSheet.png","69d785de5dee58d852d421cd4ac5dffaacdf1128e7ad2e6fb43fabed68d4ae0d","3480097"
"00_MainFlow_Index/Luna_视觉验收.md","36cd94739cea938be7dac518744d7d40b5c395f6e90619cea37ea8bae830a526","609"
"00_MainFlow_Index/MainFlow_Screen_ContactSheet.png","aa86b82e675edfa7e8097b7e2b6ebe73ca1263a33bb8b035ba70af3c3e299a30","2304107"
"00_MainFlow_Index/package_validation.json","8d0ae776814a4025ddecdc9a1a811483dda134da7c0a2582005e06d635b245d2","5210"
"00_MainFlow_Index/README_总索引.md","cfdf1e0d8557d86d3d92de8fb2372ab61468a7e98e90d1085d24dfea1faf90b2","3282"
"00_MainFlow_Index/screen_index.csv","faf20cd7de7ea88c26d948ac895685066d94c053a90561166ff2b4533e389b5d","4636"
"01_DesktopTrainingWorkbench_Default/01_Runtime_Screenshot/DesktopTrainingWorkbench_Default_Runtime.png","1b98503d1ff0ea91308b7f196c2c62aa28566aec87c4b03fcf36ab22c5ecee5b","1018143"
"01_DesktopTrainingWorkbench_Default/02_Assets/003_tab_1.png","8a4ed73ebd89db27e0973175511ad76afb75adca753f823e8541e266582abebf","11076"
"01_DesktopTrainingWorkbench_Default/02_Assets/004_tab_2.png","a2d639090a42ad7047b9460283fa623d5051485fef69eacf1926845db3f31407","12271"
"01_DesktopTrainingWorkbench_Default/02_Assets/Continuous_Background/T_TrainingIdleStrip_Background.png","6d8ce160fe33743229de60be700332dc08516f16bc8fc861b938bfa4931c2d76","951593"
"01_DesktopTrainingWorkbench_Default/02_Assets/inventory_scrollbar_Button.png","4ea17522f842d14d18bca423f68f94392ba08d9a7eff424b35e71cb0b64526f7","7202"
"01_DesktopTrainingWorkbench_Default/02_Assets/starter_accessory.png","d2c15b89314dd9962bd03c730f1734ebd59f81611774ed6b4909768f525833c0","167449"
"01_DesktopTrainingWorkbench_Default/02_Assets/starter_armor.png","5ede44e670039dea9b93c8dc8b2da8eee272262aa6500adb4a7e1133f290b977","323442"
"01_DesktopTrainingWorkbench_Default/02_Assets/starter_belt.png","15d8cfaba62e27f0232e08443f421b0bcf7ac2f9d635b481d82de8bcae09953c","265769"
"01_DesktopTrainingWorkbench_Default/02_Assets/starter_head.png","43c41c979691a480326516442bab99d00724592832abc0db385506dbac337a81","241288"
"01_DesktopTrainingWorkbench_Default/02_Assets/starter_shoes.png","3e64be85b0750cd72bfe8ca131a2c6a3a2ca3ccdc0650b3c18d7208e952918b4","321108"
"01_DesktopTrainingWorkbench_Default/02_Assets/starter_weapon.png","7c62c0447822eaded9a0e7823448d7e24e83e5bd4a0dd71d18805f5c5ae9660c","131485"
"01_DesktopTrainingWorkbench_Default/02_Assets/strengthening_stone.png","f88a845c087bc7fe311765f050b1c0f527bebf1db314460c833c192969afb3c7","287552"
"01_DesktopTrainingWorkbench_Default/02_Assets/T_CardPortrait_Hero.png","d0cf7373dcf47783d9fda80a3654df001b73b0b437bc91d41f7de001e3745f60","38464"
"01_DesktopTrainingWorkbench_Default/02_Assets/T_CardPortrait_Npc_TusiChief.png","daafe5511984b8a86a76f3d5a1267233aef29f812619a3d08ee93b96203ff516","61699"
"01_DesktopTrainingWorkbench_Default/02_Assets/T_CardPortrait_Role_Blade.png","bb4b729318b6ff06817a825bea2ee1d6aeddb08db3f60ad7c67088ca7e56c8a2","31249"
"01_DesktopTrainingWorkbench_Default/02_Assets/T_DesktopStoryQuestButton.png","f73390ec16d25ea97de393b2d82215ead6da084d5471f21614e5f884040e472b","105869"
"01_DesktopTrainingWorkbench_Default/02_Assets/T_DesktopTownEnterButton.png","03bb05574f5c3b21f7b6a0424e92c7107e0ada81a4200e513a9b6ae14ff6324b","232520"
"01_DesktopTrainingWorkbench_Default/02_Assets/T_Item_TrainingAdvancedChest.png","0b777499a702cc8655274c99cb336093bc727e570a634e2897fa7ddcd82cc85f","266963"
"01_DesktopTrainingWorkbench_Default/02_Assets/T_Item_TrainingNormalChest.png","615a7562938ee60ab298d69786f18b0e4c8d974e0322724b2f9b06d734ac1a9a","250002"
"01_DesktopTrainingWorkbench_Default/02_Assets/T_ItemHealingPowder.png","6287c91357e887cb1a3f0251d292062625f5c3e67df3bd38da19ac5ecd1900a5","133804"
"01_DesktopTrainingWorkbench_Default/02_Assets/T_MasterV2_CloseInk.png","2a00ff652ba7d64b47ace99daf271082655713c56a4c81ec7954d68f4da41a1d","1653325"
"01_DesktopTrainingWorkbench_Default/02_Assets/T_MasterV2_EquipmentSlot.png","6b109645bd413b7ca0422f05a50a7f2def16dacea6a0699c33fa2876ab02ef3a","18981"
"01_DesktopTrainingWorkbench_Default/02_Assets/T_MasterV2_HeroFullBody.png","71ac36ccd4b695a7c719a3ce5c5f270ec43aedc6b19541981612fa64407bc0e4","183888"
"01_DesktopTrainingWorkbench_Default/02_Assets/T_MasterV2_Ingot.png","09d31f9bb2edc1f9543100096bb9ba731cc6b61ac9d83cc5cbebe30354d1d81b","8646"
"01_DesktopTrainingWorkbench_Default/02_Assets/T_MasterV2_ItemSlot.png","cdbdeb3101bcf3e4259f58f641d9f70913d0c6ca91870e8654b2b004e23db511","16367"
"01_DesktopTrainingWorkbench_Default/02_Assets/T_MasterV2_PanelLarge.png","76b8fbd518edb62d2d6275a339e2b8bf1c5808c306e57779aaa5dd89ae9b5be8","1587863"
"01_DesktopTrainingWorkbench_Default/02_Assets/T_TownPsd_HudSettings.png","0a9c8f16053cc71fbbac46cb2faf60f6e9319d2f14d7e857922c116337bfdedd","28304"
"01_DesktopTrainingWorkbench_Default/02_Assets/T_TrainingHeroWalkLeft_1K.png","e8f7a96435bf86cde84ea7d490e8f129f808fa2991043edea6d337acaede9f55","857648"
"01_DesktopTrainingWorkbench_Default/02_Assets/T_TrainingIdleStrip_Background.png","6d8ce160fe33743229de60be700332dc08516f16bc8fc861b938bfa4931c2d76","951593"
"01_DesktopTrainingWorkbench_Default/02_Assets/T_TrainingNavFormation.png","8223ff6b47b1122e835ca0102755226dc6289b93df0ca28145d0238761663c46","556100"
"01_DesktopTrainingWorkbench_Default/02_Assets/T_TrainingNavTalents.png","ab5da9dc2e86699f578d6db93191ee89484daaa6ce788c0315b1d8c229be7ddc","760373"
"01_DesktopTrainingWorkbench_Default/02_Assets/T_TrainingNavTools.png","8ef865c112f93ba7b32d326449fc9b52cc851659e853725477e252cb3f50eb2c","1011538"
"01_DesktopTrainingWorkbench_Default/02_Assets/T_TrainingNavTraining.png","2b0b7886f7d2db4ab915564b4adf9fb4d309dcf03efa688080b0e6eaf029839c","387562"
"01_DesktopTrainingWorkbench_Default/02_Assets/T_TrainingNavWarehouse.png","773c5d2489f95149a6e4efac3913c9d9729c7884744eb60036bda665bf95b77a","563300"
"01_DesktopTrainingWorkbench_Default/02_Assets/T_TrainingRetryButtonBase.png","a638762e2fb1cad25ab53450068f93058a50b8933cf2832ff3790d1c15bdaa42","93222"
"01_DesktopTrainingWorkbench_Default/02_Assets/T_TrainingRetryIconEnabled.png","1c3d8df05827429a8372fc0a00dea8c77b7dbbd1237756bf951837bb3a0e028a","66729"
"01_DesktopTrainingWorkbench_Default/02_Assets/T_TrainingTopToolbarAlwaysOnTop.png","5771a66ac2817ded1c2bafcfabdbaae5f3ffee7a5dddf40e8c2ef49504ec0dab","54990"
"01_DesktopTrainingWorkbench_Default/02_Assets/T_TrainingWaveMarkerBoss.png","d04b89c3ae4e64647a9e507f7467a1609139fabe1850c0a360e94c1ba9a0c3f0","62985"
"01_DesktopTrainingWorkbench_Default/02_Assets/T_TrainingWaveMarkerElite.png","a80ba4d411bbb14009ee49a4eb439ba89917a67212f0c0aa05b18899e7dd9860","55244"
"01_DesktopTrainingWorkbench_Default/02_Assets/T_TrainingWaveMarkerNormal.png","3a87de247b54df1768c9d2a5c461ffd48c01108f107e635ba0d43893fa25f6ac","50027"
"01_DesktopTrainingWorkbench_Default/03_Annotation_Guide/Guide_DesktopTrainingWorkbench_Default.png","de79f68cf217ea34b6ec162d5994afeaa666d608bae4eb2bdb3efa6029b599e9","943987"
"01_DesktopTrainingWorkbench_Default/03_Annotation_Guide/Usage_T_TrainingIdleStrip_Background_Repeat3.png","51e69f9815ebb54e30156a0a0c8ac5a8292bc6c2629103ac974dad0643108c00","205165"
"01_DesktopTrainingWorkbench_Default/asset_manifest.csv","f36670c9f190c01fbbe418d73017dfdcbf151a7f368f8e03c6d75e20d43035c9","16559"
"01_DesktopTrainingWorkbench_Default/README_替换说明.md","553699a5dbc6bc9ff4265447aa4a9d65a53eb2b462b756bcb5ded555141115b2","1136"
"02_DesktopWorkbench_Collapsed/01_Runtime_Screenshot/02_DesktopWorkbench_Collapsed_Runtime.png","fc525e83c6091cb133ca51ca995c6dbfcae6cb7452b447a2843bd0178d4bc4c6","311337"
"02_DesktopWorkbench_Collapsed/02_Assets/003_tab_1.png","8a4ed73ebd89db27e0973175511ad76afb75adca753f823e8541e266582abebf","11076"
"02_DesktopWorkbench_Collapsed/02_Assets/004_tab_2.png","a2d639090a42ad7047b9460283fa623d5051485fef69eacf1926845db3f31407","12271"
"02_DesktopWorkbench_Collapsed/02_Assets/inventory_scrollbar_Button.png","4ea17522f842d14d18bca423f68f94392ba08d9a7eff424b35e71cb0b64526f7","7202"
"02_DesktopWorkbench_Collapsed/02_Assets/starter_accessory.png","d2c15b89314dd9962bd03c730f1734ebd59f81611774ed6b4909768f525833c0","167449"
"02_DesktopWorkbench_Collapsed/02_Assets/starter_armor.png","5ede44e670039dea9b93c8dc8b2da8eee272262aa6500adb4a7e1133f290b977","323442"
"02_DesktopWorkbench_Collapsed/02_Assets/starter_belt.png","15d8cfaba62e27f0232e08443f421b0bcf7ac2f9d635b481d82de8bcae09953c","265769"
"02_DesktopWorkbench_Collapsed/02_Assets/starter_head.png","43c41c979691a480326516442bab99d00724592832abc0db385506dbac337a81","241288"
"02_DesktopWorkbench_Collapsed/02_Assets/starter_shoes.png","3e64be85b0750cd72bfe8ca131a2c6a3a2ca3ccdc0650b3c18d7208e952918b4","321108"
"02_DesktopWorkbench_Collapsed/02_Assets/starter_weapon.png","7c62c0447822eaded9a0e7823448d7e24e83e5bd4a0dd71d18805f5c5ae9660c","131485"
"02_DesktopWorkbench_Collapsed/02_Assets/strengthening_stone.png","f88a845c087bc7fe311765f050b1c0f527bebf1db314460c833c192969afb3c7","287552"
"02_DesktopWorkbench_Collapsed/02_Assets/T_CardPortrait_Hero.png","d0cf7373dcf47783d9fda80a3654df001b73b0b437bc91d41f7de001e3745f60","38464"
"02_DesktopWorkbench_Collapsed/02_Assets/T_CardPortrait_Npc_TusiChief.png","daafe5511984b8a86a76f3d5a1267233aef29f812619a3d08ee93b96203ff516","61699"
"02_DesktopWorkbench_Collapsed/02_Assets/T_CardPortrait_Role_Blade.png","bb4b729318b6ff06817a825bea2ee1d6aeddb08db3f60ad7c67088ca7e56c8a2","31249"
"02_DesktopWorkbench_Collapsed/02_Assets/T_character_00_hero_1k_attack_atlas.png","da39ed9b35f4e187b01c4b166818b271628f6af154074883fddd049bcbf5048b","554275"
"02_DesktopWorkbench_Collapsed/02_Assets/T_character_00_hero_1k_attack_kick_atlas.png","857af269dcf79328e2826f1926f014091cf527f7814417cef5171d537aa3824d","440909"
"02_DesktopWorkbench_Collapsed/02_Assets/T_character_00_hero_1k_attack_punch_atlas.png","0b301a8fb1c79dac3107402ca59c569e66250c808dee87fd61620ebb34d1821c","472931"
"02_DesktopWorkbench_Collapsed/02_Assets/T_character_00_hero_1k_death_atlas.png","873d7998ca929b199677efc9b2b323a79359f0b63e53d2208bc94c345954d147","907662"
"02_DesktopWorkbench_Collapsed/02_Assets/T_character_00_hero_1k_hit_atlas.png","afe7f4cfb73e951df5a926707ffe984d70929cb50c0ff87ec520a1d6a7084453","782843"
"02_DesktopWorkbench_Collapsed/02_Assets/T_character_00_hero_1k_idle_atlas.png","2c8d71755f4d75ccf92250a1a2302f20a2fdcbb52ea4da80ee2ca514e7bb004a","644542"
"02_DesktopWorkbench_Collapsed/02_Assets/T_character_01_blade_1k_attack_atlas.png","b386b4a8b6702eeb26f1b6eafd8a405cac025a963bbc38929f72728e24d68fde","661710"
"02_DesktopWorkbench_Collapsed/02_Assets/T_character_01_blade_1k_death_atlas.png","bf2a5ff31b84d66170868f0407e602a177f9f134249bddab368796e96bea0654","726861"
"02_DesktopWorkbench_Collapsed/02_Assets/T_character_01_blade_1k_hit_atlas.png","4aae191d534ca173b48c6d4d556687c37cd506ea85ed7e4b3e98749dcc80162b","551282"
"02_DesktopWorkbench_Collapsed/02_Assets/T_character_01_blade_1k_idle_atlas.png","d5f2ccedb300a60b4ddff692bf4148c6a07838fafbd5fff7ac99dea75030ca77","870969"
"02_DesktopWorkbench_Collapsed/02_Assets/T_character_07_tusi_chief_1k_attack_atlas.png","905fc2453495347c07b04716f43fd0ff5d89088979b6f064a5274390a1b381d3","806061"
"02_DesktopWorkbench_Collapsed/02_Assets/T_character_07_tusi_chief_1k_death_atlas.png","ceaa9a9b2eabe347f30372b40d0a7852b30f9d21ae7736ebf7ed590de23caf02","782802"
"02_DesktopWorkbench_Collapsed/02_Assets/T_character_07_tusi_chief_1k_hit_atlas.png","9b15b6a35301d43dc3d6a3f551995edc83c6f6cf9e7cec4dee9fadade5bcaa63","794035"
"02_DesktopWorkbench_Collapsed/02_Assets/T_character_07_tusi_chief_1k_idle_atlas.png","5a8637a702c526e27977e444ea10e1c46dad0e8490f65f41273e4b327104a272","1073516"
"02_DesktopWorkbench_Collapsed/02_Assets/T_character_09_yue_bai_1k_attack_atlas.png","c117d7d957da4a151521e82f73c7785b7eb224424ca39f3e859d4b25e670d2f3","554699"
"02_DesktopWorkbench_Collapsed/02_Assets/T_character_09_yue_bai_1k_idle_atlas.png","f0ab32a0ffcb8e48acfcbbf252a0fe55134528574fa365c3800c229d13f48bdd","966487"
"02_DesktopWorkbench_Collapsed/02_Assets/T_DesktopStoryQuestButton.png","f73390ec16d25ea97de393b2d82215ead6da084d5471f21614e5f884040e472b","105869"
"02_DesktopWorkbench_Collapsed/02_Assets/T_DesktopTownEnterButton.png","03bb05574f5c3b21f7b6a0424e92c7107e0ada81a4200e513a9b6ae14ff6324b","232520"
"02_DesktopWorkbench_Collapsed/02_Assets/T_enemy_01_rooster_1k_attack_atlas.png","7262949d6f3b79e42b85f661073415014349f314aec8fd098010053823e418a1","716080"
"02_DesktopWorkbench_Collapsed/02_Assets/T_enemy_01_rooster_1k_death_atlas.png","31eb3e5a36eea75c456a861d30dc0dfff2cd1296ad112f5df7ea12ded8a7c089","912361"
"02_DesktopWorkbench_Collapsed/02_Assets/T_enemy_01_rooster_1k_hit_atlas.png","50d168c46b8c5b91fc4eaad42b3d93b5735ef58328a98fdf59bf1d3844956ecf","785185"
"02_DesktopWorkbench_Collapsed/02_Assets/T_enemy_01_rooster_1k_idle_atlas.png","b7e4daaa253db5fe473abab92ebb09b175ed9d46b521138721f90471b855f421","1026843"
"02_DesktopWorkbench_Collapsed/02_Assets/T_enemy_02_goat_1k_attack_atlas.png","a09029bccdfb868a2cce3836474c119fff3cbc1a6880575ec48f3e05b78aa607","742959"
"02_DesktopWorkbench_Collapsed/02_Assets/T_enemy_02_goat_1k_death_atlas.png","33ee023c6e2f1e1151551b1f53f4715028fe20c4d41bf676aa6dc5a7d634dba4","1065117"
"02_DesktopWorkbench_Collapsed/02_Assets/T_enemy_02_goat_1k_hit_atlas.png","8e9f9381e3263de806e8827f85f5d050f9e2040975dd6bffc71cb7c5d1f579b6","597362"
"02_DesktopWorkbench_Collapsed/02_Assets/T_enemy_02_goat_1k_idle_atlas.png","38a15fff36c22a2ac76c010da184ac88aa71ae9c6270404a45e76f47c5aa900c","1227791"
"02_DesktopWorkbench_Collapsed/02_Assets/T_enemy_03_weasel_1k_attack_atlas.png","607b52adb6de4a23105f3d933c06e707bde6eb11c6cf49b89d0ade89229c54cd","278483"
"02_DesktopWorkbench_Collapsed/02_Assets/T_enemy_03_weasel_1k_death_atlas.png","266448b954e336e11b6483847581734cb22223036c3a37f229176982110bcc31","551949"
"02_DesktopWorkbench_Collapsed/02_Assets/T_enemy_03_weasel_1k_hit_atlas.png","58d5c2d33931181a2b40852e818fd5f22c34727cc843c19f3fbbf6b24ef0a64f","527805"
"02_DesktopWorkbench_Collapsed/02_Assets/T_enemy_03_weasel_1k_idle_atlas.png","8b41fb7e93a2a7294e6866b5c55676de6430ad3e909b4743c550bfd314b64e64","723579"
"02_DesktopWorkbench_Collapsed/02_Assets/T_enemy_04_civet_1k_attack_atlas.png","1fa9fc1530663754a58561ee8372645927d52d74188dcc7bc236e0f75f303f36","529169"
"02_DesktopWorkbench_Collapsed/02_Assets/T_enemy_04_civet_1k_death_atlas.png","09aa13b05457b7344bf7aca649a2eee86c7fe6d4a6bf99bb25d176e9757192fb","883842"
"02_DesktopWorkbench_Collapsed/02_Assets/T_enemy_04_civet_1k_hit_atlas.png","21e1146775bdf1a7013981c82ee20938740a039876b193e362620ecab6bfff89","750915"
"02_DesktopWorkbench_Collapsed/02_Assets/T_enemy_04_civet_1k_idle_atlas.png","9aabdc21a8dd4272f1e6eab4910e9f317f6f29f231ba6d7a08397acd207e9524","808825"
"02_DesktopWorkbench_Collapsed/02_Assets/T_enemy_05_ironfeather_1k_idle_atlas.png","8d692ad1c31c4e895c5d40151a1b9a6964bd3946bb0274b49d785021ef388d79","1287768"
"02_DesktopWorkbench_Collapsed/02_Assets/T_enemy_06_bluehorn_1k_attack_atlas.png","40f5a445f5b0058cb35fff944392d2b7728da314f68e1db2d1cc3c04e168168b","812077"
"02_DesktopWorkbench_Collapsed/02_Assets/T_enemy_06_bluehorn_1k_death_atlas.png","5c26263e7ef489421dde71cb861c9cb57a178b7e2150a3558dbfccc986dc5122","1081324"
"02_DesktopWorkbench_Collapsed/02_Assets/T_enemy_06_bluehorn_1k_hit_atlas.png","b19f714ed6e3a0209ede6e6912f079550eb86fac9d95fa8586eae14c34949eeb","749715"
"02_DesktopWorkbench_Collapsed/02_Assets/T_enemy_06_bluehorn_1k_idle_atlas.png","ed0bc681b904df3986af9bf0a5e368718b21a6a588815bbe16f2a202514a0930","1326146"
"02_DesktopWorkbench_Collapsed/02_Assets/T_enemy_07_graywolf_1k_idle_atlas.png","0339c63eafa7b85378fa3e44e4539e660314e3799aad8c5f966eafa05655ce41","913821"
"02_DesktopWorkbench_Collapsed/02_Assets/T_enemy_11_graymane_1k_attack_atlas.png","55586526019964519016f147b8e461c76616b7f8e9b3af533ad83361684bc46b","475396"
"02_DesktopWorkbench_Collapsed/02_Assets/T_enemy_16_toad_1k_idle_atlas.png","c094afb3e23c7f27f81ba1e6cab5f0d5350d263f9dacfdeac8aac6dbdb9c4e37","729604"
"02_DesktopWorkbench_Collapsed/02_Assets/T_enemy_18_deer_1k_attack_atlas.png","46bb281f5114e3e817dcf8ec7bcc5599cabc3f5ea108c48243591bc04fe560be","508914"
"02_DesktopWorkbench_Collapsed/02_Assets/T_enemy_18_deer_1k_idle_atlas.png","217fac60377e01136368c191a327c98b2a8d854b8677a922ec6508e85cecddc2","696744"
"02_DesktopWorkbench_Collapsed/02_Assets/T_Item_TrainingAdvancedChest.png","0b777499a702cc8655274c99cb336093bc727e570a634e2897fa7ddcd82cc85f","266963"
"02_DesktopWorkbench_Collapsed/02_Assets/T_Item_TrainingNormalChest.png","615a7562938ee60ab298d69786f18b0e4c8d974e0322724b2f9b06d734ac1a9a","250002"
"02_DesktopWorkbench_Collapsed/02_Assets/T_ItemHealingPowder.png","6287c91357e887cb1a3f0251d292062625f5c3e67df3bd38da19ac5ecd1900a5","133804"
"02_DesktopWorkbench_Collapsed/02_Assets/T_MasterV2_CloseInk.png","2a00ff652ba7d64b47ace99daf271082655713c56a4c81ec7954d68f4da41a1d","1653325"
"02_DesktopWorkbench_Collapsed/02_Assets/T_MasterV2_EquipmentSlot.png","6b109645bd413b7ca0422f05a50a7f2def16dacea6a0699c33fa2876ab02ef3a","18981"
"02_DesktopWorkbench_Collapsed/02_Assets/T_MasterV2_HeroFullBody.png","71ac36ccd4b695a7c719a3ce5c5f270ec43aedc6b19541981612fa64407bc0e4","183888"
"02_DesktopWorkbench_Collapsed/02_Assets/T_MasterV2_Ingot.png","09d31f9bb2edc1f9543100096bb9ba731cc6b61ac9d83cc5cbebe30354d1d81b","8646"
"02_DesktopWorkbench_Collapsed/02_Assets/T_MasterV2_ItemSlot.png","cdbdeb3101bcf3e4259f58f641d9f70913d0c6ca91870e8654b2b004e23db511","16367"
"02_DesktopWorkbench_Collapsed/02_Assets/T_MasterV2_PanelLarge.png","76b8fbd518edb62d2d6275a339e2b8bf1c5808c306e57779aaa5dd89ae9b5be8","1587863"
"02_DesktopWorkbench_Collapsed/02_Assets/T_TownPsd_HudSettings.png","0a9c8f16053cc71fbbac46cb2faf60f6e9319d2f14d7e857922c116337bfdedd","28304"
"02_DesktopWorkbench_Collapsed/02_Assets/T_TrainingHeroWalkLeft_1K.png","e8f7a96435bf86cde84ea7d490e8f129f808fa2991043edea6d337acaede9f55","857648"
"02_DesktopWorkbench_Collapsed/02_Assets/T_TrainingIdleStrip_Background.png","6d8ce160fe33743229de60be700332dc08516f16bc8fc861b938bfa4931c2d76","951593"
"02_DesktopWorkbench_Collapsed/02_Assets/T_TrainingNavFormation.png","8223ff6b47b1122e835ca0102755226dc6289b93df0ca28145d0238761663c46","556100"
"02_DesktopWorkbench_Collapsed/02_Assets/T_TrainingNavTalents.png","ab5da9dc2e86699f578d6db93191ee89484daaa6ce788c0315b1d8c229be7ddc","760373"
"02_DesktopWorkbench_Collapsed/02_Assets/T_TrainingNavTools.png","8ef865c112f93ba7b32d326449fc9b52cc851659e853725477e252cb3f50eb2c","1011538"
"02_DesktopWorkbench_Collapsed/02_Assets/T_TrainingNavTraining.png","2b0b7886f7d2db4ab915564b4adf9fb4d309dcf03efa688080b0e6eaf029839c","387562"
"02_DesktopWorkbench_Collapsed/02_Assets/T_TrainingNavWarehouse.png","773c5d2489f95149a6e4efac3913c9d9729c7884744eb60036bda665bf95b77a","563300"
"02_DesktopWorkbench_Collapsed/02_Assets/T_TrainingRetryButtonBase.png","a638762e2fb1cad25ab53450068f93058a50b8933cf2832ff3790d1c15bdaa42","93222"
"02_DesktopWorkbench_Collapsed/02_Assets/T_TrainingRetryIconEnabled.png","1c3d8df05827429a8372fc0a00dea8c77b7dbbd1237756bf951837bb3a0e028a","66729"
"02_DesktopWorkbench_Collapsed/02_Assets/T_TrainingTopToolbarAlwaysOnTop.png","5771a66ac2817ded1c2bafcfabdbaae5f3ffee7a5dddf40e8c2ef49504ec0dab","54990"
"02_DesktopWorkbench_Collapsed/02_Assets/T_TrainingWaveMarkerBoss.png","d04b89c3ae4e64647a9e507f7467a1609139fabe1850c0a360e94c1ba9a0c3f0","62985"
"02_DesktopWorkbench_Collapsed/02_Assets/T_TrainingWaveMarkerElite.png","a80ba4d411bbb14009ee49a4eb439ba89917a67212f0c0aa05b18899e7dd9860","55244"
"02_DesktopWorkbench_Collapsed/02_Assets/T_TrainingWaveMarkerNormal.png","3a87de247b54df1768c9d2a5c461ffd48c01108f107e635ba0d43893fa25f6ac","50027"
"02_DesktopWorkbench_Collapsed/03_Annotation_Guide/Guide_02_DesktopWorkbench_Collapsed.png","31f2d9a68c24ac2618f4af86d223fb958ef78a316f547a889dc4075568c82e4f","421997"
"02_DesktopWorkbench_Collapsed/asset_manifest.csv","967f4a927edafd00c53dd917ed6cfd29b2734c869bdfce8111db5323f493fdef","34172"
"02_DesktopWorkbench_Collapsed/README_替换说明.md","0dcea0fbbcc156a7ab5e3a41d54c9828baf189f927d9192aa66a75356158514a","511"
"03_DesktopWorkbench_Warehouse/01_Runtime_Screenshot/03_DesktopWorkbench_Warehouse_Runtime.png","8a5a39391ac9d2361870c5722b5a64ee5aa3803abb163f4e87807ffbc134f484","1588326"
"03_DesktopWorkbench_Warehouse/02_Assets/003_tab_1.png","8a4ed73ebd89db27e0973175511ad76afb75adca753f823e8541e266582abebf","11076"
"03_DesktopWorkbench_Warehouse/02_Assets/004_tab_2.png","a2d639090a42ad7047b9460283fa623d5051485fef69eacf1926845db3f31407","12271"
"03_DesktopWorkbench_Warehouse/02_Assets/inventory_scrollbar_Button.png","4ea17522f842d14d18bca423f68f94392ba08d9a7eff424b35e71cb0b64526f7","7202"
"03_DesktopWorkbench_Warehouse/02_Assets/starter_accessory.png","d2c15b89314dd9962bd03c730f1734ebd59f81611774ed6b4909768f525833c0","167449"
"03_DesktopWorkbench_Warehouse/02_Assets/starter_armor.png","5ede44e670039dea9b93c8dc8b2da8eee272262aa6500adb4a7e1133f290b977","323442"
"03_DesktopWorkbench_Warehouse/02_Assets/starter_belt.png","15d8cfaba62e27f0232e08443f421b0bcf7ac2f9d635b481d82de8bcae09953c","265769"
"03_DesktopWorkbench_Warehouse/02_Assets/starter_head.png","43c41c979691a480326516442bab99d00724592832abc0db385506dbac337a81","241288"
"03_DesktopWorkbench_Warehouse/02_Assets/starter_shoes.png","3e64be85b0750cd72bfe8ca131a2c6a3a2ca3ccdc0650b3c18d7208e952918b4","321108"
"03_DesktopWorkbench_Warehouse/02_Assets/starter_weapon.png","7c62c0447822eaded9a0e7823448d7e24e83e5bd4a0dd71d18805f5c5ae9660c","131485"
"03_DesktopWorkbench_Warehouse/02_Assets/strengthening_stone.png","f88a845c087bc7fe311765f050b1c0f527bebf1db314460c833c192969afb3c7","287552"
"03_DesktopWorkbench_Warehouse/02_Assets/T_CardPortrait_Hero.png","d0cf7373dcf47783d9fda80a3654df001b73b0b437bc91d41f7de001e3745f60","38464"
"03_DesktopWorkbench_Warehouse/02_Assets/T_CardPortrait_Npc_TusiChief.png","daafe5511984b8a86a76f3d5a1267233aef29f812619a3d08ee93b96203ff516","61699"
"03_DesktopWorkbench_Warehouse/02_Assets/T_CardPortrait_Role_Blade.png","bb4b729318b6ff06817a825bea2ee1d6aeddb08db3f60ad7c67088ca7e56c8a2","31249"
"03_DesktopWorkbench_Warehouse/02_Assets/T_DesktopStoryQuestButton.png","f73390ec16d25ea97de393b2d82215ead6da084d5471f21614e5f884040e472b","105869"
"03_DesktopWorkbench_Warehouse/02_Assets/T_DesktopTownEnterButton.png","03bb05574f5c3b21f7b6a0424e92c7107e0ada81a4200e513a9b6ae14ff6324b","232520"
"03_DesktopWorkbench_Warehouse/02_Assets/T_Item_TrainingAdvancedChest.png","0b777499a702cc8655274c99cb336093bc727e570a634e2897fa7ddcd82cc85f","266963"
"03_DesktopWorkbench_Warehouse/02_Assets/T_Item_TrainingNormalChest.png","615a7562938ee60ab298d69786f18b0e4c8d974e0322724b2f9b06d734ac1a9a","250002"
"03_DesktopWorkbench_Warehouse/02_Assets/T_ItemHealingPowder.png","6287c91357e887cb1a3f0251d292062625f5c3e67df3bd38da19ac5ecd1900a5","133804"
"03_DesktopWorkbench_Warehouse/02_Assets/T_MasterV2_CloseInk.png","2a00ff652ba7d64b47ace99daf271082655713c56a4c81ec7954d68f4da41a1d","1653325"
"03_DesktopWorkbench_Warehouse/02_Assets/T_MasterV2_EquipmentSlot.png","6b109645bd413b7ca0422f05a50a7f2def16dacea6a0699c33fa2876ab02ef3a","18981"
"03_DesktopWorkbench_Warehouse/02_Assets/T_MasterV2_HeroFullBody.png","71ac36ccd4b695a7c719a3ce5c5f270ec43aedc6b19541981612fa64407bc0e4","183888"
"03_DesktopWorkbench_Warehouse/02_Assets/T_MasterV2_Ingot.png","09d31f9bb2edc1f9543100096bb9ba731cc6b61ac9d83cc5cbebe30354d1d81b","8646"
"03_DesktopWorkbench_Warehouse/02_Assets/T_MasterV2_ItemSlot.png","cdbdeb3101bcf3e4259f58f641d9f70913d0c6ca91870e8654b2b004e23db511","16367"
"03_DesktopWorkbench_Warehouse/02_Assets/T_MasterV2_PanelLarge.png","76b8fbd518edb62d2d6275a339e2b8bf1c5808c306e57779aaa5dd89ae9b5be8","1587863"
"03_DesktopWorkbench_Warehouse/02_Assets/T_MasterV2_PanelTall.png","8fc01ef2f05c43dc857251034b8f822084cebd070ae3f1565a36584ec24987e8","1327413"
"03_DesktopWorkbench_Warehouse/02_Assets/T_TownPsd_HudSettings.png","0a9c8f16053cc71fbbac46cb2faf60f6e9319d2f14d7e857922c116337bfdedd","28304"
"03_DesktopWorkbench_Warehouse/02_Assets/T_TrainingHeroWalkLeft_1K.png","e8f7a96435bf86cde84ea7d490e8f129f808fa2991043edea6d337acaede9f55","857648"
"03_DesktopWorkbench_Warehouse/02_Assets/T_TrainingIdleStrip_Background.png","6d8ce160fe33743229de60be700332dc08516f16bc8fc861b938bfa4931c2d76","951593"
"03_DesktopWorkbench_Warehouse/02_Assets/T_TrainingNavFormation.png","8223ff6b47b1122e835ca0102755226dc6289b93df0ca28145d0238761663c46","556100"
"03_DesktopWorkbench_Warehouse/02_Assets/T_TrainingNavTalents.png","ab5da9dc2e86699f578d6db93191ee89484daaa6ce788c0315b1d8c229be7ddc","760373"
"03_DesktopWorkbench_Warehouse/02_Assets/T_TrainingNavTools.png","8ef865c112f93ba7b32d326449fc9b52cc851659e853725477e252cb3f50eb2c","1011538"
"03_DesktopWorkbench_Warehouse/02_Assets/T_TrainingNavTraining.png","2b0b7886f7d2db4ab915564b4adf9fb4d309dcf03efa688080b0e6eaf029839c","387562"
"03_DesktopWorkbench_Warehouse/02_Assets/T_TrainingNavWarehouse.png","773c5d2489f95149a6e4efac3913c9d9729c7884744eb60036bda665bf95b77a","563300"
"03_DesktopWorkbench_Warehouse/02_Assets/T_TrainingRetryButtonBase.png","a638762e2fb1cad25ab53450068f93058a50b8933cf2832ff3790d1c15bdaa42","93222"
"03_DesktopWorkbench_Warehouse/02_Assets/T_TrainingRetryIconEnabled.png","1c3d8df05827429a8372fc0a00dea8c77b7dbbd1237756bf951837bb3a0e028a","66729"
"03_DesktopWorkbench_Warehouse/02_Assets/T_TrainingTopToolbarAlwaysOnTop.png","5771a66ac2817ded1c2bafcfabdbaae5f3ffee7a5dddf40e8c2ef49504ec0dab","54990"
"03_DesktopWorkbench_Warehouse/02_Assets/T_TrainingWaveMarkerBoss.png","d04b89c3ae4e64647a9e507f7467a1609139fabe1850c0a360e94c1ba9a0c3f0","62985"
"03_DesktopWorkbench_Warehouse/02_Assets/T_TrainingWaveMarkerElite.png","a80ba4d411bbb14009ee49a4eb439ba89917a67212f0c0aa05b18899e7dd9860","55244"
"03_DesktopWorkbench_Warehouse/02_Assets/T_TrainingWaveMarkerNormal.png","3a87de247b54df1768c9d2a5c461ffd48c01108f107e635ba0d43893fa25f6ac","50027"
"03_DesktopWorkbench_Warehouse/03_Annotation_Guide/Guide_03_DesktopWorkbench_Warehouse.png","0badd6cddcdd4532ff7cf37f8137278123522e9486f5d1879a28c428b5e47026","1355039"
"03_DesktopWorkbench_Warehouse/asset_manifest.csv","e59ff0fb9ae8d4ff4e88ed467170bb00f0f31cfbd2ecbba9faa018f283397443","16736"
"03_DesktopWorkbench_Warehouse/README_替换说明.md","3ca32bfc56aa3f947071e86eefa7d8ef3dffe738d7e114af18375ab601f5c522","511"
"04_DesktopWorkbench_Formation/01_Runtime_Screenshot/04_DesktopWorkbench_Formation_Runtime.png","e42ff995e20b316f1354d75e19e98be14ec4c54f51a22d2ca6a0e50aea9eec31","1055600"
"04_DesktopWorkbench_Formation/02_Assets/003_tab_1.png","8a4ed73ebd89db27e0973175511ad76afb75adca753f823e8541e266582abebf","11076"
"04_DesktopWorkbench_Formation/02_Assets/004_tab_2.png","a2d639090a42ad7047b9460283fa623d5051485fef69eacf1926845db3f31407","12271"
"04_DesktopWorkbench_Formation/02_Assets/inventory_scrollbar_Button.png","4ea17522f842d14d18bca423f68f94392ba08d9a7eff424b35e71cb0b64526f7","7202"
"04_DesktopWorkbench_Formation/02_Assets/starter_accessory.png","d2c15b89314dd9962bd03c730f1734ebd59f81611774ed6b4909768f525833c0","167449"
"04_DesktopWorkbench_Formation/02_Assets/starter_armor.png","5ede44e670039dea9b93c8dc8b2da8eee272262aa6500adb4a7e1133f290b977","323442"
"04_DesktopWorkbench_Formation/02_Assets/starter_belt.png","15d8cfaba62e27f0232e08443f421b0bcf7ac2f9d635b481d82de8bcae09953c","265769"
"04_DesktopWorkbench_Formation/02_Assets/starter_head.png","43c41c979691a480326516442bab99d00724592832abc0db385506dbac337a81","241288"
"04_DesktopWorkbench_Formation/02_Assets/starter_shoes.png","3e64be85b0750cd72bfe8ca131a2c6a3a2ca3ccdc0650b3c18d7208e952918b4","321108"
"04_DesktopWorkbench_Formation/02_Assets/starter_weapon.png","7c62c0447822eaded9a0e7823448d7e24e83e5bd4a0dd71d18805f5c5ae9660c","131485"
"04_DesktopWorkbench_Formation/02_Assets/strengthening_stone.png","f88a845c087bc7fe311765f050b1c0f527bebf1db314460c833c192969afb3c7","287552"
"04_DesktopWorkbench_Formation/02_Assets/T_CardPortrait_Hero.png","d0cf7373dcf47783d9fda80a3654df001b73b0b437bc91d41f7de001e3745f60","38464"
"04_DesktopWorkbench_Formation/02_Assets/T_CardPortrait_Npc_JinGui.png","e3a75a5364d1c66dc66eea0accf890aaf4584db9630fc2d61b5a3ef8eaa9a7cd","37814"
"04_DesktopWorkbench_Formation/02_Assets/T_CardPortrait_Npc_QiongMeiEr.png","3403b1d307785f7f154e689af5b85c1f7e8a3711427f1f4238d5d20a3882ca13","34385"
"04_DesktopWorkbench_Formation/02_Assets/T_CardPortrait_Npc_SongJinBao.png","ffccb23824867bde08558647a04d427510d06ca90d8558fc39cffe54c4e90f09","39025"
"04_DesktopWorkbench_Formation/02_Assets/T_CardPortrait_Npc_TusiChief.png","daafe5511984b8a86a76f3d5a1267233aef29f812619a3d08ee93b96203ff516","61699"
"04_DesktopWorkbench_Formation/02_Assets/T_CardPortrait_Npc_YueBai.png","fef51b47e244718b02b3b7877b91cfb95a849d2784d163eedcf4019ef6bbcbfc","38520"
"04_DesktopWorkbench_Formation/02_Assets/T_CardPortrait_Npc_ZhouGuangZu.png","f40c785e25989525b809700a5439ca62234a36f255e612ea199997d7415c24e5","68399"
"04_DesktopWorkbench_Formation/02_Assets/T_CardPortrait_Role_Blade.png","bb4b729318b6ff06817a825bea2ee1d6aeddb08db3f60ad7c67088ca7e56c8a2","31249"
"04_DesktopWorkbench_Formation/02_Assets/T_CardPortrait_Role_FormationMaster.png","3d48c7b0e061d0db6e50a6b40aa8ab55b20c536473413713e3c8366765de95e0","42650"
"04_DesktopWorkbench_Formation/02_Assets/T_CardPortrait_Role_Guard.png","7752fe8da78b3eb1ead6dbd7af11a86a9491dfc6f83d039ca3d0f2f244f42566","54103"
"04_DesktopWorkbench_Formation/02_Assets/T_CardPortrait_Role_Healer.png","8845973acd8ee10c6acb5e635622f6ac220e5043ebf9d8e2dcf58fb5144e4651","53215"
"04_DesktopWorkbench_Formation/02_Assets/T_CardPortrait_Role_Hunter.png","f57689d0d86b6bbbd8f18d6f2fd6291c11551983afbdd2e2d9871319d285c6d1","36976"
"04_DesktopWorkbench_Formation/02_Assets/T_CardPortrait_Role_Sorcerer.png","7268a91ab6a3335f686208c07ebeed55884c9277564e9255dc5bfca0402c5607","37489"
"04_DesktopWorkbench_Formation/02_Assets/T_CardPortrait_Route_Boss.png","93da682f42bf1f779f95327bf650a849b9437529010eb26596a91734dc63feaf","56571"
"04_DesktopWorkbench_Formation/02_Assets/T_CardPortrait_Route_General.png","684117bbecaf42eff2a7fb296d49b15d550a69d312e128782c1ae41d2b5259d7","29893"
"04_DesktopWorkbench_Formation/02_Assets/T_CardPortrait_Route_Rare.png","762651fa93ff65b55f7b411e22336e023e715c8aafea229b5d83ba4f1590760a","36757"
"04_DesktopWorkbench_Formation/02_Assets/T_CardPortrait_Route_Terrain.png","761fbc77b21ef2d73319fc649f70ffa6c6f08fe50dde3ee27dcc87cd058187eb","32969"
"04_DesktopWorkbench_Formation/02_Assets/T_DesktopStoryQuestButton.png","f73390ec16d25ea97de393b2d82215ead6da084d5471f21614e5f884040e472b","105869"
"04_DesktopWorkbench_Formation/02_Assets/T_DesktopTownEnterButton.png","03bb05574f5c3b21f7b6a0424e92c7107e0ada81a4200e513a9b6ae14ff6324b","232520"
"04_DesktopWorkbench_Formation/02_Assets/T_Item_TrainingAdvancedChest.png","0b777499a702cc8655274c99cb336093bc727e570a634e2897fa7ddcd82cc85f","266963"
"04_DesktopWorkbench_Formation/02_Assets/T_Item_TrainingNormalChest.png","615a7562938ee60ab298d69786f18b0e4c8d974e0322724b2f9b06d734ac1a9a","250002"
"04_DesktopWorkbench_Formation/02_Assets/T_ItemHealingPowder.png","6287c91357e887cb1a3f0251d292062625f5c3e67df3bd38da19ac5ecd1900a5","133804"
"04_DesktopWorkbench_Formation/02_Assets/T_MasterV2_CloseInk.png","2a00ff652ba7d64b47ace99daf271082655713c56a4c81ec7954d68f4da41a1d","1653325"
"04_DesktopWorkbench_Formation/02_Assets/T_MasterV2_EquipmentSlot.png","6b109645bd413b7ca0422f05a50a7f2def16dacea6a0699c33fa2876ab02ef3a","18981"
"04_DesktopWorkbench_Formation/02_Assets/T_MasterV2_HeroFullBody.png","71ac36ccd4b695a7c719a3ce5c5f270ec43aedc6b19541981612fa64407bc0e4","183888"
"04_DesktopWorkbench_Formation/02_Assets/T_MasterV2_Ingot.png","09d31f9bb2edc1f9543100096bb9ba731cc6b61ac9d83cc5cbebe30354d1d81b","8646"
"04_DesktopWorkbench_Formation/02_Assets/T_MasterV2_ItemSlot.png","cdbdeb3101bcf3e4259f58f641d9f70913d0c6ca91870e8654b2b004e23db511","16367"
"04_DesktopWorkbench_Formation/02_Assets/T_MasterV2_PanelLarge.png","76b8fbd518edb62d2d6275a339e2b8bf1c5808c306e57779aaa5dd89ae9b5be8","1587863"
"04_DesktopWorkbench_Formation/02_Assets/T_MasterV2_PanelTall.png","8fc01ef2f05c43dc857251034b8f822084cebd070ae3f1565a36584ec24987e8","1327413"
"04_DesktopWorkbench_Formation/02_Assets/T_MasterV2_SquareSelected.png","0c1a97c69e326ba1fe6cc874105954f9821cc5aafd0f9a01da23a4e5f6673bf8","16183"
"04_DesktopWorkbench_Formation/02_Assets/T_TownPsd_HudSettings.png","0a9c8f16053cc71fbbac46cb2faf60f6e9319d2f14d7e857922c116337bfdedd","28304"
"04_DesktopWorkbench_Formation/02_Assets/T_TrainingHeroWalkLeft_1K.png","e8f7a96435bf86cde84ea7d490e8f129f808fa2991043edea6d337acaede9f55","857648"
"04_DesktopWorkbench_Formation/02_Assets/T_TrainingIdleStrip_Background.png","6d8ce160fe33743229de60be700332dc08516f16bc8fc861b938bfa4931c2d76","951593"
"04_DesktopWorkbench_Formation/02_Assets/T_TrainingNavFormation.png","8223ff6b47b1122e835ca0102755226dc6289b93df0ca28145d0238761663c46","556100"
"04_DesktopWorkbench_Formation/02_Assets/T_TrainingNavTalents.png","ab5da9dc2e86699f578d6db93191ee89484daaa6ce788c0315b1d8c229be7ddc","760373"
"04_DesktopWorkbench_Formation/02_Assets/T_TrainingNavTools.png","8ef865c112f93ba7b32d326449fc9b52cc851659e853725477e252cb3f50eb2c","1011538"
"04_DesktopWorkbench_Formation/02_Assets/T_TrainingNavTraining.png","2b0b7886f7d2db4ab915564b4adf9fb4d309dcf03efa688080b0e6eaf029839c","387562"
"04_DesktopWorkbench_Formation/02_Assets/T_TrainingNavWarehouse.png","773c5d2489f95149a6e4efac3913c9d9729c7884744eb60036bda665bf95b77a","563300"
"04_DesktopWorkbench_Formation/02_Assets/T_TrainingRetryButtonBase.png","a638762e2fb1cad25ab53450068f93058a50b8933cf2832ff3790d1c15bdaa42","93222"
"04_DesktopWorkbench_Formation/02_Assets/T_TrainingRetryIconEnabled.png","1c3d8df05827429a8372fc0a00dea8c77b7dbbd1237756bf951837bb3a0e028a","66729"
"04_DesktopWorkbench_Formation/02_Assets/T_TrainingTopToolbarAlwaysOnTop.png","5771a66ac2817ded1c2bafcfabdbaae5f3ffee7a5dddf40e8c2ef49504ec0dab","54990"
"04_DesktopWorkbench_Formation/02_Assets/T_TrainingWaveMarkerBoss.png","d04b89c3ae4e64647a9e507f7467a1609139fabe1850c0a360e94c1ba9a0c3f0","62985"
"04_DesktopWorkbench_Formation/02_Assets/T_TrainingWaveMarkerElite.png","a80ba4d411bbb14009ee49a4eb439ba89917a67212f0c0aa05b18899e7dd9860","55244"
"04_DesktopWorkbench_Formation/02_Assets/T_TrainingWaveMarkerNormal.png","3a87de247b54df1768c9d2a5c461ffd48c01108f107e635ba0d43893fa25f6ac","50027"
"04_DesktopWorkbench_Formation/03_Annotation_Guide/Guide_04_DesktopWorkbench_Formation.png","41c9d022a33ca1e5b622db858c5ac113a48e6a05b9d14f19a037b39f70515a06","964351"
"04_DesktopWorkbench_Formation/asset_manifest.csv","c3a1f27c61e24b62d67c6de0288d0320c274a2dd0cc8ed3540093f5c6b930ac0","22718"
"04_DesktopWorkbench_Formation/README_替换说明.md","65e8f686cf9dd4c22b66fbe01267ebb4b875a301d97c52c8039ffb5e8c68b6cf","511"
"05_DesktopWorkbench_Talents/01_Runtime_Screenshot/05_DesktopWorkbench_Talents_Runtime.png","681ca1766ed697366530c63cdb87f4d41248d530483729ce9f47124c8d1e0724","819772"
"05_DesktopWorkbench_Talents/02_Assets/003_tab_1.png","8a4ed73ebd89db27e0973175511ad76afb75adca753f823e8541e266582abebf","11076"
"05_DesktopWorkbench_Talents/02_Assets/004_tab_2.png","a2d639090a42ad7047b9460283fa623d5051485fef69eacf1926845db3f31407","12271"
"05_DesktopWorkbench_Talents/02_Assets/inventory_scrollbar_Button.png","4ea17522f842d14d18bca423f68f94392ba08d9a7eff424b35e71cb0b64526f7","7202"
"05_DesktopWorkbench_Talents/02_Assets/starter_accessory.png","d2c15b89314dd9962bd03c730f1734ebd59f81611774ed6b4909768f525833c0","167449"
"05_DesktopWorkbench_Talents/02_Assets/starter_armor.png","5ede44e670039dea9b93c8dc8b2da8eee272262aa6500adb4a7e1133f290b977","323442"
"05_DesktopWorkbench_Talents/02_Assets/starter_belt.png","15d8cfaba62e27f0232e08443f421b0bcf7ac2f9d635b481d82de8bcae09953c","265769"
"05_DesktopWorkbench_Talents/02_Assets/starter_head.png","43c41c979691a480326516442bab99d00724592832abc0db385506dbac337a81","241288"
"05_DesktopWorkbench_Talents/02_Assets/starter_shoes.png","3e64be85b0750cd72bfe8ca131a2c6a3a2ca3ccdc0650b3c18d7208e952918b4","321108"
"05_DesktopWorkbench_Talents/02_Assets/starter_weapon.png","7c62c0447822eaded9a0e7823448d7e24e83e5bd4a0dd71d18805f5c5ae9660c","131485"
"05_DesktopWorkbench_Talents/02_Assets/strengthening_stone.png","f88a845c087bc7fe311765f050b1c0f527bebf1db314460c833c192969afb3c7","287552"
"05_DesktopWorkbench_Talents/02_Assets/T_CardPortrait_Hero.png","d0cf7373dcf47783d9fda80a3654df001b73b0b437bc91d41f7de001e3745f60","38464"
"05_DesktopWorkbench_Talents/02_Assets/T_CardPortrait_Npc_TusiChief.png","daafe5511984b8a86a76f3d5a1267233aef29f812619a3d08ee93b96203ff516","61699"
"05_DesktopWorkbench_Talents/02_Assets/T_CardPortrait_Role_Blade.png","bb4b729318b6ff06817a825bea2ee1d6aeddb08db3f60ad7c67088ca7e56c8a2","31249"
"05_DesktopWorkbench_Talents/02_Assets/T_DesktopStoryQuestButton.png","f73390ec16d25ea97de393b2d82215ead6da084d5471f21614e5f884040e472b","105869"
"05_DesktopWorkbench_Talents/02_Assets/T_DesktopTownEnterButton.png","03bb05574f5c3b21f7b6a0424e92c7107e0ada81a4200e513a9b6ae14ff6324b","232520"
"05_DesktopWorkbench_Talents/02_Assets/T_Item_TrainingAdvancedChest.png","0b777499a702cc8655274c99cb336093bc727e570a634e2897fa7ddcd82cc85f","266963"
"05_DesktopWorkbench_Talents/02_Assets/T_Item_TrainingNormalChest.png","615a7562938ee60ab298d69786f18b0e4c8d974e0322724b2f9b06d734ac1a9a","250002"
"05_DesktopWorkbench_Talents/02_Assets/T_ItemHealingPowder.png","6287c91357e887cb1a3f0251d292062625f5c3e67df3bd38da19ac5ecd1900a5","133804"
"05_DesktopWorkbench_Talents/02_Assets/T_MasterV2_CloseInk.png","2a00ff652ba7d64b47ace99daf271082655713c56a4c81ec7954d68f4da41a1d","1653325"
"05_DesktopWorkbench_Talents/02_Assets/T_MasterV2_EquipmentSlot.png","6b109645bd413b7ca0422f05a50a7f2def16dacea6a0699c33fa2876ab02ef3a","18981"
"05_DesktopWorkbench_Talents/02_Assets/T_MasterV2_HeroFullBody.png","71ac36ccd4b695a7c719a3ce5c5f270ec43aedc6b19541981612fa64407bc0e4","183888"
"05_DesktopWorkbench_Talents/02_Assets/T_MasterV2_Ingot.png","09d31f9bb2edc1f9543100096bb9ba731cc6b61ac9d83cc5cbebe30354d1d81b","8646"
"05_DesktopWorkbench_Talents/02_Assets/T_MasterV2_ItemSlot.png","cdbdeb3101bcf3e4259f58f641d9f70913d0c6ca91870e8654b2b004e23db511","16367"
"05_DesktopWorkbench_Talents/02_Assets/T_MasterV2_PanelLarge.png","76b8fbd518edb62d2d6275a339e2b8bf1c5808c306e57779aaa5dd89ae9b5be8","1587863"
"05_DesktopWorkbench_Talents/02_Assets/T_MasterV2_SquareSelected.png","0c1a97c69e326ba1fe6cc874105954f9821cc5aafd0f9a01da23a4e5f6673bf8","16183"
"05_DesktopWorkbench_Talents/02_Assets/T_TalentFlat_Attack.png","f1fb83ad3ee1a551aa78148973d6cc2154fe6baf7fb00ef71eca383aee9909ad","101440"
"05_DesktopWorkbench_Talents/02_Assets/T_TalentFlat_Backpack.png","10ed4de5eb8aefea9517520719e9937e1b0d0d18e1ff1f0103f2cea09f761b29","218621"
"05_DesktopWorkbench_Talents/02_Assets/T_TalentFlat_Chest.png","783c1af0098680c22beb5cd18b79ffcb4896e7227199232a549a0521ca67b8d5","215329"
"05_DesktopWorkbench_Talents/02_Assets/T_TalentFlat_Critical.png","37741a9590984b6a5c32893760782a085f91c2121263630a746c8e9934d8ceb1","84882"
"05_DesktopWorkbench_Talents/02_Assets/T_TalentFlat_Defense.png","328b18236bba8be5806b138a5e6be28d78ba655f0ba393ee1e532c80e94ab2ff","182975"
"05_DesktopWorkbench_Talents/02_Assets/T_TalentFlat_Experience.png","eae220941d7d424dfaa6f37690519a1299943538472e7d278ea25145b77542ef","162884"
"05_DesktopWorkbench_Talents/02_Assets/T_TalentFlat_Gold.png","9f842055e836be44bc936cfbc4b5c02396b02f027f10ede841a92b1b9e42cc61","220295"
"05_DesktopWorkbench_Talents/02_Assets/T_TalentFlat_Health.png","c622320d2d62db95bd656b688bc9827725e9539f28e01ca623ee984581f05695","197336"
"05_DesktopWorkbench_Talents/02_Assets/T_TalentFlat_Movement.png","bb1772e6a111d69c3dbbe3902b2b7e310658e018345b67ef254a6922dbe14e26","147067"
"05_DesktopWorkbench_Talents/02_Assets/T_TalentFlat_Offline.png","c19d117bf99a3957d0454f05affe680201727e58d60ccb9b8cd1f89e86811257","144279"
"05_DesktopWorkbench_Talents/02_Assets/T_TalentFlat_Time.png","5dba66ac72bac80194490063f53fc6bbad82b0ba8d8e752d43927776092c13d6","158917"
"05_DesktopWorkbench_Talents/02_Assets/T_TownPsd_HudSettings.png","0a9c8f16053cc71fbbac46cb2faf60f6e9319d2f14d7e857922c116337bfdedd","28304"
"05_DesktopWorkbench_Talents/02_Assets/T_TrainingHeroWalkLeft_1K.png","e8f7a96435bf86cde84ea7d490e8f129f808fa2991043edea6d337acaede9f55","857648"
"05_DesktopWorkbench_Talents/02_Assets/T_TrainingIdleStrip_Background.png","6d8ce160fe33743229de60be700332dc08516f16bc8fc861b938bfa4931c2d76","951593"
"05_DesktopWorkbench_Talents/02_Assets/T_TrainingNavFormation.png","8223ff6b47b1122e835ca0102755226dc6289b93df0ca28145d0238761663c46","556100"
"05_DesktopWorkbench_Talents/02_Assets/T_TrainingNavTalents.png","ab5da9dc2e86699f578d6db93191ee89484daaa6ce788c0315b1d8c229be7ddc","760373"
"05_DesktopWorkbench_Talents/02_Assets/T_TrainingNavTools.png","8ef865c112f93ba7b32d326449fc9b52cc851659e853725477e252cb3f50eb2c","1011538"
"05_DesktopWorkbench_Talents/02_Assets/T_TrainingNavTraining.png","2b0b7886f7d2db4ab915564b4adf9fb4d309dcf03efa688080b0e6eaf029839c","387562"
"05_DesktopWorkbench_Talents/02_Assets/T_TrainingNavWarehouse.png","773c5d2489f95149a6e4efac3913c9d9729c7884744eb60036bda665bf95b77a","563300"
"05_DesktopWorkbench_Talents/02_Assets/T_TrainingRetryButtonBase.png","a638762e2fb1cad25ab53450068f93058a50b8933cf2832ff3790d1c15bdaa42","93222"
"05_DesktopWorkbench_Talents/02_Assets/T_TrainingRetryIconEnabled.png","1c3d8df05827429a8372fc0a00dea8c77b7dbbd1237756bf951837bb3a0e028a","66729"
"05_DesktopWorkbench_Talents/02_Assets/T_TrainingTopToolbarAlwaysOnTop.png","5771a66ac2817ded1c2bafcfabdbaae5f3ffee7a5dddf40e8c2ef49504ec0dab","54990"
"05_DesktopWorkbench_Talents/02_Assets/T_TrainingWaveMarkerBoss.png","d04b89c3ae4e64647a9e507f7467a1609139fabe1850c0a360e94c1ba9a0c3f0","62985"
"05_DesktopWorkbench_Talents/02_Assets/T_TrainingWaveMarkerElite.png","a80ba4d411bbb14009ee49a4eb439ba89917a67212f0c0aa05b18899e7dd9860","55244"
"05_DesktopWorkbench_Talents/02_Assets/T_TrainingWaveMarkerNormal.png","3a87de247b54df1768c9d2a5c461ffd48c01108f107e635ba0d43893fa25f6ac","50027"
"05_DesktopWorkbench_Talents/03_Annotation_Guide/Guide_05_DesktopWorkbench_Talents.png","6d34f56fe3631d7284e2cb61b10f5e190c7c05de520a45257289ae3e6c8e702c","755825"
"05_DesktopWorkbench_Talents/asset_manifest.csv","038fd52c8b2105868b3824f26dde707a83cca717c352b9f703ff607267a9ee9f","21082"
"05_DesktopWorkbench_Talents/README_替换说明.md","d7d0bc6942e632dca86ee3f5622b7e49ffdec446ca6cb8d21406f163077e5a59","509"
"06_DesktopWorkbench_Tools/01_Runtime_Screenshot/06_DesktopWorkbench_Tools_Runtime.png","4029c5821188f72de8e0e57362e18b92c2ccf916929d3b04ead6b918e91c3cc1","1415016"
"06_DesktopWorkbench_Tools/02_Assets/003_tab_1.png","8a4ed73ebd89db27e0973175511ad76afb75adca753f823e8541e266582abebf","11076"
"06_DesktopWorkbench_Tools/02_Assets/004_tab_2.png","a2d639090a42ad7047b9460283fa623d5051485fef69eacf1926845db3f31407","12271"
"06_DesktopWorkbench_Tools/02_Assets/inventory_scrollbar_Button.png","4ea17522f842d14d18bca423f68f94392ba08d9a7eff424b35e71cb0b64526f7","7202"
"06_DesktopWorkbench_Tools/02_Assets/starter_accessory.png","d2c15b89314dd9962bd03c730f1734ebd59f81611774ed6b4909768f525833c0","167449"
"06_DesktopWorkbench_Tools/02_Assets/starter_armor.png","5ede44e670039dea9b93c8dc8b2da8eee272262aa6500adb4a7e1133f290b977","323442"
"06_DesktopWorkbench_Tools/02_Assets/starter_belt.png","15d8cfaba62e27f0232e08443f421b0bcf7ac2f9d635b481d82de8bcae09953c","265769"
"06_DesktopWorkbench_Tools/02_Assets/starter_head.png","43c41c979691a480326516442bab99d00724592832abc0db385506dbac337a81","241288"
"06_DesktopWorkbench_Tools/02_Assets/starter_shoes.png","3e64be85b0750cd72bfe8ca131a2c6a3a2ca3ccdc0650b3c18d7208e952918b4","321108"
"06_DesktopWorkbench_Tools/02_Assets/starter_weapon.png","7c62c0447822eaded9a0e7823448d7e24e83e5bd4a0dd71d18805f5c5ae9660c","131485"
"06_DesktopWorkbench_Tools/02_Assets/strengthening_stone.png","f88a845c087bc7fe311765f050b1c0f527bebf1db314460c833c192969afb3c7","287552"
"06_DesktopWorkbench_Tools/02_Assets/T_CardPortrait_Hero.png","d0cf7373dcf47783d9fda80a3654df001b73b0b437bc91d41f7de001e3745f60","38464"
"06_DesktopWorkbench_Tools/02_Assets/T_CardPortrait_Npc_TusiChief.png","daafe5511984b8a86a76f3d5a1267233aef29f812619a3d08ee93b96203ff516","61699"
"06_DesktopWorkbench_Tools/02_Assets/T_CardPortrait_Role_Blade.png","bb4b729318b6ff06817a825bea2ee1d6aeddb08db3f60ad7c67088ca7e56c8a2","31249"
"06_DesktopWorkbench_Tools/02_Assets/T_DesktopStoryQuestButton.png","f73390ec16d25ea97de393b2d82215ead6da084d5471f21614e5f884040e472b","105869"
"06_DesktopWorkbench_Tools/02_Assets/T_DesktopTownEnterButton.png","03bb05574f5c3b21f7b6a0424e92c7107e0ada81a4200e513a9b6ae14ff6324b","232520"
"06_DesktopWorkbench_Tools/02_Assets/T_Item_TrainingAdvancedChest.png","0b777499a702cc8655274c99cb336093bc727e570a634e2897fa7ddcd82cc85f","266963"
"06_DesktopWorkbench_Tools/02_Assets/T_Item_TrainingNormalChest.png","615a7562938ee60ab298d69786f18b0e4c8d974e0322724b2f9b06d734ac1a9a","250002"
"06_DesktopWorkbench_Tools/02_Assets/T_ItemHealingPowder.png","6287c91357e887cb1a3f0251d292062625f5c3e67df3bd38da19ac5ecd1900a5","133804"
"06_DesktopWorkbench_Tools/02_Assets/T_MasterV2_CloseInk.png","2a00ff652ba7d64b47ace99daf271082655713c56a4c81ec7954d68f4da41a1d","1653325"
"06_DesktopWorkbench_Tools/02_Assets/T_MasterV2_EquipmentSlot.png","6b109645bd413b7ca0422f05a50a7f2def16dacea6a0699c33fa2876ab02ef3a","18981"
"06_DesktopWorkbench_Tools/02_Assets/T_MasterV2_HeroFullBody.png","71ac36ccd4b695a7c719a3ce5c5f270ec43aedc6b19541981612fa64407bc0e4","183888"
"06_DesktopWorkbench_Tools/02_Assets/T_MasterV2_Ingot.png","09d31f9bb2edc1f9543100096bb9ba731cc6b61ac9d83cc5cbebe30354d1d81b","8646"
"06_DesktopWorkbench_Tools/02_Assets/T_MasterV2_ItemSlot.png","cdbdeb3101bcf3e4259f58f641d9f70913d0c6ca91870e8654b2b004e23db511","16367"
"06_DesktopWorkbench_Tools/02_Assets/T_MasterV2_PanelLarge.png","76b8fbd518edb62d2d6275a339e2b8bf1c5808c306e57779aaa5dd89ae9b5be8","1587863"
"06_DesktopWorkbench_Tools/02_Assets/T_MasterV2_PanelTall.png","8fc01ef2f05c43dc857251034b8f822084cebd070ae3f1565a36584ec24987e8","1327413"
"06_DesktopWorkbench_Tools/02_Assets/T_MasterV2_SquareSelected.png","0c1a97c69e326ba1fe6cc874105954f9821cc5aafd0f9a01da23a4e5f6673bf8","16183"
"06_DesktopWorkbench_Tools/02_Assets/T_TownPsd_HudSettings.png","0a9c8f16053cc71fbbac46cb2faf60f6e9319d2f14d7e857922c116337bfdedd","28304"
"06_DesktopWorkbench_Tools/02_Assets/T_TrainingHeroWalkLeft_1K.png","e8f7a96435bf86cde84ea7d490e8f129f808fa2991043edea6d337acaede9f55","857648"
"06_DesktopWorkbench_Tools/02_Assets/T_TrainingIdleStrip_Background.png","6d8ce160fe33743229de60be700332dc08516f16bc8fc861b938bfa4931c2d76","951593"
"06_DesktopWorkbench_Tools/02_Assets/T_TrainingNavFormation.png","8223ff6b47b1122e835ca0102755226dc6289b93df0ca28145d0238761663c46","556100"
"06_DesktopWorkbench_Tools/02_Assets/T_TrainingNavTalents.png","ab5da9dc2e86699f578d6db93191ee89484daaa6ce788c0315b1d8c229be7ddc","760373"
"06_DesktopWorkbench_Tools/02_Assets/T_TrainingNavTools.png","8ef865c112f93ba7b32d326449fc9b52cc851659e853725477e252cb3f50eb2c","1011538"
"06_DesktopWorkbench_Tools/02_Assets/T_TrainingNavTraining.png","2b0b7886f7d2db4ab915564b4adf9fb4d309dcf03efa688080b0e6eaf029839c","387562"
"06_DesktopWorkbench_Tools/02_Assets/T_TrainingNavWarehouse.png","773c5d2489f95149a6e4efac3913c9d9729c7884744eb60036bda665bf95b77a","563300"
"06_DesktopWorkbench_Tools/02_Assets/T_TrainingRetryButtonBase.png","a638762e2fb1cad25ab53450068f93058a50b8933cf2832ff3790d1c15bdaa42","93222"
"06_DesktopWorkbench_Tools/02_Assets/T_TrainingRetryIconEnabled.png","1c3d8df05827429a8372fc0a00dea8c77b7dbbd1237756bf951837bb3a0e028a","66729"
"06_DesktopWorkbench_Tools/02_Assets/T_TrainingTopToolbarAlwaysOnTop.png","5771a66ac2817ded1c2bafcfabdbaae5f3ffee7a5dddf40e8c2ef49504ec0dab","54990"
"06_DesktopWorkbench_Tools/02_Assets/T_TrainingWaveMarkerBoss.png","d04b89c3ae4e64647a9e507f7467a1609139fabe1850c0a360e94c1ba9a0c3f0","62985"
"06_DesktopWorkbench_Tools/02_Assets/T_TrainingWaveMarkerElite.png","a80ba4d411bbb14009ee49a4eb439ba89917a67212f0c0aa05b18899e7dd9860","55244"
"06_DesktopWorkbench_Tools/02_Assets/T_TrainingWaveMarkerNormal.png","3a87de247b54df1768c9d2a5c461ffd48c01108f107e635ba0d43893fa25f6ac","50027"
"06_DesktopWorkbench_Tools/03_Annotation_Guide/Guide_06_DesktopWorkbench_Tools.png","9788bfef77f962307ac23fae6c0e69828067e0578b6558188ce79179442c88f2","1212791"
"06_DesktopWorkbench_Tools/asset_manifest.csv","c088b926970b3089a03b5af58276652f1728b820b9b63fb945b2fd30f1fe26ef","17056"
"06_DesktopWorkbench_Tools/README_替换说明.md","d6aeb5e97725bdcfdf9775ae7f8e58c01a5f73cefa68f284bcfa8c94ca2612c2","507"
"07_DesktopWorkbench_TrainingMap/01_Runtime_Screenshot/07_DesktopWorkbench_TrainingMap_Runtime.png","2dc1c228427fe8666c7ab2eee8ecf0014ba6fcca31de1d66df5f0a4c19f5b1dc","1401399"
"07_DesktopWorkbench_TrainingMap/02_Assets/003_tab_1.png","8a4ed73ebd89db27e0973175511ad76afb75adca753f823e8541e266582abebf","11076"
"07_DesktopWorkbench_TrainingMap/02_Assets/004_tab_2.png","a2d639090a42ad7047b9460283fa623d5051485fef69eacf1926845db3f31407","12271"
"07_DesktopWorkbench_TrainingMap/02_Assets/inventory_scrollbar_Button.png","4ea17522f842d14d18bca423f68f94392ba08d9a7eff424b35e71cb0b64526f7","7202"
"07_DesktopWorkbench_TrainingMap/02_Assets/starter_accessory.png","d2c15b89314dd9962bd03c730f1734ebd59f81611774ed6b4909768f525833c0","167449"
"07_DesktopWorkbench_TrainingMap/02_Assets/starter_armor.png","5ede44e670039dea9b93c8dc8b2da8eee272262aa6500adb4a7e1133f290b977","323442"
"07_DesktopWorkbench_TrainingMap/02_Assets/starter_belt.png","15d8cfaba62e27f0232e08443f421b0bcf7ac2f9d635b481d82de8bcae09953c","265769"
"07_DesktopWorkbench_TrainingMap/02_Assets/starter_head.png","43c41c979691a480326516442bab99d00724592832abc0db385506dbac337a81","241288"
"07_DesktopWorkbench_TrainingMap/02_Assets/starter_shoes.png","3e64be85b0750cd72bfe8ca131a2c6a3a2ca3ccdc0650b3c18d7208e952918b4","321108"
"07_DesktopWorkbench_TrainingMap/02_Assets/starter_weapon.png","7c62c0447822eaded9a0e7823448d7e24e83e5bd4a0dd71d18805f5c5ae9660c","131485"
"07_DesktopWorkbench_TrainingMap/02_Assets/strengthening_stone.png","f88a845c087bc7fe311765f050b1c0f527bebf1db314460c833c192969afb3c7","287552"
"07_DesktopWorkbench_TrainingMap/02_Assets/T_CardPortrait_Hero.png","d0cf7373dcf47783d9fda80a3654df001b73b0b437bc91d41f7de001e3745f60","38464"
"07_DesktopWorkbench_TrainingMap/02_Assets/T_CardPortrait_Npc_TusiChief.png","daafe5511984b8a86a76f3d5a1267233aef29f812619a3d08ee93b96203ff516","61699"
"07_DesktopWorkbench_TrainingMap/02_Assets/T_CardPortrait_Role_Blade.png","bb4b729318b6ff06817a825bea2ee1d6aeddb08db3f60ad7c67088ca7e56c8a2","31249"
"07_DesktopWorkbench_TrainingMap/02_Assets/T_DesktopStoryQuestButton.png","f73390ec16d25ea97de393b2d82215ead6da084d5471f21614e5f884040e472b","105869"
"07_DesktopWorkbench_TrainingMap/02_Assets/T_DesktopTownEnterButton.png","03bb05574f5c3b21f7b6a0424e92c7107e0ada81a4200e513a9b6ae14ff6324b","232520"
"07_DesktopWorkbench_TrainingMap/02_Assets/T_Item_TrainingAdvancedChest.png","0b777499a702cc8655274c99cb336093bc727e570a634e2897fa7ddcd82cc85f","266963"
"07_DesktopWorkbench_TrainingMap/02_Assets/T_Item_TrainingNormalChest.png","615a7562938ee60ab298d69786f18b0e4c8d974e0322724b2f9b06d734ac1a9a","250002"
"07_DesktopWorkbench_TrainingMap/02_Assets/T_ItemHealingPowder.png","6287c91357e887cb1a3f0251d292062625f5c3e67df3bd38da19ac5ecd1900a5","133804"
"07_DesktopWorkbench_TrainingMap/02_Assets/T_MasterV2_CloseInk.png","2a00ff652ba7d64b47ace99daf271082655713c56a4c81ec7954d68f4da41a1d","1653325"
"07_DesktopWorkbench_TrainingMap/02_Assets/T_MasterV2_EquipmentSlot.png","6b109645bd413b7ca0422f05a50a7f2def16dacea6a0699c33fa2876ab02ef3a","18981"
"07_DesktopWorkbench_TrainingMap/02_Assets/T_MasterV2_HeroFullBody.png","71ac36ccd4b695a7c719a3ce5c5f270ec43aedc6b19541981612fa64407bc0e4","183888"
"07_DesktopWorkbench_TrainingMap/02_Assets/T_MasterV2_Ingot.png","09d31f9bb2edc1f9543100096bb9ba731cc6b61ac9d83cc5cbebe30354d1d81b","8646"
"07_DesktopWorkbench_TrainingMap/02_Assets/T_MasterV2_ItemSlot.png","cdbdeb3101bcf3e4259f58f641d9f70913d0c6ca91870e8654b2b004e23db511","16367"
"07_DesktopWorkbench_TrainingMap/02_Assets/T_MasterV2_PanelLarge.png","76b8fbd518edb62d2d6275a339e2b8bf1c5808c306e57779aaa5dd89ae9b5be8","1587863"
"07_DesktopWorkbench_TrainingMap/02_Assets/T_MasterV2_PanelTall.png","8fc01ef2f05c43dc857251034b8f822084cebd070ae3f1565a36584ec24987e8","1327413"
"07_DesktopWorkbench_TrainingMap/02_Assets/T_TownPsd_HudSettings.png","0a9c8f16053cc71fbbac46cb2faf60f6e9319d2f14d7e857922c116337bfdedd","28304"
"07_DesktopWorkbench_TrainingMap/02_Assets/T_TrainingHeroWalkLeft_1K.png","e8f7a96435bf86cde84ea7d490e8f129f808fa2991043edea6d337acaede9f55","857648"
"07_DesktopWorkbench_TrainingMap/02_Assets/T_TrainingIdleStrip_Background.png","6d8ce160fe33743229de60be700332dc08516f16bc8fc861b938bfa4931c2d76","951593"
"07_DesktopWorkbench_TrainingMap/02_Assets/T_TrainingNavFormation.png","8223ff6b47b1122e835ca0102755226dc6289b93df0ca28145d0238761663c46","556100"
"07_DesktopWorkbench_TrainingMap/02_Assets/T_TrainingNavTalents.png","ab5da9dc2e86699f578d6db93191ee89484daaa6ce788c0315b1d8c229be7ddc","760373"
"07_DesktopWorkbench_TrainingMap/02_Assets/T_TrainingNavTools.png","8ef865c112f93ba7b32d326449fc9b52cc851659e853725477e252cb3f50eb2c","1011538"
"07_DesktopWorkbench_TrainingMap/02_Assets/T_TrainingNavTraining.png","2b0b7886f7d2db4ab915564b4adf9fb4d309dcf03efa688080b0e6eaf029839c","387562"
"07_DesktopWorkbench_TrainingMap/02_Assets/T_TrainingNavWarehouse.png","773c5d2489f95149a6e4efac3913c9d9729c7884744eb60036bda665bf95b77a","563300"
"07_DesktopWorkbench_TrainingMap/02_Assets/T_TrainingNode_Challenge.png","107f271a18c99f228b761fa358050dad387ffdef8e346fdf9e35c8d9fb42ab31","190980"
"07_DesktopWorkbench_TrainingMap/02_Assets/T_TrainingNode_Locked.png","cc3b6bac56c7ac732e1102d3f320e4031072788a7bbf29bbc11c60e96443b695","204832"
"07_DesktopWorkbench_TrainingMap/02_Assets/T_TrainingNode_Passed.png","3722726ab24bb2ca18acd2fb6ce4e59bb16ebfbb53d03f4159f76b5f66fd1a48","180374"
"07_DesktopWorkbench_TrainingMap/02_Assets/T_TrainingRetryButtonBase.png","a638762e2fb1cad25ab53450068f93058a50b8933cf2832ff3790d1c15bdaa42","93222"
"07_DesktopWorkbench_TrainingMap/02_Assets/T_TrainingRetryIconEnabled.png","1c3d8df05827429a8372fc0a00dea8c77b7dbbd1237756bf951837bb3a0e028a","66729"
"07_DesktopWorkbench_TrainingMap/02_Assets/T_TrainingTopToolbarAlwaysOnTop.png","5771a66ac2817ded1c2bafcfabdbaae5f3ffee7a5dddf40e8c2ef49504ec0dab","54990"
"07_DesktopWorkbench_TrainingMap/02_Assets/T_TrainingWaveMarkerBoss.png","d04b89c3ae4e64647a9e507f7467a1609139fabe1850c0a360e94c1ba9a0c3f0","62985"
"07_DesktopWorkbench_TrainingMap/02_Assets/T_TrainingWaveMarkerElite.png","a80ba4d411bbb14009ee49a4eb439ba89917a67212f0c0aa05b18899e7dd9860","55244"
"07_DesktopWorkbench_TrainingMap/02_Assets/T_TrainingWaveMarkerNormal.png","3a87de247b54df1768c9d2a5c461ffd48c01108f107e635ba0d43893fa25f6ac","50027"
"07_DesktopWorkbench_TrainingMap/03_Annotation_Guide/Guide_07_DesktopWorkbench_TrainingMap.png","c444636f067f05668d5a4c0b406f99f8144590e2d6fc515495719d0f3119816e","1198139"
"07_DesktopWorkbench_TrainingMap/asset_manifest.csv","f24c20313e61a0ea7b42a6ffd5339d92fad9a4c69efbf41980aa9315ad91fdfb","18127"
"07_DesktopWorkbench_TrainingMap/README_替换说明.md","5b53430e7a6ba20ec1215e6299089c4481810cf4484f95069bb3744bba2dbef2","513"
"08_DesktopWorkbench_Settings/01_Runtime_Screenshot/08_DesktopWorkbench_Settings_Runtime.png","2573c096112ea952876d394f6c2f8bc03cf3c0ad246967adbfb6fb08346e6f52","1055403"
"08_DesktopWorkbench_Settings/02_Assets/003_tab_1.png","8a4ed73ebd89db27e0973175511ad76afb75adca753f823e8541e266582abebf","11076"
"08_DesktopWorkbench_Settings/02_Assets/004_tab_2.png","a2d639090a42ad7047b9460283fa623d5051485fef69eacf1926845db3f31407","12271"
"08_DesktopWorkbench_Settings/02_Assets/inventory_scrollbar_Button.png","4ea17522f842d14d18bca423f68f94392ba08d9a7eff424b35e71cb0b64526f7","7202"
"08_DesktopWorkbench_Settings/02_Assets/starter_accessory.png","d2c15b89314dd9962bd03c730f1734ebd59f81611774ed6b4909768f525833c0","167449"
"08_DesktopWorkbench_Settings/02_Assets/starter_armor.png","5ede44e670039dea9b93c8dc8b2da8eee272262aa6500adb4a7e1133f290b977","323442"
"08_DesktopWorkbench_Settings/02_Assets/starter_belt.png","15d8cfaba62e27f0232e08443f421b0bcf7ac2f9d635b481d82de8bcae09953c","265769"
"08_DesktopWorkbench_Settings/02_Assets/starter_head.png","43c41c979691a480326516442bab99d00724592832abc0db385506dbac337a81","241288"
"08_DesktopWorkbench_Settings/02_Assets/starter_shoes.png","3e64be85b0750cd72bfe8ca131a2c6a3a2ca3ccdc0650b3c18d7208e952918b4","321108"
"08_DesktopWorkbench_Settings/02_Assets/starter_weapon.png","7c62c0447822eaded9a0e7823448d7e24e83e5bd4a0dd71d18805f5c5ae9660c","131485"
"08_DesktopWorkbench_Settings/02_Assets/strengthening_stone.png","f88a845c087bc7fe311765f050b1c0f527bebf1db314460c833c192969afb3c7","287552"
"08_DesktopWorkbench_Settings/02_Assets/T_CardPortrait_Hero.png","d0cf7373dcf47783d9fda80a3654df001b73b0b437bc91d41f7de001e3745f60","38464"
"08_DesktopWorkbench_Settings/02_Assets/T_CardPortrait_Npc_TusiChief.png","daafe5511984b8a86a76f3d5a1267233aef29f812619a3d08ee93b96203ff516","61699"
"08_DesktopWorkbench_Settings/02_Assets/T_CardPortrait_Role_Blade.png","bb4b729318b6ff06817a825bea2ee1d6aeddb08db3f60ad7c67088ca7e56c8a2","31249"
"08_DesktopWorkbench_Settings/02_Assets/T_DesktopStoryQuestButton.png","f73390ec16d25ea97de393b2d82215ead6da084d5471f21614e5f884040e472b","105869"
"08_DesktopWorkbench_Settings/02_Assets/T_DesktopTownEnterButton.png","03bb05574f5c3b21f7b6a0424e92c7107e0ada81a4200e513a9b6ae14ff6324b","232520"
"08_DesktopWorkbench_Settings/02_Assets/T_Item_TrainingAdvancedChest.png","0b777499a702cc8655274c99cb336093bc727e570a634e2897fa7ddcd82cc85f","266963"
"08_DesktopWorkbench_Settings/02_Assets/T_Item_TrainingNormalChest.png","615a7562938ee60ab298d69786f18b0e4c8d974e0322724b2f9b06d734ac1a9a","250002"
"08_DesktopWorkbench_Settings/02_Assets/T_ItemHealingPowder.png","6287c91357e887cb1a3f0251d292062625f5c3e67df3bd38da19ac5ecd1900a5","133804"
"08_DesktopWorkbench_Settings/02_Assets/T_MasterV2_CloseInk.png","2a00ff652ba7d64b47ace99daf271082655713c56a4c81ec7954d68f4da41a1d","1653325"
"08_DesktopWorkbench_Settings/02_Assets/T_MasterV2_EquipmentSlot.png","6b109645bd413b7ca0422f05a50a7f2def16dacea6a0699c33fa2876ab02ef3a","18981"
"08_DesktopWorkbench_Settings/02_Assets/T_MasterV2_HeroFullBody.png","71ac36ccd4b695a7c719a3ce5c5f270ec43aedc6b19541981612fa64407bc0e4","183888"
"08_DesktopWorkbench_Settings/02_Assets/T_MasterV2_Ingot.png","09d31f9bb2edc1f9543100096bb9ba731cc6b61ac9d83cc5cbebe30354d1d81b","8646"
"08_DesktopWorkbench_Settings/02_Assets/T_MasterV2_ItemSlot.png","cdbdeb3101bcf3e4259f58f641d9f70913d0c6ca91870e8654b2b004e23db511","16367"
"08_DesktopWorkbench_Settings/02_Assets/T_MasterV2_PanelLarge.png","76b8fbd518edb62d2d6275a339e2b8bf1c5808c306e57779aaa5dd89ae9b5be8","1587863"
"08_DesktopWorkbench_Settings/02_Assets/T_TownPsd_HudSettings.png","0a9c8f16053cc71fbbac46cb2faf60f6e9319d2f14d7e857922c116337bfdedd","28304"
"08_DesktopWorkbench_Settings/02_Assets/T_TrainingHeroWalkLeft_1K.png","e8f7a96435bf86cde84ea7d490e8f129f808fa2991043edea6d337acaede9f55","857648"
"08_DesktopWorkbench_Settings/02_Assets/T_TrainingIdleStrip_Background.png","6d8ce160fe33743229de60be700332dc08516f16bc8fc861b938bfa4931c2d76","951593"
"08_DesktopWorkbench_Settings/02_Assets/T_TrainingNavFormation.png","8223ff6b47b1122e835ca0102755226dc6289b93df0ca28145d0238761663c46","556100"
"08_DesktopWorkbench_Settings/02_Assets/T_TrainingNavTalents.png","ab5da9dc2e86699f578d6db93191ee89484daaa6ce788c0315b1d8c229be7ddc","760373"
"08_DesktopWorkbench_Settings/02_Assets/T_TrainingNavTools.png","8ef865c112f93ba7b32d326449fc9b52cc851659e853725477e252cb3f50eb2c","1011538"
"08_DesktopWorkbench_Settings/02_Assets/T_TrainingNavTraining.png","2b0b7886f7d2db4ab915564b4adf9fb4d309dcf03efa688080b0e6eaf029839c","387562"
"08_DesktopWorkbench_Settings/02_Assets/T_TrainingNavWarehouse.png","773c5d2489f95149a6e4efac3913c9d9729c7884744eb60036bda665bf95b77a","563300"
"08_DesktopWorkbench_Settings/02_Assets/T_TrainingRetryButtonBase.png","a638762e2fb1cad25ab53450068f93058a50b8933cf2832ff3790d1c15bdaa42","93222"
"08_DesktopWorkbench_Settings/02_Assets/T_TrainingRetryIconEnabled.png","1c3d8df05827429a8372fc0a00dea8c77b7dbbd1237756bf951837bb3a0e028a","66729"
"08_DesktopWorkbench_Settings/02_Assets/T_TrainingTopToolbarAlwaysOnTop.png","5771a66ac2817ded1c2bafcfabdbaae5f3ffee7a5dddf40e8c2ef49504ec0dab","54990"
"08_DesktopWorkbench_Settings/02_Assets/T_TrainingWaveMarkerBoss.png","d04b89c3ae4e64647a9e507f7467a1609139fabe1850c0a360e94c1ba9a0c3f0","62985"
"08_DesktopWorkbench_Settings/02_Assets/T_TrainingWaveMarkerElite.png","a80ba4d411bbb14009ee49a4eb439ba89917a67212f0c0aa05b18899e7dd9860","55244"
"08_DesktopWorkbench_Settings/02_Assets/T_TrainingWaveMarkerNormal.png","3a87de247b54df1768c9d2a5c461ffd48c01108f107e635ba0d43893fa25f6ac","50027"
"08_DesktopWorkbench_Settings/03_Annotation_Guide/Guide_08_DesktopWorkbench_Settings.png","4d60e35f360a2e53e0290fd171fd3b59102f39bd10e36864021815e72d5599c7","948583"
"08_DesktopWorkbench_Settings/asset_manifest.csv","c6e09d45e198fcdefcf89f0836c51e6ccda89355aff12aeb9356b6b7e28df68b","16237"
"08_DesktopWorkbench_Settings/README_替换说明.md","6dadb4003fb085c6799c3cc30af0a18d623997c31ae9d5c7dbad1f7f67bd9027","510"
"09_DesktopWorkbench_ExitConfirm/01_Runtime_Screenshot/09_DesktopWorkbench_ExitConfirm_Runtime.png","c7dfd7019174276e31f7d9833e3ea291613c6d423d4d2f1f54f871107982b96e","953257"
"09_DesktopWorkbench_ExitConfirm/02_Assets/003_tab_1.png","8a4ed73ebd89db27e0973175511ad76afb75adca753f823e8541e266582abebf","11076"
"09_DesktopWorkbench_ExitConfirm/02_Assets/004_tab_2.png","a2d639090a42ad7047b9460283fa623d5051485fef69eacf1926845db3f31407","12271"
"09_DesktopWorkbench_ExitConfirm/02_Assets/inventory_scrollbar_Button.png","4ea17522f842d14d18bca423f68f94392ba08d9a7eff424b35e71cb0b64526f7","7202"
"09_DesktopWorkbench_ExitConfirm/02_Assets/starter_accessory.png","d2c15b89314dd9962bd03c730f1734ebd59f81611774ed6b4909768f525833c0","167449"
"09_DesktopWorkbench_ExitConfirm/02_Assets/starter_armor.png","5ede44e670039dea9b93c8dc8b2da8eee272262aa6500adb4a7e1133f290b977","323442"
"09_DesktopWorkbench_ExitConfirm/02_Assets/starter_belt.png","15d8cfaba62e27f0232e08443f421b0bcf7ac2f9d635b481d82de8bcae09953c","265769"
"09_DesktopWorkbench_ExitConfirm/02_Assets/starter_head.png","43c41c979691a480326516442bab99d00724592832abc0db385506dbac337a81","241288"
"09_DesktopWorkbench_ExitConfirm/02_Assets/starter_shoes.png","3e64be85b0750cd72bfe8ca131a2c6a3a2ca3ccdc0650b3c18d7208e952918b4","321108"
"09_DesktopWorkbench_ExitConfirm/02_Assets/starter_weapon.png","7c62c0447822eaded9a0e7823448d7e24e83e5bd4a0dd71d18805f5c5ae9660c","131485"
"09_DesktopWorkbench_ExitConfirm/02_Assets/strengthening_stone.png","f88a845c087bc7fe311765f050b1c0f527bebf1db314460c833c192969afb3c7","287552"
"09_DesktopWorkbench_ExitConfirm/02_Assets/T_CardPortrait_Hero.png","d0cf7373dcf47783d9fda80a3654df001b73b0b437bc91d41f7de001e3745f60","38464"
"09_DesktopWorkbench_ExitConfirm/02_Assets/T_CardPortrait_Npc_TusiChief.png","daafe5511984b8a86a76f3d5a1267233aef29f812619a3d08ee93b96203ff516","61699"
"09_DesktopWorkbench_ExitConfirm/02_Assets/T_CardPortrait_Role_Blade.png","bb4b729318b6ff06817a825bea2ee1d6aeddb08db3f60ad7c67088ca7e56c8a2","31249"
"09_DesktopWorkbench_ExitConfirm/02_Assets/T_DesktopStoryQuestButton.png","f73390ec16d25ea97de393b2d82215ead6da084d5471f21614e5f884040e472b","105869"
"09_DesktopWorkbench_ExitConfirm/02_Assets/T_DesktopTownEnterButton.png","03bb05574f5c3b21f7b6a0424e92c7107e0ada81a4200e513a9b6ae14ff6324b","232520"
"09_DesktopWorkbench_ExitConfirm/02_Assets/T_Item_TrainingAdvancedChest.png","0b777499a702cc8655274c99cb336093bc727e570a634e2897fa7ddcd82cc85f","266963"
"09_DesktopWorkbench_ExitConfirm/02_Assets/T_Item_TrainingNormalChest.png","615a7562938ee60ab298d69786f18b0e4c8d974e0322724b2f9b06d734ac1a9a","250002"
"09_DesktopWorkbench_ExitConfirm/02_Assets/T_ItemHealingPowder.png","6287c91357e887cb1a3f0251d292062625f5c3e67df3bd38da19ac5ecd1900a5","133804"
"09_DesktopWorkbench_ExitConfirm/02_Assets/T_MasterV2_CloseInk.png","2a00ff652ba7d64b47ace99daf271082655713c56a4c81ec7954d68f4da41a1d","1653325"
"09_DesktopWorkbench_ExitConfirm/02_Assets/T_MasterV2_EquipmentSlot.png","6b109645bd413b7ca0422f05a50a7f2def16dacea6a0699c33fa2876ab02ef3a","18981"
"09_DesktopWorkbench_ExitConfirm/02_Assets/T_MasterV2_HeroFullBody.png","71ac36ccd4b695a7c719a3ce5c5f270ec43aedc6b19541981612fa64407bc0e4","183888"
"09_DesktopWorkbench_ExitConfirm/02_Assets/T_MasterV2_Ingot.png","09d31f9bb2edc1f9543100096bb9ba731cc6b61ac9d83cc5cbebe30354d1d81b","8646"
"09_DesktopWorkbench_ExitConfirm/02_Assets/T_MasterV2_ItemSlot.png","cdbdeb3101bcf3e4259f58f641d9f70913d0c6ca91870e8654b2b004e23db511","16367"
"09_DesktopWorkbench_ExitConfirm/02_Assets/T_MasterV2_PanelLarge.png","76b8fbd518edb62d2d6275a339e2b8bf1c5808c306e57779aaa5dd89ae9b5be8","1587863"
"09_DesktopWorkbench_ExitConfirm/02_Assets/T_TownPsd_HudSettings.png","0a9c8f16053cc71fbbac46cb2faf60f6e9319d2f14d7e857922c116337bfdedd","28304"
"09_DesktopWorkbench_ExitConfirm/02_Assets/T_TrainingHeroWalkLeft_1K.png","e8f7a96435bf86cde84ea7d490e8f129f808fa2991043edea6d337acaede9f55","857648"
"09_DesktopWorkbench_ExitConfirm/02_Assets/T_TrainingIdleStrip_Background.png","6d8ce160fe33743229de60be700332dc08516f16bc8fc861b938bfa4931c2d76","951593"
"09_DesktopWorkbench_ExitConfirm/02_Assets/T_TrainingNavFormation.png","8223ff6b47b1122e835ca0102755226dc6289b93df0ca28145d0238761663c46","556100"
"09_DesktopWorkbench_ExitConfirm/02_Assets/T_TrainingNavTalents.png","ab5da9dc2e86699f578d6db93191ee89484daaa6ce788c0315b1d8c229be7ddc","760373"
"09_DesktopWorkbench_ExitConfirm/02_Assets/T_TrainingNavTools.png","8ef865c112f93ba7b32d326449fc9b52cc851659e853725477e252cb3f50eb2c","1011538"
"09_DesktopWorkbench_ExitConfirm/02_Assets/T_TrainingNavTraining.png","2b0b7886f7d2db4ab915564b4adf9fb4d309dcf03efa688080b0e6eaf029839c","387562"
"09_DesktopWorkbench_ExitConfirm/02_Assets/T_TrainingNavWarehouse.png","773c5d2489f95149a6e4efac3913c9d9729c7884744eb60036bda665bf95b77a","563300"
"09_DesktopWorkbench_ExitConfirm/02_Assets/T_TrainingRetryButtonBase.png","a638762e2fb1cad25ab53450068f93058a50b8933cf2832ff3790d1c15bdaa42","93222"
"09_DesktopWorkbench_ExitConfirm/02_Assets/T_TrainingRetryIconEnabled.png","1c3d8df05827429a8372fc0a00dea8c77b7dbbd1237756bf951837bb3a0e028a","66729"
"09_DesktopWorkbench_ExitConfirm/02_Assets/T_TrainingTopToolbarAlwaysOnTop.png","5771a66ac2817ded1c2bafcfabdbaae5f3ffee7a5dddf40e8c2ef49504ec0dab","54990"
"09_DesktopWorkbench_ExitConfirm/02_Assets/T_TrainingWaveMarkerBoss.png","d04b89c3ae4e64647a9e507f7467a1609139fabe1850c0a360e94c1ba9a0c3f0","62985"
"09_DesktopWorkbench_ExitConfirm/02_Assets/T_TrainingWaveMarkerElite.png","a80ba4d411bbb14009ee49a4eb439ba89917a67212f0c0aa05b18899e7dd9860","55244"
"09_DesktopWorkbench_ExitConfirm/02_Assets/T_TrainingWaveMarkerNormal.png","3a87de247b54df1768c9d2a5c461ffd48c01108f107e635ba0d43893fa25f6ac","50027"
"09_DesktopWorkbench_ExitConfirm/03_Annotation_Guide/Guide_09_DesktopWorkbench_ExitConfirm.png","3583c0025e5be3dffc8276c267ce746cd6a48b1ff6a9a4218f471110e8365ab7","857561"
"09_DesktopWorkbench_ExitConfirm/asset_manifest.csv","73d53f6d7bb3c4c06af517e7d4b719ce7b9e0755cac263795e0ef40bb8abe1df","16354"
"09_DesktopWorkbench_ExitConfirm/README_替换说明.md","1523722d654fae1e99717db210ce6eb84a868d4c7f0cf286784e5748ee676771","513"
"10_ChallengeRouteMap/01_Runtime_Screenshot/ChallengeRouteMap_Runtime.png","618fcb24466d97d27a759435f3c42c90b33b0d46508c8733b46215e27ef6f5b5","557873"
"10_ChallengeRouteMap/02_Assets/宝箱.png","35a62efa5f4eafa7f4e561e03e1d9a063795988295f5f112f47ebbcb60ead224","84162"
"10_ChallengeRouteMap/02_Assets/宝箱1.png","693711bd98a1a9591d3098909003d75fdee03e4474ebae82e2254bb1aafc79f8","89800"
"10_ChallengeRouteMap/02_Assets/宝箱灰色.png","5fbc5682ffe50db1ba0de22c38e35790772bd5b595f534f08e4c6489db4291b0","17025"
"10_ChallengeRouteMap/02_Assets/勾选框.png","31aae5a5e9a5beb2e0d623561ae313b0f7225d3316af1c969ac35bda9e7c41db","137737"
"10_ChallengeRouteMap/02_Assets/篝火.png","0259212971e38356587d8ac24b9c2aa6d18760c73dd291c04715df2a8e5bbf01","128376"
"10_ChallengeRouteMap/02_Assets/篝火1.png","5308b0e0568c73f68bd6c6ed4e6a2fb9c2dc54e6abd22b6a06438005f6185617","114936"
"10_ChallengeRouteMap/02_Assets/篝火灰色.png","9695a9eee6b0be178eeafd6836c0ea6a101848daeb451e5d192c4c66345e77e7","34078"
"10_ChallengeRouteMap/02_Assets/脚印.png","c79cb9e97a7c32953e223daaeaa30dd1832924d92f6abe4c07875f21a7b652f6","23570"
"10_ChallengeRouteMap/02_Assets/精英怪.png","9e6b3341989a02e513e73d1f73e9fb0bac3f0cf46360a5091d1fed196ea4d960","116200"
"10_ChallengeRouteMap/02_Assets/精英怪1.png","9f94a2cf722eba1f0684f252e504b3302c3dffa1acecbef591e67cfb5cca95d1","86536"
"10_ChallengeRouteMap/02_Assets/精英怪灰色.png","048efc593d2c22261678857b4f8b242df3d58f4b4ba7cab11c5fb81c697a8d2d","37095"
"10_ChallengeRouteMap/02_Assets/灵魂数量.png","c73afa3c17b17ae31bb3a29bbe7ae46e78221ef9165d9d878beb8c0d09532d94","122813"
"10_ChallengeRouteMap/02_Assets/钱.png","a79b4add9c4cf706995169f7302fc11eeb17eca3f87933047d8f0c2b950fbee9","65917"
"10_ChallengeRouteMap/02_Assets/钱1.png","9aa245d4f52ca827127d5f4d3f0d57d516d70af1677953abaa889f602ccf50fb","70474"
"10_ChallengeRouteMap/02_Assets/钱灰色.png","2f4154e0bf51d28391b31226dfb104663c21e80d2a892d9736728355e74529e4","15486"
"10_ChallengeRouteMap/02_Assets/图层_1.png","f5e08d0823686c0482215e8611f1193c8d0a23e067480153f0abdf6466c05628","1800736"
"10_ChallengeRouteMap/02_Assets/图例.png","1557474ba7559dd4bbd18b855f6973a20b5814c71a9670da71186ebf257a8215","251781"
"10_ChallengeRouteMap/02_Assets/问号.png","e8cc72dac71424edb42877487050c3f770235517d5673417c1f072ad33d8f316","48870"
"10_ChallengeRouteMap/02_Assets/问号1.png","082535dc24a5449d380cd52ab3fda4fa3abf89c80114e2c9d873db1366967637","52813"
"10_ChallengeRouteMap/02_Assets/问号灰色.png","885e572055ff0876954af228fc2cd63f5707e8df59e536461db1dfb2c38f65d7","14184"
"10_ChallengeRouteMap/02_Assets/小怪.png","768497a4f718520d7392163384b8c26ce2b1997596b6723ba794179fd32ef880","90455"
"10_ChallengeRouteMap/02_Assets/小怪1.png","36fa5eaed3b61a9ee7166bdf5cbd3f2c3625170e4591985b5f8e3ff5f015f56f","80354"
"10_ChallengeRouteMap/02_Assets/小怪灰色.png","9849eef9842ce09aef86bfd89ef981e1a013c25afa5e7b17eae81524eb5b3ea1","21680"
"10_ChallengeRouteMap/02_Assets/T_InkButtonBase.png","e20bdb6eb81d176461d6ed90810f2cc341d4ab95ad1e9f9896fab3f7999dc166","1327985"
"10_ChallengeRouteMap/02_Assets/T_MasterV2_CloseInk.png","2a00ff652ba7d64b47ace99daf271082655713c56a4c81ec7954d68f4da41a1d","1653325"
"10_ChallengeRouteMap/02_Assets/T_MasterV2_ItemSlot.png","cdbdeb3101bcf3e4259f58f641d9f70913d0c6ca91870e8654b2b004e23db511","16367"
"10_ChallengeRouteMap/02_Assets/T_MasterV2_PanelLarge.png","76b8fbd518edb62d2d6275a339e2b8bf1c5808c306e57779aaa5dd89ae9b5be8","1587863"
"10_ChallengeRouteMap/03_Annotation_Guide/Guide_10_ChallengeRouteMap.png","3990c757b8c53f0c1c04420d27819c35882c632b3ca86b1e28c057a97a9f56e2","478301"
"10_ChallengeRouteMap/asset_manifest.csv","c9fb8d39d2cacc5b9a602c09370c21d252e6e8686a2aadfdea722f87b2148ad3","8956"
"10_ChallengeRouteMap/README_替换说明.md","94913be74eb05da6a281d3d4f7514898199ccd01dca03bb45b1d3782bd5408e8","502"
"11_BattleBoard/01_Runtime_Screenshot/BattleBoard_Runtime.png","b49c3277521130b3861d10f9cc7b8f29c5a6254aa7a5f32af7c4daa385180121","2116266"
"11_BattleBoard/02_Assets/T_BattleArena_Cave_GeneratedV2.png","4e591cca8329685d7021254b18d6bc8a5a65481ec23b948f54c2f414c2661262","2594923"
"11_BattleBoard/02_Assets/T_BattleArena_Cliff_GeneratedV2.png","9291fc29c9b22e9ac83d201e026f33603f32091464aa420a95f704d2ef36af86","2512193"
"11_BattleBoard/02_Assets/T_BattleArena_Ferry_GeneratedV2.png","e526ec2d0c74ec959244ee0f4815ace4b7f8daa4885b5262d68034133bc802c7","2479145"
"11_BattleBoard/02_Assets/T_BattleArena_Forest_GeneratedV2.png","8d77728d5e1eb3a9fbdce0a3e7433e4e1fd8ef0b3e99b4dfa60bec0da9586050","2520851"
"11_BattleBoard/02_Assets/T_BattleArena_Plain_GeneratedV2.png","299430b1c2aa2156b8beba500ec8d8e3cd006fa8de217cbb2261876af1016da0","2600666"
"11_BattleBoard/02_Assets/T_BattleArena_Riverside_GeneratedV1.png","e5bd091e4dcef41317a55dc18f281fc8e49de422aca15a2b52a7cc3b9bed94f7","2937065"
"11_BattleBoard/02_Assets/T_BattleArena_Village_GeneratedV2.png","a13a3238a05f89976715e2c5c50710d1652b20b23c63292373dcfbeaec24604e","2564889"
"11_BattleBoard/02_Assets/T_BattleArena_WaterShore_GeneratedV2.png","09beb65f81bee0b8b0ace616b5dc78c97174c831e5448afb3423c8b487207359","2123149"
"11_BattleBoard/02_Assets/T_BattleHitEffect_01.png","3ff407242ba0ae09311132711ccebf2ee2df3928b5308e688b3d4f50da955557","253834"
"11_BattleBoard/02_Assets/T_BattleHitEffect_02.png","eef8824ab8a7a37240791d370ec1075051802bc03a1b8726b5058bd401bb52bd","359085"
"11_BattleBoard/02_Assets/T_BattleHitEffect_03.png","d51c91f89b80289580f0dd5dfce2495a62e25310c408a936466b6e1951aba999","291048"
"11_BattleBoard/02_Assets/T_BattleHitEffect_04.png","ddc2c862569b03fd2ecd9ae19d56af96a34823a06f2ddfcfa87dbf0e07438fee","189757"
"11_BattleBoard/02_Assets/T_BattlePartyQi_SoulOrb.png","af908e5033d297e127d928a10cee60f033171bb8d2d04879764d3fc7072de2cb","1026940"
"11_BattleBoard/02_Assets/T_BattlePsd_HealthFill.png","9f3467fbe2ad452451c0d12af9c81b942b9d795a0978e642960244d2386a1d74","5588"
"11_BattleBoard/02_Assets/T_BattlePsd_HealthFull.png","31fb1cab18ad6845767925243091fce6d53e5d39bb16da29d0f48d0a62b3acb7","13733"
"11_BattleBoard/02_Assets/T_BattlePsd_HealthTrack.png","5f28feaac8814f8a56cac9ee4c5aca1d48514a5be34b748d3278bc8cfb2a1111","11602"
"11_BattleBoard/02_Assets/T_BattlePsd_ManaFill.png","745b6a616425cbd9abcb0fbfee90c9f2363bcca56e88d7fce46afc3c75926f8d","5546"
"11_BattleBoard/02_Assets/T_BattlePsd_ManaFull.png","88282d54b7daeac518649d760e2b96018f12438bae4ba29a5fdc582b9bdcde20","12410"
"11_BattleBoard/02_Assets/T_BattlePsd_ManaTrack.png","fa5497cbbc7dc793b73282f546cc456242fa7fab54ece4a906d323c13c349f06","10319"
"11_BattleBoard/02_Assets/T_BattleStatus_AgilityWing.png","f796e2b5d5ce5a0da7885b318023a9df05997b8395b65d07b1c35ec92253abab","850764"
"11_BattleBoard/02_Assets/T_BattleStatus_ArmorShield.png","7812a871a4a22ec973200aa647ee3b9c081f77f7204080923f7ecc96a51037e1","622031"
"11_BattleBoard/02_Assets/T_BattleStatus_BleedDrop.png","56ce299560d0c8efa09922146a5c4b4e8d1831f9a2caa31098f1ae788676e868","565747"
"11_BattleBoard/02_Assets/T_BattleStatus_BlockShield.png","950a6a64523b760771771231204398ac137ace3384c128b8106e067da0da7dcc","1370150"
"11_BattleBoard/02_Assets/T_BattleStatus_BurnFlame.png","8f6b5dae614da7d758890c6754f4a71a1c1fb0b4029ae1eedaec07a29ff58ed3","54575"
"11_BattleBoard/02_Assets/T_BattleStatus_ChargeSpiralHorn.png","e5c8a7ce6969867b44a760edd4bb2a5f3eb7686b773c2cc3d5dbb26f6a44498d","199172"
"11_BattleBoard/02_Assets/T_BattleStatus_CounterHookBlade.png","ce522811619b46a91669b140e8338d5edaf4b0c74b868a33c138808665d6a4d1","124960"
"11_BattleBoard/02_Assets/T_BattleStatus_GuardShield.png","74bee54147dc7bbc33f98772862501dc8d2a8e4e7d008cc41482bb666540b336","67159"
"11_BattleBoard/02_Assets/T_BattleStatus_ImmunityTalisman.png","251fdd9dc4e7aec5cbd4ebc56bd01a2af4c7b3f19185530f261a869e02e4597f","49140"
"11_BattleBoard/02_Assets/T_BattleStatus_MarkTarget.png","7074aeeae2846e40aeb6618090b4c8439ee947befd9bebdc0411bba2c5d7afcf","55185"
"11_BattleBoard/02_Assets/T_BattleStatus_MedicineHerbs.png","be6120cb6d17b75891eee17f51bd3836cab5704bafbca3d56c29d03deed97d8e","195190"
"11_BattleBoard/02_Assets/T_BattleStatus_MomentumSeal.png","9f08e9fdd17e0b7b5dd967695c35a87b043ec6fa96f4a5019d62e3f1afe6a98a","935907"
"11_BattleBoard/02_Assets/T_BattleStatus_PoisonVial.png","0331b8077249507c00e3e94f5e7022ed60dc26026e22a2c39e1c72b79abbb5ee","750472"
"11_BattleBoard/02_Assets/T_BattleStatus_PreyTargetEye.png","3d737623e8e4407ac91699e332f064ba137ab2eaab222867bb3dfcba977d333d","153493"
"11_BattleBoard/02_Assets/T_BattleStatus_RageFlame.png","308751b62541ffdb8c73e27f62e4e4f75814c97f169a6edb641a7ad7b8fafeee","144255"
"11_BattleBoard/02_Assets/T_BattleStatus_RotSpiral.png","2f7cb3e2eb5c5f18cbc939b173b1f745128e4a1ac6d48d7623b58ede87658457","59438"
"11_BattleBoard/02_Assets/T_BattleStatus_TacticSeal.png","6f4b0c96c378bc2d210de024fe3e29b83279caadad671c98cec273c2852fc527","57512"
"11_BattleBoard/02_Assets/T_BattleStatus_TerrainAndRedirect.png","bab4130a86b1e55ffc6a78629f1ff59180463af89897b95496ee6c8ba7b735a6","61236"
"11_BattleBoard/02_Assets/T_BattleStatus_VulnerabilityMask.png","c311c1fbcdc46877b9ce17f52be9bd1fd4e6fc7d339e75f5bb4d50ef5d890afe","785108"
"11_BattleBoard/02_Assets/T_BattleStatus_WeakBrokenBlade.png","82e73f6572392f293faf3dacf4ef070794e16db0d63cf844858fb5a157c6bfc5","78043"
"11_BattleBoard/02_Assets/T_BattleStatus_WealthCoin.png","c68f5d2ec535475994871fb59962a05c08acb88603473dc6882741392079e62d","260317"
"11_BattleBoard/02_Assets/T_BattleTargetArrowHead.png","b840781cc9b6c7d0081e012797063d841758693fdb175d9cf100c0c315aa56c5","780795"
"11_BattleBoard/02_Assets/T_BattleTargetInkDab_00.png","23bd02e994afefa16daf25dc4c95c6ba2e97382aa9530d3b8b7b980c2b9d92e2","27095"
"11_BattleBoard/02_Assets/T_BattleTargetInkDab_01.png","b5cee38a625085e48c88edf55f73e8a922f8099b7b7dcd12af33b39e7742034f","50759"
"11_BattleBoard/02_Assets/T_BattleTargetInkDab_02.png","59f4914820824621bfeac690fe0ca3ebeb90e19b4a4728c27814b2fe2ebbdfe3","58535"
"11_BattleBoard/02_Assets/T_BattleTargetInkDab_03.png","c6e03318615771d27599fa21e845000f8cf873b4e1ca11ff32ede6e5c03f8333","55702"
"11_BattleBoard/02_Assets/T_BattleTargetInkDab_04.png","6ef821131a176b40eec1c40a43cbc35d522ee75a0677ac73e74aba4311daf1dd","52209"
"11_BattleBoard/02_Assets/T_BattleTargetInkDab_05.png","42f73be39fb7e80531fa42f5b8c5dd634d1a6b054fe20bfee25acb934d513955","62598"
"11_BattleBoard/02_Assets/T_BattleTargetInkDab_06.png","98b22cd1550db1048309e2b28783d1fba0ade503fba9bf65cb571df2a63e136b","85455"
"11_BattleBoard/02_Assets/T_BattleTargetInkDab_07.png","239fa35719dd8e332f017600dde26358344853eb4581544d34a8172115578d76","61253"
"11_BattleBoard/02_Assets/T_BattleTargetInkDab_08.png","dee94e0bcb8ef034220ac54c69be0a1c8d66f3f7c44174d12cc802af306fa450","74661"
"11_BattleBoard/02_Assets/T_BattleTargetInkDab_09.png","fb23f723f73d2f1029802e0f7a9bf41e2317d4f944a70ff993c79e65d79259da","76583"
"11_BattleBoard/02_Assets/T_BattleTargetInkDab_10.png","edeb65de636fb5a9816223601bd3c5171e1705e2a784abd7d0f7df2e7761ba41","114432"
"11_BattleBoard/02_Assets/T_BattleTargetInkDab_11.png","351efe2bcb0ddfa018c0dfef234e7a291176d5ae1c7a152e75bf44169ff6ed60","79135"
"11_BattleBoard/02_Assets/T_CardFrame_PSD057.png","555a38b8cffd58b3e3490b6eb8936e7856826f2cee3c33a4947ea2140acb7ded","364431"
"11_BattleBoard/02_Assets/T_CardPortrait_Enemy_Ch1_BluehornGoatKing.png","d264259f13c34c6f23e9169a92ad5224dd956a6ded8b87572103116c2476cd40","46404"
"11_BattleBoard/02_Assets/T_CardPortrait_Enemy_Ch1_Civet.png","6b408c072e2d2c089ce1106108d055908b9521a5e46c7cad02c8acc5fa8d0db8","44009"
"11_BattleBoard/02_Assets/T_CardPortrait_Enemy_Ch1_Goat.png","1b9bc12b9aa2467f28ea8b7fc70b385ac22f08c6de2ddc7f298029d953650429","45251"
"11_BattleBoard/02_Assets/T_CardPortrait_Enemy_Ch1_IronfeatherRooster.png","9d0634fc230fe31db2f34950e81cfdfbb65130aebc0069b4e05364824b990491","48088"
"11_BattleBoard/02_Assets/T_CardPortrait_Enemy_Ch1_MoneyRatBoss.png","2e6f4833f666da17404cccbfa5c95d7528e1e6f8d78616abcc717fa7978a5b17","63986"
"11_BattleBoard/02_Assets/T_CardPortrait_Enemy_Ch1_Rooster.png","8c1665ad9761ff57efb3dcb23a40f57150865a3605d8eb8d147eaa263c75051c","39576"
"11_BattleBoard/02_Assets/T_CardPortrait_Enemy_Ch1_Weasel.png","8fd8e6d5594eca883fd837d59ffa8f3216fc1d532d1dd1064029e964ded7c353","31967"
"11_BattleBoard/02_Assets/T_CardPortrait_Enemy_Ch2_BlackBearBoss.png","b48427d3ad6ead662c6eaf2101a6ff2db72a590d114d7ffac2e5269cdca34f6d","44701"
"11_BattleBoard/02_Assets/T_CardPortrait_Enemy_Ch2_Boar.png","2770e2d9c06706d16983d4662b70f774cc8ca7ba4308744655eb1d41f3fbfee8","31841"
"11_BattleBoard/02_Assets/T_CardPortrait_Enemy_Ch2_GraymaneWolfKing.png","aaa7e16ac9f219feb0f009332a5f8cad0a094c975c57c52f90e797db48c7676c","38600"
"11_BattleBoard/02_Assets/T_CardPortrait_Enemy_Ch2_GrayWolf.png","e294e990b46a9d65578eb5fcb04468447bd435498823aea8d16a8387f774e3fb","25909"
"11_BattleBoard/02_Assets/T_CardPortrait_Enemy_Ch2_Macaque.png","870862b607143a0d54bf1080c9848a89a3ec4f572902807f7dba8af0cdff1ddd","44895"
"11_BattleBoard/02_Assets/T_CardPortrait_Enemy_Ch2_Porcupine.png","605f87df71a02dbb6a3d0b62dd72c78e10dc7b2afe56bab935f0b6482a63b25c","43362"
"11_BattleBoard/02_Assets/T_CardPortrait_Enemy_Ch2_RedtuskBoarKing.png","cff9ff05d6234b175b47cae49a56b43e393d9439f214cc955293a1a6b592dedc","35800"
"11_BattleBoard/02_Assets/T_CardPortrait_Enemy_Ch3_GiantToad.png","c956c083070a99922b2d9138540de6e758d9e7c45cc84601c9b723b3298f9c5e","27781"
"11_BattleBoard/02_Assets/T_CardPortrait_Enemy_Ch3_SpiralHornDeer.png","9bd5724aeb51be27ca09e63604862c6853429cc06df969b1a8c01a1323b8b80a","26977"
"11_BattleBoard/02_Assets/T_CardPortrait_Enemy_Ch3_TigerBoss.png","fbb39ce37dae1b835b699dcaa30ef2b827a8f4769a614a4005cc035fd5f32312","46478"
"11_BattleBoard/02_Assets/T_CardPortrait_Enemy_Ch3_VenomSnake.png","9bc664fe871bdb2c8a5f2aeae938f29bcf30f38ddec7cf18cadeacc7f7ef4395","43781"
"11_BattleBoard/02_Assets/T_CardPortrait_Enemy_Ch3_Vulture.png","141044ec0aabd1c3a8fdb4fc6466612e70d8504f002d8a2e4ca5b62ce1abbed7","40958"
"11_BattleBoard/02_Assets/T_CardPortrait_Enemy_Ch3_WhiteApe.png","1af9df1a748dc34e5a6acb0df2111aafccd6d20e971700b143609c261e51e05c","47284"
"11_BattleBoard/02_Assets/T_CardPortrait_Enemy_Ch3_Wildcat.png","b28203e9ced15898f9bce804e91ea6761eb2650f64a2d9520b644ed30c470c10","29180"
"11_BattleBoard/02_Assets/T_CardPortrait_Hero.png","d0cf7373dcf47783d9fda80a3654df001b73b0b437bc91d41f7de001e3745f60","38464"
"11_BattleBoard/02_Assets/T_CardPortrait_Npc_JinGui.png","e3a75a5364d1c66dc66eea0accf890aaf4584db9630fc2d61b5a3ef8eaa9a7cd","37814"
"11_BattleBoard/02_Assets/T_CardPortrait_Npc_QiongMeiEr.png","3403b1d307785f7f154e689af5b85c1f7e8a3711427f1f4238d5d20a3882ca13","34385"
"11_BattleBoard/02_Assets/T_CardPortrait_Npc_SongJinBao.png","ffccb23824867bde08558647a04d427510d06ca90d8558fc39cffe54c4e90f09","39025"
"11_BattleBoard/02_Assets/T_CardPortrait_Npc_TusiChief.png","daafe5511984b8a86a76f3d5a1267233aef29f812619a3d08ee93b96203ff516","61699"
"11_BattleBoard/02_Assets/T_CardPortrait_Npc_YueBai.png","fef51b47e244718b02b3b7877b91cfb95a849d2784d163eedcf4019ef6bbcbfc","38520"
"11_BattleBoard/02_Assets/T_CardPortrait_Npc_ZhouGuangZu.png","f40c785e25989525b809700a5439ca62234a36f255e612ea199997d7415c24e5","68399"
"11_BattleBoard/02_Assets/T_CardPortrait_Role_Blade.png","bb4b729318b6ff06817a825bea2ee1d6aeddb08db3f60ad7c67088ca7e56c8a2","31249"
"11_BattleBoard/02_Assets/T_CardPortrait_Role_FormationMaster.png","3d48c7b0e061d0db6e50a6b40aa8ab55b20c536473413713e3c8366765de95e0","42650"
"11_BattleBoard/02_Assets/T_CardPortrait_Role_Guard.png","7752fe8da78b3eb1ead6dbd7af11a86a9491dfc6f83d039ca3d0f2f244f42566","54103"
"11_BattleBoard/02_Assets/T_CardPortrait_Role_Healer.png","8845973acd8ee10c6acb5e635622f6ac220e5043ebf9d8e2dcf58fb5144e4651","53215"
"11_BattleBoard/02_Assets/T_CardPortrait_Role_Hunter.png","f57689d0d86b6bbbd8f18d6f2fd6291c11551983afbdd2e2d9871319d285c6d1","36976"
"11_BattleBoard/02_Assets/T_CardPortrait_Role_Sorcerer.png","7268a91ab6a3335f686208c07ebeed55884c9277564e9255dc5bfca0402c5607","37489"
"11_BattleBoard/02_Assets/T_CardPortrait_Route_Boss.png","93da682f42bf1f779f95327bf650a849b9437529010eb26596a91734dc63feaf","56571"
"11_BattleBoard/02_Assets/T_CardPortrait_Route_General.png","684117bbecaf42eff2a7fb296d49b15d550a69d312e128782c1ae41d2b5259d7","29893"
"11_BattleBoard/02_Assets/T_CardPortrait_Route_Rare.png","762651fa93ff65b55f7b411e22336e023e715c8aafea229b5d83ba4f1590760a","36757"
"11_BattleBoard/02_Assets/T_CardPortrait_Route_Terrain.png","761fbc77b21ef2d73319fc649f70ffa6c6f08fe50dde3ee27dcc87cd058187eb","32969"
"11_BattleBoard/02_Assets/T_character_00_hero_1k_attack_atlas.png","da39ed9b35f4e187b01c4b166818b271628f6af154074883fddd049bcbf5048b","554275"
"11_BattleBoard/02_Assets/T_character_00_hero_1k_attack_kick_atlas.png","857af269dcf79328e2826f1926f014091cf527f7814417cef5171d537aa3824d","440909"
"11_BattleBoard/02_Assets/T_character_00_hero_1k_attack_punch_atlas.png","0b301a8fb1c79dac3107402ca59c569e66250c808dee87fd61620ebb34d1821c","472931"
"11_BattleBoard/02_Assets/T_character_00_hero_1k_death_atlas.png","873d7998ca929b199677efc9b2b323a79359f0b63e53d2208bc94c345954d147","907662"
"11_BattleBoard/02_Assets/T_character_00_hero_1k_hit_atlas.png","afe7f4cfb73e951df5a926707ffe984d70929cb50c0ff87ec520a1d6a7084453","782843"
"11_BattleBoard/02_Assets/T_character_00_hero_1k_idle_atlas.png","2c8d71755f4d75ccf92250a1a2302f20a2fdcbb52ea4da80ee2ca514e7bb004a","644542"
"11_BattleBoard/02_Assets/T_character_01_blade_1k_attack_atlas.png","b386b4a8b6702eeb26f1b6eafd8a405cac025a963bbc38929f72728e24d68fde","661710"
"11_BattleBoard/02_Assets/T_character_01_blade_1k_death_atlas.png","bf2a5ff31b84d66170868f0407e602a177f9f134249bddab368796e96bea0654","726861"
"11_BattleBoard/02_Assets/T_character_01_blade_1k_hit_atlas.png","4aae191d534ca173b48c6d4d556687c37cd506ea85ed7e4b3e98749dcc80162b","551282"
"11_BattleBoard/02_Assets/T_character_01_blade_1k_idle_atlas.png","d5f2ccedb300a60b4ddff692bf4148c6a07838fafbd5fff7ac99dea75030ca77","870969"
"11_BattleBoard/02_Assets/T_character_07_tusi_chief_1k_attack_atlas.png","905fc2453495347c07b04716f43fd0ff5d89088979b6f064a5274390a1b381d3","806061"
"11_BattleBoard/02_Assets/T_character_07_tusi_chief_1k_death_atlas.png","ceaa9a9b2eabe347f30372b40d0a7852b30f9d21ae7736ebf7ed590de23caf02","782802"
"11_BattleBoard/02_Assets/T_character_07_tusi_chief_1k_hit_atlas.png","9b15b6a35301d43dc3d6a3f551995edc83c6f6cf9e7cec4dee9fadade5bcaa63","794035"
"11_BattleBoard/02_Assets/T_character_07_tusi_chief_1k_idle_atlas.png","5a8637a702c526e27977e444ea10e1c46dad0e8490f65f41273e4b327104a272","1073516"
"11_BattleBoard/02_Assets/T_character_09_yue_bai_1k_attack_atlas.png","c117d7d957da4a151521e82f73c7785b7eb224424ca39f3e859d4b25e670d2f3","554699"
"11_BattleBoard/02_Assets/T_character_09_yue_bai_1k_idle_atlas.png","f0ab32a0ffcb8e48acfcbbf252a0fe55134528574fa365c3800c229d13f48bdd","966487"
"11_BattleBoard/02_Assets/T_enemy_01_rooster_1k_attack_atlas.png","7262949d6f3b79e42b85f661073415014349f314aec8fd098010053823e418a1","716080"
"11_BattleBoard/02_Assets/T_enemy_01_rooster_1k_death_atlas.png","31eb3e5a36eea75c456a861d30dc0dfff2cd1296ad112f5df7ea12ded8a7c089","912361"
"11_BattleBoard/02_Assets/T_enemy_01_rooster_1k_hit_atlas.png","50d168c46b8c5b91fc4eaad42b3d93b5735ef58328a98fdf59bf1d3844956ecf","785185"
"11_BattleBoard/02_Assets/T_enemy_01_rooster_1k_idle_atlas.png","b7e4daaa253db5fe473abab92ebb09b175ed9d46b521138721f90471b855f421","1026843"
"11_BattleBoard/02_Assets/T_enemy_02_goat_1k_attack_atlas.png","a09029bccdfb868a2cce3836474c119fff3cbc1a6880575ec48f3e05b78aa607","742959"
"11_BattleBoard/02_Assets/T_enemy_02_goat_1k_death_atlas.png","33ee023c6e2f1e1151551b1f53f4715028fe20c4d41bf676aa6dc5a7d634dba4","1065117"
"11_BattleBoard/02_Assets/T_enemy_02_goat_1k_hit_atlas.png","8e9f9381e3263de806e8827f85f5d050f9e2040975dd6bffc71cb7c5d1f579b6","597362"
"11_BattleBoard/02_Assets/T_enemy_02_goat_1k_idle_atlas.png","38a15fff36c22a2ac76c010da184ac88aa71ae9c6270404a45e76f47c5aa900c","1227791"
"11_BattleBoard/02_Assets/T_enemy_03_weasel_1k_attack_atlas.png","607b52adb6de4a23105f3d933c06e707bde6eb11c6cf49b89d0ade89229c54cd","278483"
"11_BattleBoard/02_Assets/T_enemy_03_weasel_1k_death_atlas.png","266448b954e336e11b6483847581734cb22223036c3a37f229176982110bcc31","551949"
"11_BattleBoard/02_Assets/T_enemy_03_weasel_1k_hit_atlas.png","58d5c2d33931181a2b40852e818fd5f22c34727cc843c19f3fbbf6b24ef0a64f","527805"
"11_BattleBoard/02_Assets/T_enemy_03_weasel_1k_idle_atlas.png","8b41fb7e93a2a7294e6866b5c55676de6430ad3e909b4743c550bfd314b64e64","723579"
"11_BattleBoard/02_Assets/T_enemy_04_civet_1k_attack_atlas.png","1fa9fc1530663754a58561ee8372645927d52d74188dcc7bc236e0f75f303f36","529169"
"11_BattleBoard/02_Assets/T_enemy_04_civet_1k_death_atlas.png","09aa13b05457b7344bf7aca649a2eee86c7fe6d4a6bf99bb25d176e9757192fb","883842"
"11_BattleBoard/02_Assets/T_enemy_04_civet_1k_hit_atlas.png","21e1146775bdf1a7013981c82ee20938740a039876b193e362620ecab6bfff89","750915"
"11_BattleBoard/02_Assets/T_enemy_04_civet_1k_idle_atlas.png","9aabdc21a8dd4272f1e6eab4910e9f317f6f29f231ba6d7a08397acd207e9524","808825"
"11_BattleBoard/02_Assets/T_enemy_05_ironfeather_1k_idle_atlas.png","8d692ad1c31c4e895c5d40151a1b9a6964bd3946bb0274b49d785021ef388d79","1287768"
"11_BattleBoard/02_Assets/T_enemy_06_bluehorn_1k_attack_atlas.png","40f5a445f5b0058cb35fff944392d2b7728da314f68e1db2d1cc3c04e168168b","812077"
"11_BattleBoard/02_Assets/T_enemy_06_bluehorn_1k_death_atlas.png","5c26263e7ef489421dde71cb861c9cb57a178b7e2150a3558dbfccc986dc5122","1081324"
"11_BattleBoard/02_Assets/T_enemy_06_bluehorn_1k_hit_atlas.png","b19f714ed6e3a0209ede6e6912f079550eb86fac9d95fa8586eae14c34949eeb","749715"
"11_BattleBoard/02_Assets/T_enemy_06_bluehorn_1k_idle_atlas.png","ed0bc681b904df3986af9bf0a5e368718b21a6a588815bbe16f2a202514a0930","1326146"
"11_BattleBoard/02_Assets/T_enemy_07_graywolf_1k_idle_atlas.png","0339c63eafa7b85378fa3e44e4539e660314e3799aad8c5f966eafa05655ce41","913821"
"11_BattleBoard/02_Assets/T_enemy_11_graymane_1k_attack_atlas.png","55586526019964519016f147b8e461c76616b7f8e9b3af533ad83361684bc46b","475396"
"11_BattleBoard/02_Assets/T_enemy_16_toad_1k_idle_atlas.png","c094afb3e23c7f27f81ba1e6cab5f0d5350d263f9dacfdeac8aac6dbdb9c4e37","729604"
"11_BattleBoard/02_Assets/T_enemy_18_deer_1k_attack_atlas.png","46bb281f5114e3e817dcf8ec7bcc5599cabc3f5ea108c48243591bc04fe560be","508914"
"11_BattleBoard/02_Assets/T_enemy_18_deer_1k_idle_atlas.png","217fac60377e01136368c191a327c98b2a8d854b8677a922ec6508e85cecddc2","696744"
"11_BattleBoard/02_Assets/T_InkButtonBase.png","e20bdb6eb81d176461d6ed90810f2cc341d4ab95ad1e9f9896fab3f7999dc166","1327985"
"11_BattleBoard/02_Assets/T_MasterV2_CardFrame.png","27f11e3eb3b16967465727b9b9b630b04f59fa71f5c37766be4536e43e15e48f","369811"
"11_BattleBoard/02_Assets/T_MasterV2_CloseInk.png","2a00ff652ba7d64b47ace99daf271082655713c56a4c81ec7954d68f4da41a1d","1653325"
"11_BattleBoard/02_Assets/T_MasterV2_ItemSlot.png","cdbdeb3101bcf3e4259f58f641d9f70913d0c6ca91870e8654b2b004e23db511","16367"
"11_BattleBoard/02_Assets/T_TownBackpack_WindowFrame.png","bc4a4f47d15ad0c18b04827a0873da48092b5bdda5fbd7cbc4e8144348ed3f04","34341"
"11_BattleBoard/03_Annotation_Guide/Guide_11_BattleBoard.png","7e5998e96ac5b670a78418cfc760eeb9db95add6f8c77e70c85d2c98f58b4f3f","1962027"
"11_BattleBoard/asset_manifest.csv","740b0a9e56e15aef62ed7461ba30c5e585f39c69d6b7b9e3d3466821233c3484","55269"
"11_BattleBoard/README_替换说明.md","be7cfc0ed5bbfef8f8fdb0e50c5f7ac2db7e5cb78366054f9e32b0ba31957bb9","496"
"11_BattleBoard/Terrains/01_Plain_平原/01_Runtime_Screenshot/Terrain_01_Plain_Runtime.png","3a50008cd572a0818ca74a9d7c42ff40abd7cc5cf933a12c5c7805ac5b107861","1999732"
"11_BattleBoard/Terrains/01_Plain_平原/02_Assets/T_BattleArena_Plain_GeneratedV2.png","299430b1c2aa2156b8beba500ec8d8e3cd006fa8de217cbb2261876af1016da0","2600666"
"11_BattleBoard/Terrains/01_Plain_平原/03_Annotation_Guide/Guide_11_BattleBoard_Terrains_01_Plain_平原.png","cbbddba8698f557985f9e4b7c8a8b76f403df68ba3bf21cb5bf95e1a241008eb","1710539"
"11_BattleBoard/Terrains/01_Plain_平原/asset_manifest.csv","927e6fa28b8e629428fb5af20f6ebb8e91a8c0cee7d906b2fc6a2743e4ebf72c","699"
"11_BattleBoard/Terrains/01_Plain_平原/README_替换说明.md","29e9bb04ed9010911251645cc4db970e6b056a02fce9c8cff718b3d2dacbd47c","521"
"11_BattleBoard/Terrains/02_Cliff_断崖/01_Runtime_Screenshot/Terrain_02_Cliff_Runtime.png","31458643b9cd42be419669229cefdc5d989c5cf896adc3ef62b8f24b810390c3","1996810"
"11_BattleBoard/Terrains/02_Cliff_断崖/02_Assets/T_BattleArena_Cliff_GeneratedV2.png","9291fc29c9b22e9ac83d201e026f33603f32091464aa420a95f704d2ef36af86","2512193"
"11_BattleBoard/Terrains/02_Cliff_断崖/03_Annotation_Guide/Guide_11_BattleBoard_Terrains_02_Cliff_断崖.png","f2900146a8c2ad00bf5e882f5aa8f3089bb252a1c79118a17f4b4356f0fbc8b2","1759940"
"11_BattleBoard/Terrains/02_Cliff_断崖/asset_manifest.csv","23129fede6352b11261a2ca72dab38cbdedca1776477f0349743064c6c1c173f","699"
"11_BattleBoard/Terrains/02_Cliff_断崖/README_替换说明.md","f0de062e1d54e3e0f1518274a67051f9018449fb525fe5d9f2051cfc7dc6c6f0","521"
"11_BattleBoard/Terrains/03_Forest_山林/01_Runtime_Screenshot/Terrain_03_Forest_Runtime.png","43abf5c58680cce179fec25dedc3c17938ba3f2bd37028f5dbdf3ba4d325e642","1986598"
"11_BattleBoard/Terrains/03_Forest_山林/02_Assets/T_BattleArena_Forest_GeneratedV2.png","8d77728d5e1eb3a9fbdce0a3e7433e4e1fd8ef0b3e99b4dfa60bec0da9586050","2520851"
"11_BattleBoard/Terrains/03_Forest_山林/03_Annotation_Guide/Guide_11_BattleBoard_Terrains_03_Forest_山林.png","1cec67db51573875dae606eb1d0dbc57f596abb0c5747f66022b7091c9c17885","1743253"
"11_BattleBoard/Terrains/03_Forest_山林/asset_manifest.csv","178a70e90c0834b5b3450426172866c91403d1c8301895ba12e0bc1140ed4617","705"
"11_BattleBoard/Terrains/03_Forest_山林/README_替换说明.md","8c63d014e80509de4ac37495d9775f097305a38d1541e5c59bc8393941ffb446","522"
"11_BattleBoard/Terrains/04_WaterShore_水岸/01_Runtime_Screenshot/Terrain_04_WaterShore_Runtime.png","44d9d9e7798b23f31522d9a8c85e1bf1331141704a30645320211dc13337cb34","1876521"
"11_BattleBoard/Terrains/04_WaterShore_水岸/02_Assets/T_BattleArena_WaterShore_GeneratedV2.png","09beb65f81bee0b8b0ace616b5dc78c97174c831e5448afb3423c8b487207359","2123149"
"11_BattleBoard/Terrains/04_WaterShore_水岸/03_Annotation_Guide/Guide_11_BattleBoard_Terrains_04_WaterShore_水岸.png","72fd0f35fdfdf3ec0ad9db6e7f1cfa772144099395fc1f510186f7f55235c18e","1662176"
"11_BattleBoard/Terrains/04_WaterShore_水岸/asset_manifest.csv","7d017d16d2ed92a8576c6246efc7a3ad1afa22ac1f74c75c3e5c41ec8dc91164","729"
"11_BattleBoard/Terrains/04_WaterShore_水岸/README_替换说明.md","f4e409c679860bd8f0b2c832315812231fce62c3a83929705001fabad5c92871","526"
"11_BattleBoard/Terrains/05_Ferry_渡口/01_Runtime_Screenshot/Terrain_05_Ferry_Runtime.png","f1cc629722aea8358105273438c5293fb671f6acc9d3a6889eb9dc7b0cb4a99a","1979185"
"11_BattleBoard/Terrains/05_Ferry_渡口/02_Assets/T_BattleArena_Ferry_GeneratedV2.png","e526ec2d0c74ec959244ee0f4815ace4b7f8daa4885b5262d68034133bc802c7","2479145"
"11_BattleBoard/Terrains/05_Ferry_渡口/03_Annotation_Guide/Guide_11_BattleBoard_Terrains_05_Ferry_渡口.png","938182bebc648bb721e6ba57e9e9f987c8603deade75fb2a53a4535bc27c9b88","1708744"
"11_BattleBoard/Terrains/05_Ferry_渡口/asset_manifest.csv","43b6a61812c1edd95ec6b2e36995fe22455eecc36a7bd615f75e22ac2b450cee","699"
"11_BattleBoard/Terrains/05_Ferry_渡口/README_替换说明.md","3dcd96036004a099ee252871c487494fc35e65ab002ca01db3eb3e6f6874a45e","521"
"11_BattleBoard/Terrains/06_Village_村镇/01_Runtime_Screenshot/Terrain_06_Village_Runtime.png","bac4136ac4e5fad2ff02a613a8fde6c684a7d6da309b7a27d90bea69b56bde77","1964652"
"11_BattleBoard/Terrains/06_Village_村镇/02_Assets/T_BattleArena_Village_GeneratedV2.png","a13a3238a05f89976715e2c5c50710d1652b20b23c63292373dcfbeaec24604e","2564889"
"11_BattleBoard/Terrains/06_Village_村镇/03_Annotation_Guide/Guide_11_BattleBoard_Terrains_06_Village_村镇.png","10ea18dd6d8f66dbfa4bc3dca6c2ba0bd12901b9b078292815794d879148cd06","1687366"
"11_BattleBoard/Terrains/06_Village_村镇/asset_manifest.csv","f493a88c31a781c33a6deda5b83e9ab345e0753a8a4cd61043eb471ea7f557df","711"
"11_BattleBoard/Terrains/06_Village_村镇/README_替换说明.md","5a4f3d907057960d153967827dd10b6052576942ea08aedd51ea8b0be5dd0510","523"
"11_BattleBoard/Terrains/07_Cave_洞窟/01_Runtime_Screenshot/Terrain_07_Cave_Runtime.png","aa748117892d50cb63087d76bcccd96731c5c524bdc20f1f7f3771470c4cdac7","2009672"
"11_BattleBoard/Terrains/07_Cave_洞窟/02_Assets/T_BattleArena_Cave_GeneratedV2.png","4e591cca8329685d7021254b18d6bc8a5a65481ec23b948f54c2f414c2661262","2594923"
"11_BattleBoard/Terrains/07_Cave_洞窟/03_Annotation_Guide/Guide_11_BattleBoard_Terrains_07_Cave_洞窟.png","65fee34ff042f3d6b35e599e151129929c6438d09a114e4fd34273776dd7438d","1740798"
"11_BattleBoard/Terrains/07_Cave_洞窟/asset_manifest.csv","88c8e75e9110f1c6bb56e6333613f7eefea7edc003be94f264e3cff8f13beeb2","693"
"11_BattleBoard/Terrains/07_Cave_洞窟/README_替换说明.md","236dfd9e87bf907008cbc2a84506d74673a9f2f20370eee62de61187534a7c73","520"
"11_BattleBoard/Terrains/BattleTerrains_ContactSheet.png","69d785de5dee58d852d421cd4ac5dffaacdf1128e7ad2e6fb43fabed68d4ae0d","3480097"
"11_BattleBoard/Terrains/terrain_capture_manifest.json","921b64610465de72f72cc59c8c5dd848aed43eb7963d4790fc81f11fdf90cb74","9352"
"12_BattleReward/01_Runtime_Screenshot/BattleReward_Runtime.png","fb371ce926095e64eb7a0c197f1926246ffd27c598a0f228000104867f434ba7","2077017"
"12_BattleReward/02_Assets/T_BattleArena_Cave_GeneratedV2.png","4e591cca8329685d7021254b18d6bc8a5a65481ec23b948f54c2f414c2661262","2594923"
"12_BattleReward/02_Assets/T_BattleArena_Cliff_GeneratedV2.png","9291fc29c9b22e9ac83d201e026f33603f32091464aa420a95f704d2ef36af86","2512193"
"12_BattleReward/02_Assets/T_BattleArena_Ferry_GeneratedV2.png","e526ec2d0c74ec959244ee0f4815ace4b7f8daa4885b5262d68034133bc802c7","2479145"
"12_BattleReward/02_Assets/T_BattleArena_Forest_GeneratedV2.png","8d77728d5e1eb3a9fbdce0a3e7433e4e1fd8ef0b3e99b4dfa60bec0da9586050","2520851"
"12_BattleReward/02_Assets/T_BattleArena_Plain_GeneratedV2.png","299430b1c2aa2156b8beba500ec8d8e3cd006fa8de217cbb2261876af1016da0","2600666"
"12_BattleReward/02_Assets/T_BattleArena_Riverside_GeneratedV1.png","e5bd091e4dcef41317a55dc18f281fc8e49de422aca15a2b52a7cc3b9bed94f7","2937065"
"12_BattleReward/02_Assets/T_BattleArena_Village_GeneratedV2.png","a13a3238a05f89976715e2c5c50710d1652b20b23c63292373dcfbeaec24604e","2564889"
"12_BattleReward/02_Assets/T_BattleArena_WaterShore_GeneratedV2.png","09beb65f81bee0b8b0ace616b5dc78c97174c831e5448afb3423c8b487207359","2123149"
"12_BattleReward/02_Assets/T_BattleHitEffect_01.png","3ff407242ba0ae09311132711ccebf2ee2df3928b5308e688b3d4f50da955557","253834"
"12_BattleReward/02_Assets/T_BattleHitEffect_02.png","eef8824ab8a7a37240791d370ec1075051802bc03a1b8726b5058bd401bb52bd","359085"
"12_BattleReward/02_Assets/T_BattleHitEffect_03.png","d51c91f89b80289580f0dd5dfce2495a62e25310c408a936466b6e1951aba999","291048"
"12_BattleReward/02_Assets/T_BattleHitEffect_04.png","ddc2c862569b03fd2ecd9ae19d56af96a34823a06f2ddfcfa87dbf0e07438fee","189757"
"12_BattleReward/02_Assets/T_BattlePartyQi_SoulOrb.png","af908e5033d297e127d928a10cee60f033171bb8d2d04879764d3fc7072de2cb","1026940"
"12_BattleReward/02_Assets/T_BattlePsd_HealthFill.png","9f3467fbe2ad452451c0d12af9c81b942b9d795a0978e642960244d2386a1d74","5588"
"12_BattleReward/02_Assets/T_BattlePsd_HealthFull.png","31fb1cab18ad6845767925243091fce6d53e5d39bb16da29d0f48d0a62b3acb7","13733"
"12_BattleReward/02_Assets/T_BattlePsd_HealthTrack.png","5f28feaac8814f8a56cac9ee4c5aca1d48514a5be34b748d3278bc8cfb2a1111","11602"
"12_BattleReward/02_Assets/T_BattlePsd_ManaFill.png","745b6a616425cbd9abcb0fbfee90c9f2363bcca56e88d7fce46afc3c75926f8d","5546"
"12_BattleReward/02_Assets/T_BattlePsd_ManaFull.png","88282d54b7daeac518649d760e2b96018f12438bae4ba29a5fdc582b9bdcde20","12410"
"12_BattleReward/02_Assets/T_BattlePsd_ManaTrack.png","fa5497cbbc7dc793b73282f546cc456242fa7fab54ece4a906d323c13c349f06","10319"
"12_BattleReward/02_Assets/T_BattleStatus_AgilityWing.png","f796e2b5d5ce5a0da7885b318023a9df05997b8395b65d07b1c35ec92253abab","850764"
"12_BattleReward/02_Assets/T_BattleStatus_ArmorShield.png","7812a871a4a22ec973200aa647ee3b9c081f77f7204080923f7ecc96a51037e1","622031"
"12_BattleReward/02_Assets/T_BattleStatus_BleedDrop.png","56ce299560d0c8efa09922146a5c4b4e8d1831f9a2caa31098f1ae788676e868","565747"
"12_BattleReward/02_Assets/T_BattleStatus_BlockShield.png","950a6a64523b760771771231204398ac137ace3384c128b8106e067da0da7dcc","1370150"
"12_BattleReward/02_Assets/T_BattleStatus_BurnFlame.png","8f6b5dae614da7d758890c6754f4a71a1c1fb0b4029ae1eedaec07a29ff58ed3","54575"
"12_BattleReward/02_Assets/T_BattleStatus_ChargeSpiralHorn.png","e5c8a7ce6969867b44a760edd4bb2a5f3eb7686b773c2cc3d5dbb26f6a44498d","199172"
"12_BattleReward/02_Assets/T_BattleStatus_CounterHookBlade.png","ce522811619b46a91669b140e8338d5edaf4b0c74b868a33c138808665d6a4d1","124960"
"12_BattleReward/02_Assets/T_BattleStatus_GuardShield.png","74bee54147dc7bbc33f98772862501dc8d2a8e4e7d008cc41482bb666540b336","67159"
"12_BattleReward/02_Assets/T_BattleStatus_ImmunityTalisman.png","251fdd9dc4e7aec5cbd4ebc56bd01a2af4c7b3f19185530f261a869e02e4597f","49140"
"12_BattleReward/02_Assets/T_BattleStatus_MarkTarget.png","7074aeeae2846e40aeb6618090b4c8439ee947befd9bebdc0411bba2c5d7afcf","55185"
"12_BattleReward/02_Assets/T_BattleStatus_MedicineHerbs.png","be6120cb6d17b75891eee17f51bd3836cab5704bafbca3d56c29d03deed97d8e","195190"
"12_BattleReward/02_Assets/T_BattleStatus_MomentumSeal.png","9f08e9fdd17e0b7b5dd967695c35a87b043ec6fa96f4a5019d62e3f1afe6a98a","935907"
"12_BattleReward/02_Assets/T_BattleStatus_PoisonVial.png","0331b8077249507c00e3e94f5e7022ed60dc26026e22a2c39e1c72b79abbb5ee","750472"
"12_BattleReward/02_Assets/T_BattleStatus_PreyTargetEye.png","3d737623e8e4407ac91699e332f064ba137ab2eaab222867bb3dfcba977d333d","153493"
"12_BattleReward/02_Assets/T_BattleStatus_RageFlame.png","308751b62541ffdb8c73e27f62e4e4f75814c97f169a6edb641a7ad7b8fafeee","144255"
"12_BattleReward/02_Assets/T_BattleStatus_RotSpiral.png","2f7cb3e2eb5c5f18cbc939b173b1f745128e4a1ac6d48d7623b58ede87658457","59438"
"12_BattleReward/02_Assets/T_BattleStatus_TacticSeal.png","6f4b0c96c378bc2d210de024fe3e29b83279caadad671c98cec273c2852fc527","57512"
"12_BattleReward/02_Assets/T_BattleStatus_TerrainAndRedirect.png","bab4130a86b1e55ffc6a78629f1ff59180463af89897b95496ee6c8ba7b735a6","61236"
"12_BattleReward/02_Assets/T_BattleStatus_VulnerabilityMask.png","c311c1fbcdc46877b9ce17f52be9bd1fd4e6fc7d339e75f5bb4d50ef5d890afe","785108"
"12_BattleReward/02_Assets/T_BattleStatus_WeakBrokenBlade.png","82e73f6572392f293faf3dacf4ef070794e16db0d63cf844858fb5a157c6bfc5","78043"
"12_BattleReward/02_Assets/T_BattleStatus_WealthCoin.png","c68f5d2ec535475994871fb59962a05c08acb88603473dc6882741392079e62d","260317"
"12_BattleReward/02_Assets/T_BattleTargetArrowHead.png","b840781cc9b6c7d0081e012797063d841758693fdb175d9cf100c0c315aa56c5","780795"
"12_BattleReward/02_Assets/T_BattleTargetInkDab_00.png","23bd02e994afefa16daf25dc4c95c6ba2e97382aa9530d3b8b7b980c2b9d92e2","27095"
"12_BattleReward/02_Assets/T_BattleTargetInkDab_01.png","b5cee38a625085e48c88edf55f73e8a922f8099b7b7dcd12af33b39e7742034f","50759"
"12_BattleReward/02_Assets/T_BattleTargetInkDab_02.png","59f4914820824621bfeac690fe0ca3ebeb90e19b4a4728c27814b2fe2ebbdfe3","58535"
"12_BattleReward/02_Assets/T_BattleTargetInkDab_03.png","c6e03318615771d27599fa21e845000f8cf873b4e1ca11ff32ede6e5c03f8333","55702"
"12_BattleReward/02_Assets/T_BattleTargetInkDab_04.png","6ef821131a176b40eec1c40a43cbc35d522ee75a0677ac73e74aba4311daf1dd","52209"
"12_BattleReward/02_Assets/T_BattleTargetInkDab_05.png","42f73be39fb7e80531fa42f5b8c5dd634d1a6b054fe20bfee25acb934d513955","62598"
"12_BattleReward/02_Assets/T_BattleTargetInkDab_06.png","98b22cd1550db1048309e2b28783d1fba0ade503fba9bf65cb571df2a63e136b","85455"
"12_BattleReward/02_Assets/T_BattleTargetInkDab_07.png","239fa35719dd8e332f017600dde26358344853eb4581544d34a8172115578d76","61253"
"12_BattleReward/02_Assets/T_BattleTargetInkDab_08.png","dee94e0bcb8ef034220ac54c69be0a1c8d66f3f7c44174d12cc802af306fa450","74661"
"12_BattleReward/02_Assets/T_BattleTargetInkDab_09.png","fb23f723f73d2f1029802e0f7a9bf41e2317d4f944a70ff993c79e65d79259da","76583"
"12_BattleReward/02_Assets/T_BattleTargetInkDab_10.png","edeb65de636fb5a9816223601bd3c5171e1705e2a784abd7d0f7df2e7761ba41","114432"
"12_BattleReward/02_Assets/T_BattleTargetInkDab_11.png","351efe2bcb0ddfa018c0dfef234e7a291176d5ae1c7a152e75bf44169ff6ed60","79135"
"12_BattleReward/02_Assets/T_CardFrame_PSD057.png","555a38b8cffd58b3e3490b6eb8936e7856826f2cee3c33a4947ea2140acb7ded","364431"
"12_BattleReward/02_Assets/T_CardPortrait_Enemy_Ch1_BluehornGoatKing.png","d264259f13c34c6f23e9169a92ad5224dd956a6ded8b87572103116c2476cd40","46404"
"12_BattleReward/02_Assets/T_CardPortrait_Enemy_Ch1_Civet.png","6b408c072e2d2c089ce1106108d055908b9521a5e46c7cad02c8acc5fa8d0db8","44009"
"12_BattleReward/02_Assets/T_CardPortrait_Enemy_Ch1_Goat.png","1b9bc12b9aa2467f28ea8b7fc70b385ac22f08c6de2ddc7f298029d953650429","45251"
"12_BattleReward/02_Assets/T_CardPortrait_Enemy_Ch1_IronfeatherRooster.png","9d0634fc230fe31db2f34950e81cfdfbb65130aebc0069b4e05364824b990491","48088"
"12_BattleReward/02_Assets/T_CardPortrait_Enemy_Ch1_MoneyRatBoss.png","2e6f4833f666da17404cccbfa5c95d7528e1e6f8d78616abcc717fa7978a5b17","63986"
"12_BattleReward/02_Assets/T_CardPortrait_Enemy_Ch1_Rooster.png","8c1665ad9761ff57efb3dcb23a40f57150865a3605d8eb8d147eaa263c75051c","39576"
"12_BattleReward/02_Assets/T_CardPortrait_Enemy_Ch1_Weasel.png","8fd8e6d5594eca883fd837d59ffa8f3216fc1d532d1dd1064029e964ded7c353","31967"
"12_BattleReward/02_Assets/T_CardPortrait_Enemy_Ch2_BlackBearBoss.png","b48427d3ad6ead662c6eaf2101a6ff2db72a590d114d7ffac2e5269cdca34f6d","44701"
"12_BattleReward/02_Assets/T_CardPortrait_Enemy_Ch2_Boar.png","2770e2d9c06706d16983d4662b70f774cc8ca7ba4308744655eb1d41f3fbfee8","31841"
"12_BattleReward/02_Assets/T_CardPortrait_Enemy_Ch2_GraymaneWolfKing.png","aaa7e16ac9f219feb0f009332a5f8cad0a094c975c57c52f90e797db48c7676c","38600"
"12_BattleReward/02_Assets/T_CardPortrait_Enemy_Ch2_GrayWolf.png","e294e990b46a9d65578eb5fcb04468447bd435498823aea8d16a8387f774e3fb","25909"
"12_BattleReward/02_Assets/T_CardPortrait_Enemy_Ch2_Macaque.png","870862b607143a0d54bf1080c9848a89a3ec4f572902807f7dba8af0cdff1ddd","44895"
"12_BattleReward/02_Assets/T_CardPortrait_Enemy_Ch2_Porcupine.png","605f87df71a02dbb6a3d0b62dd72c78e10dc7b2afe56bab935f0b6482a63b25c","43362"
"12_BattleReward/02_Assets/T_CardPortrait_Enemy_Ch2_RedtuskBoarKing.png","cff9ff05d6234b175b47cae49a56b43e393d9439f214cc955293a1a6b592dedc","35800"
"12_BattleReward/02_Assets/T_CardPortrait_Enemy_Ch3_GiantToad.png","c956c083070a99922b2d9138540de6e758d9e7c45cc84601c9b723b3298f9c5e","27781"
"12_BattleReward/02_Assets/T_CardPortrait_Enemy_Ch3_SpiralHornDeer.png","9bd5724aeb51be27ca09e63604862c6853429cc06df969b1a8c01a1323b8b80a","26977"
"12_BattleReward/02_Assets/T_CardPortrait_Enemy_Ch3_TigerBoss.png","fbb39ce37dae1b835b699dcaa30ef2b827a8f4769a614a4005cc035fd5f32312","46478"
"12_BattleReward/02_Assets/T_CardPortrait_Enemy_Ch3_VenomSnake.png","9bc664fe871bdb2c8a5f2aeae938f29bcf30f38ddec7cf18cadeacc7f7ef4395","43781"
"12_BattleReward/02_Assets/T_CardPortrait_Enemy_Ch3_Vulture.png","141044ec0aabd1c3a8fdb4fc6466612e70d8504f002d8a2e4ca5b62ce1abbed7","40958"
"12_BattleReward/02_Assets/T_CardPortrait_Enemy_Ch3_WhiteApe.png","1af9df1a748dc34e5a6acb0df2111aafccd6d20e971700b143609c261e51e05c","47284"
"12_BattleReward/02_Assets/T_CardPortrait_Enemy_Ch3_Wildcat.png","b28203e9ced15898f9bce804e91ea6761eb2650f64a2d9520b644ed30c470c10","29180"
"12_BattleReward/02_Assets/T_CardPortrait_Hero.png","d0cf7373dcf47783d9fda80a3654df001b73b0b437bc91d41f7de001e3745f60","38464"
"12_BattleReward/02_Assets/T_CardPortrait_Npc_JinGui.png","e3a75a5364d1c66dc66eea0accf890aaf4584db9630fc2d61b5a3ef8eaa9a7cd","37814"
"12_BattleReward/02_Assets/T_CardPortrait_Npc_QiongMeiEr.png","3403b1d307785f7f154e689af5b85c1f7e8a3711427f1f4238d5d20a3882ca13","34385"
"12_BattleReward/02_Assets/T_CardPortrait_Npc_SongJinBao.png","ffccb23824867bde08558647a04d427510d06ca90d8558fc39cffe54c4e90f09","39025"
"12_BattleReward/02_Assets/T_CardPortrait_Npc_TusiChief.png","daafe5511984b8a86a76f3d5a1267233aef29f812619a3d08ee93b96203ff516","61699"
"12_BattleReward/02_Assets/T_CardPortrait_Npc_YueBai.png","fef51b47e244718b02b3b7877b91cfb95a849d2784d163eedcf4019ef6bbcbfc","38520"
"12_BattleReward/02_Assets/T_CardPortrait_Npc_ZhouGuangZu.png","f40c785e25989525b809700a5439ca62234a36f255e612ea199997d7415c24e5","68399"
"12_BattleReward/02_Assets/T_CardPortrait_Role_Blade.png","bb4b729318b6ff06817a825bea2ee1d6aeddb08db3f60ad7c67088ca7e56c8a2","31249"
"12_BattleReward/02_Assets/T_CardPortrait_Role_FormationMaster.png","3d48c7b0e061d0db6e50a6b40aa8ab55b20c536473413713e3c8366765de95e0","42650"
"12_BattleReward/02_Assets/T_CardPortrait_Role_Guard.png","7752fe8da78b3eb1ead6dbd7af11a86a9491dfc6f83d039ca3d0f2f244f42566","54103"
"12_BattleReward/02_Assets/T_CardPortrait_Role_Healer.png","8845973acd8ee10c6acb5e635622f6ac220e5043ebf9d8e2dcf58fb5144e4651","53215"
"12_BattleReward/02_Assets/T_CardPortrait_Role_Hunter.png","f57689d0d86b6bbbd8f18d6f2fd6291c11551983afbdd2e2d9871319d285c6d1","36976"
"12_BattleReward/02_Assets/T_CardPortrait_Role_Sorcerer.png","7268a91ab6a3335f686208c07ebeed55884c9277564e9255dc5bfca0402c5607","37489"
"12_BattleReward/02_Assets/T_CardPortrait_Route_Boss.png","93da682f42bf1f779f95327bf650a849b9437529010eb26596a91734dc63feaf","56571"
"12_BattleReward/02_Assets/T_CardPortrait_Route_General.png","684117bbecaf42eff2a7fb296d49b15d550a69d312e128782c1ae41d2b5259d7","29893"
"12_BattleReward/02_Assets/T_CardPortrait_Route_Rare.png","762651fa93ff65b55f7b411e22336e023e715c8aafea229b5d83ba4f1590760a","36757"
"12_BattleReward/02_Assets/T_CardPortrait_Route_Terrain.png","761fbc77b21ef2d73319fc649f70ffa6c6f08fe50dde3ee27dcc87cd058187eb","32969"
"12_BattleReward/02_Assets/T_character_00_hero_1k_attack_atlas.png","da39ed9b35f4e187b01c4b166818b271628f6af154074883fddd049bcbf5048b","554275"
"12_BattleReward/02_Assets/T_character_00_hero_1k_attack_kick_atlas.png","857af269dcf79328e2826f1926f014091cf527f7814417cef5171d537aa3824d","440909"
"12_BattleReward/02_Assets/T_character_00_hero_1k_attack_punch_atlas.png","0b301a8fb1c79dac3107402ca59c569e66250c808dee87fd61620ebb34d1821c","472931"
"12_BattleReward/02_Assets/T_character_00_hero_1k_death_atlas.png","873d7998ca929b199677efc9b2b323a79359f0b63e53d2208bc94c345954d147","907662"
"12_BattleReward/02_Assets/T_character_00_hero_1k_hit_atlas.png","afe7f4cfb73e951df5a926707ffe984d70929cb50c0ff87ec520a1d6a7084453","782843"
"12_BattleReward/02_Assets/T_character_00_hero_1k_idle_atlas.png","2c8d71755f4d75ccf92250a1a2302f20a2fdcbb52ea4da80ee2ca514e7bb004a","644542"
"12_BattleReward/02_Assets/T_character_01_blade_1k_attack_atlas.png","b386b4a8b6702eeb26f1b6eafd8a405cac025a963bbc38929f72728e24d68fde","661710"
"12_BattleReward/02_Assets/T_character_01_blade_1k_death_atlas.png","bf2a5ff31b84d66170868f0407e602a177f9f134249bddab368796e96bea0654","726861"
"12_BattleReward/02_Assets/T_character_01_blade_1k_hit_atlas.png","4aae191d534ca173b48c6d4d556687c37cd506ea85ed7e4b3e98749dcc80162b","551282"
"12_BattleReward/02_Assets/T_character_01_blade_1k_idle_atlas.png","d5f2ccedb300a60b4ddff692bf4148c6a07838fafbd5fff7ac99dea75030ca77","870969"
"12_BattleReward/02_Assets/T_character_07_tusi_chief_1k_attack_atlas.png","905fc2453495347c07b04716f43fd0ff5d89088979b6f064a5274390a1b381d3","806061"
"12_BattleReward/02_Assets/T_character_07_tusi_chief_1k_death_atlas.png","ceaa9a9b2eabe347f30372b40d0a7852b30f9d21ae7736ebf7ed590de23caf02","782802"
"12_BattleReward/02_Assets/T_character_07_tusi_chief_1k_hit_atlas.png","9b15b6a35301d43dc3d6a3f551995edc83c6f6cf9e7cec4dee9fadade5bcaa63","794035"
"12_BattleReward/02_Assets/T_character_07_tusi_chief_1k_idle_atlas.png","5a8637a702c526e27977e444ea10e1c46dad0e8490f65f41273e4b327104a272","1073516"
"12_BattleReward/02_Assets/T_character_09_yue_bai_1k_attack_atlas.png","c117d7d957da4a151521e82f73c7785b7eb224424ca39f3e859d4b25e670d2f3","554699"
"12_BattleReward/02_Assets/T_character_09_yue_bai_1k_idle_atlas.png","f0ab32a0ffcb8e48acfcbbf252a0fe55134528574fa365c3800c229d13f48bdd","966487"
"12_BattleReward/02_Assets/T_enemy_01_rooster_1k_attack_atlas.png","7262949d6f3b79e42b85f661073415014349f314aec8fd098010053823e418a1","716080"
"12_BattleReward/02_Assets/T_enemy_01_rooster_1k_death_atlas.png","31eb3e5a36eea75c456a861d30dc0dfff2cd1296ad112f5df7ea12ded8a7c089","912361"
"12_BattleReward/02_Assets/T_enemy_01_rooster_1k_hit_atlas.png","50d168c46b8c5b91fc4eaad42b3d93b5735ef58328a98fdf59bf1d3844956ecf","785185"
"12_BattleReward/02_Assets/T_enemy_01_rooster_1k_idle_atlas.png","b7e4daaa253db5fe473abab92ebb09b175ed9d46b521138721f90471b855f421","1026843"
"12_BattleReward/02_Assets/T_enemy_02_goat_1k_attack_atlas.png","a09029bccdfb868a2cce3836474c119fff3cbc1a6880575ec48f3e05b78aa607","742959"
"12_BattleReward/02_Assets/T_enemy_02_goat_1k_death_atlas.png","33ee023c6e2f1e1151551b1f53f4715028fe20c4d41bf676aa6dc5a7d634dba4","1065117"
"12_BattleReward/02_Assets/T_enemy_02_goat_1k_hit_atlas.png","8e9f9381e3263de806e8827f85f5d050f9e2040975dd6bffc71cb7c5d1f579b6","597362"
"12_BattleReward/02_Assets/T_enemy_02_goat_1k_idle_atlas.png","38a15fff36c22a2ac76c010da184ac88aa71ae9c6270404a45e76f47c5aa900c","1227791"
"12_BattleReward/02_Assets/T_enemy_03_weasel_1k_attack_atlas.png","607b52adb6de4a23105f3d933c06e707bde6eb11c6cf49b89d0ade89229c54cd","278483"
"12_BattleReward/02_Assets/T_enemy_03_weasel_1k_death_atlas.png","266448b954e336e11b6483847581734cb22223036c3a37f229176982110bcc31","551949"
"12_BattleReward/02_Assets/T_enemy_03_weasel_1k_hit_atlas.png","58d5c2d33931181a2b40852e818fd5f22c34727cc843c19f3fbbf6b24ef0a64f","527805"
"12_BattleReward/02_Assets/T_enemy_03_weasel_1k_idle_atlas.png","8b41fb7e93a2a7294e6866b5c55676de6430ad3e909b4743c550bfd314b64e64","723579"
"12_BattleReward/02_Assets/T_enemy_04_civet_1k_attack_atlas.png","1fa9fc1530663754a58561ee8372645927d52d74188dcc7bc236e0f75f303f36","529169"
"12_BattleReward/02_Assets/T_enemy_04_civet_1k_death_atlas.png","09aa13b05457b7344bf7aca649a2eee86c7fe6d4a6bf99bb25d176e9757192fb","883842"
"12_BattleReward/02_Assets/T_enemy_04_civet_1k_hit_atlas.png","21e1146775bdf1a7013981c82ee20938740a039876b193e362620ecab6bfff89","750915"
"12_BattleReward/02_Assets/T_enemy_04_civet_1k_idle_atlas.png","9aabdc21a8dd4272f1e6eab4910e9f317f6f29f231ba6d7a08397acd207e9524","808825"
"12_BattleReward/02_Assets/T_enemy_05_ironfeather_1k_idle_atlas.png","8d692ad1c31c4e895c5d40151a1b9a6964bd3946bb0274b49d785021ef388d79","1287768"
"12_BattleReward/02_Assets/T_enemy_06_bluehorn_1k_attack_atlas.png","40f5a445f5b0058cb35fff944392d2b7728da314f68e1db2d1cc3c04e168168b","812077"
"12_BattleReward/02_Assets/T_enemy_06_bluehorn_1k_death_atlas.png","5c26263e7ef489421dde71cb861c9cb57a178b7e2150a3558dbfccc986dc5122","1081324"
"12_BattleReward/02_Assets/T_enemy_06_bluehorn_1k_hit_atlas.png","b19f714ed6e3a0209ede6e6912f079550eb86fac9d95fa8586eae14c34949eeb","749715"
"12_BattleReward/02_Assets/T_enemy_06_bluehorn_1k_idle_atlas.png","ed0bc681b904df3986af9bf0a5e368718b21a6a588815bbe16f2a202514a0930","1326146"
"12_BattleReward/02_Assets/T_enemy_07_graywolf_1k_idle_atlas.png","0339c63eafa7b85378fa3e44e4539e660314e3799aad8c5f966eafa05655ce41","913821"
"12_BattleReward/02_Assets/T_enemy_11_graymane_1k_attack_atlas.png","55586526019964519016f147b8e461c76616b7f8e9b3af533ad83361684bc46b","475396"
"12_BattleReward/02_Assets/T_enemy_16_toad_1k_idle_atlas.png","c094afb3e23c7f27f81ba1e6cab5f0d5350d263f9dacfdeac8aac6dbdb9c4e37","729604"
"12_BattleReward/02_Assets/T_enemy_18_deer_1k_attack_atlas.png","46bb281f5114e3e817dcf8ec7bcc5599cabc3f5ea108c48243591bc04fe560be","508914"
"12_BattleReward/02_Assets/T_enemy_18_deer_1k_idle_atlas.png","217fac60377e01136368c191a327c98b2a8d854b8677a922ec6508e85cecddc2","696744"
"12_BattleReward/02_Assets/T_InkButtonBase.png","e20bdb6eb81d176461d6ed90810f2cc341d4ab95ad1e9f9896fab3f7999dc166","1327985"
"12_BattleReward/02_Assets/T_MasterV2_CardFrame.png","27f11e3eb3b16967465727b9b9b630b04f59fa71f5c37766be4536e43e15e48f","369811"
"12_BattleReward/02_Assets/T_MasterV2_CloseInk.png","2a00ff652ba7d64b47ace99daf271082655713c56a4c81ec7954d68f4da41a1d","1653325"
"12_BattleReward/02_Assets/T_MasterV2_ItemSlot.png","cdbdeb3101bcf3e4259f58f641d9f70913d0c6ca91870e8654b2b004e23db511","16367"
"12_BattleReward/02_Assets/T_Relic_AncientCoin.png","8707aaa794c4070aa5ca6f5dc43f811604920a1046c7786df05af38a161c7f28","294237"
"12_BattleReward/02_Assets/T_Relic_BambooTally.png","cc0a3d33adb7bc7886393a603e8d6d6079e1f7691394445b68c0068e042f2d58","174463"
"12_BattleReward/02_Assets/T_Relic_BrokenArrow.png","260610efb57b7f47367d755aab70207bfa283986d52de9eb0040664514638049","187547"
"12_BattleReward/02_Assets/T_Relic_BronzeNeedle.png","3815ed15b692dfdb8be467c0c77ae3ad1ef3024ff628583ad1cf9940c762f9f5","153650"
"12_BattleReward/02_Assets/T_Relic_CandleStub.png","6fb97349f744e7dc9149236b4e74858a0e56484c5db97b0ece6df99e96d2578a","191038"
"12_BattleReward/02_Assets/T_Relic_ChessStone.png","f6949a4c601e5498839846c0c2126c418b6b4816c2f4cacf18a3d2ee98418db8","207718"
"12_BattleReward/02_Assets/T_Relic_CloudMirror.png","773f6694c7e6e74f6b13fa4ffa6976ab410d34680c8895c73cacc560586b4600","189128"
"12_BattleReward/02_Assets/T_Relic_Compass.png","e3f5d7131a64b4eb9c897f32302097c7e129ecd84a1fbbe4c83c08e99457f4b4","216706"
"12_BattleReward/02_Assets/T_Relic_CraneFeather.png","7ee12217221fc08fdc36fd83ba50142cef1753207c2cfa824bcde19a5f20cc43","178487"
"12_BattleReward/02_Assets/T_Relic_DrumCharm.png","3f3272f05393de53b7079a167b9f04f0f3876e9809bf430246fe379de60f6140","243392"
"12_BattleReward/02_Assets/T_Relic_FoxMask.png","20c9c922cc8e25fc3b6451deb4b5f9b27e886cdf12cafd0329641d41b89ec139","258058"
"12_BattleReward/02_Assets/T_Relic_HerbBasket.png","fdeb63c934baf6440eae11e36133036202daa3ba17e96c348e2f6d31b68f30f5","218884"
"12_BattleReward/02_Assets/T_Relic_InkTalisman.png","682b344ad6314f20cc674ceeb4689912deb3aea5713e1e3659f7015f1ad4d09b","286438"
"12_BattleReward/02_Assets/T_Relic_IronKnot.png","c93271cae47dffbac0875628d7bbbaebe4ec24d29b3101936412c0e6550e69d4","235638"
"12_BattleReward/02_Assets/T_Relic_JadeBell.png","01363d8bde12bd07cba69dc39d14447ade18aac55dd118073b3b75e13b8934bb","204064"
"12_BattleReward/02_Assets/T_Relic_LifeSavingTalisman.png","7691334ad1eb7e854e3ec0924bb07dbc53e27f6d5a34ba61e547c4b9e010f0bc","330093"
"12_BattleReward/02_Assets/T_Relic_LotusSeed.png","26dbf51b59e39a5e546d0f7d81b642be66c130bfb3cc11ad03a3c94645c47ac6","260771"
"12_BattleReward/02_Assets/T_Relic_MedicineGourd.png","e77e0e6de4c3f05aa97a09bb6ffe3c09ab006067df81b895fd2a877f8f796d8a","180145"
"12_BattleReward/02_Assets/T_Relic_MoonDisc.png","8196b76b26f0e4d43a78dffe545775b91cd3965f8b2106c19c118dab22289589","272958"
"12_BattleReward/02_Assets/T_Relic_OldMap.png","704eb4c6d83050aee12b5112e7097d6b96f8d27e54737b710f441472126917f8","204557"
"12_BattleReward/02_Assets/T_Relic_PaperCrane.png","52e140d2be84ffeb45d75528d4388d0c8df6fe3458fc525cab1b1ed7f1895562","176696"
"12_BattleReward/02_Assets/T_Relic_PineCone.png","522802ce0b1339a2831d6fa9bb4ca0496adab5d1a8403f3ac4eb16ebe10ea51a","223841"
"12_BattleReward/02_Assets/T_Relic_RainCape.png","692f38acc44b1b6eba3949948469e330430665caec1f5d55df1dbec66ad472e0","264998"
"12_BattleReward/02_Assets/T_Relic_RedCord.png","4771f015818878d3446d2bd36cabba272d2d6b47afa908fb2b84658dceaf0f33","289941"
"12_BattleReward/02_Assets/T_Relic_RiverPearl.png","afdc09601f380a5fd9578263d86599ba51705ed3b5f4143e7f2633933b9e13d5","269838"
"12_BattleReward/02_Assets/T_Relic_StoneBead.png","0fdbc3feb0429bb4305ea26eda0273b1d592f93eb00212136be8921cf7eb47ca","231482"
"12_BattleReward/02_Assets/T_Relic_StoneLion.png","5aa7bbb0d130678ba5c0f8be63227bdc4a6bf7c9aa265aef723eb9f998f3129a","243763"
"12_BattleReward/02_Assets/T_Relic_SwordGuard.png","9db7594e53d24582b61a0c99245556d49c3204d7c61b998875a937f43f3c7374","147976"
"12_BattleReward/02_Assets/T_Relic_TeaBrick.png","9e538593cd98e7bbd70a9e19642d23c07cbb4eba6cd9b0e86dd774dcc0b16f80","317465"
"12_BattleReward/02_Assets/T_Relic_TigerSeal.png","8407ac8f5ba24f2ad60e66fea87a13850b328c7b5c275771455d44b4eac13e01","165591"
"12_BattleReward/02_Assets/T_Relic_WineCup.png","ff43eaebd5ecaee9a1e259c55481b7eb6c7e347fa84c8687a9a88b058133cb67","192252"
"12_BattleReward/02_Assets/T_TownBackpack_WindowFrame.png","bc4a4f47d15ad0c18b04827a0873da48092b5bdda5fbd7cbc4e8144348ed3f04","34341"
"12_BattleReward/03_Annotation_Guide/Guide_12_BattleReward.png","9a66eba2c944956604248afcd80840eb5fa468b3f1b681aa110eb354696c2e85","1969436"
"12_BattleReward/asset_manifest.csv","163a8a2248fe372adea4b8883d7c5600d3cd9acf28f1be2dde3640111114b78a","67099"
"12_BattleReward/README_替换说明.md","dccedde4adfc8addee69c125083b2012b640f0103cfee58119c371fe234e6a60","497"
"13_RouteEventChoice/01_Runtime_Screenshot/13_RouteEventChoice_Runtime.png","052d0c21f5c65d592afa351272aa10bbb1cf9c0f0b6ffd64f879de81f55320d4","537183"
"13_RouteEventChoice/02_Assets/宝箱.png","35a62efa5f4eafa7f4e561e03e1d9a063795988295f5f112f47ebbcb60ead224","84162"
"13_RouteEventChoice/02_Assets/宝箱1.png","693711bd98a1a9591d3098909003d75fdee03e4474ebae82e2254bb1aafc79f8","89800"
"13_RouteEventChoice/02_Assets/宝箱灰色.png","5fbc5682ffe50db1ba0de22c38e35790772bd5b595f534f08e4c6489db4291b0","17025"
"13_RouteEventChoice/02_Assets/勾选框.png","31aae5a5e9a5beb2e0d623561ae313b0f7225d3316af1c969ac35bda9e7c41db","137737"
"13_RouteEventChoice/02_Assets/篝火.png","0259212971e38356587d8ac24b9c2aa6d18760c73dd291c04715df2a8e5bbf01","128376"
"13_RouteEventChoice/02_Assets/篝火1.png","5308b0e0568c73f68bd6c6ed4e6a2fb9c2dc54e6abd22b6a06438005f6185617","114936"
"13_RouteEventChoice/02_Assets/篝火灰色.png","9695a9eee6b0be178eeafd6836c0ea6a101848daeb451e5d192c4c66345e77e7","34078"
"13_RouteEventChoice/02_Assets/脚印.png","c79cb9e97a7c32953e223daaeaa30dd1832924d92f6abe4c07875f21a7b652f6","23570"
"13_RouteEventChoice/02_Assets/精英怪.png","9e6b3341989a02e513e73d1f73e9fb0bac3f0cf46360a5091d1fed196ea4d960","116200"
"13_RouteEventChoice/02_Assets/精英怪1.png","9f94a2cf722eba1f0684f252e504b3302c3dffa1acecbef591e67cfb5cca95d1","86536"
"13_RouteEventChoice/02_Assets/精英怪灰色.png","048efc593d2c22261678857b4f8b242df3d58f4b4ba7cab11c5fb81c697a8d2d","37095"
"13_RouteEventChoice/02_Assets/灵魂数量.png","c73afa3c17b17ae31bb3a29bbe7ae46e78221ef9165d9d878beb8c0d09532d94","122813"
"13_RouteEventChoice/02_Assets/钱.png","a79b4add9c4cf706995169f7302fc11eeb17eca3f87933047d8f0c2b950fbee9","65917"
"13_RouteEventChoice/02_Assets/钱1.png","9aa245d4f52ca827127d5f4d3f0d57d516d70af1677953abaa889f602ccf50fb","70474"
"13_RouteEventChoice/02_Assets/钱灰色.png","2f4154e0bf51d28391b31226dfb104663c21e80d2a892d9736728355e74529e4","15486"
"13_RouteEventChoice/02_Assets/图层_1.png","f5e08d0823686c0482215e8611f1193c8d0a23e067480153f0abdf6466c05628","1800736"
"13_RouteEventChoice/02_Assets/图例.png","1557474ba7559dd4bbd18b855f6973a20b5814c71a9670da71186ebf257a8215","251781"
"13_RouteEventChoice/02_Assets/问号.png","e8cc72dac71424edb42877487050c3f770235517d5673417c1f072ad33d8f316","48870"
"13_RouteEventChoice/02_Assets/问号1.png","082535dc24a5449d380cd52ab3fda4fa3abf89c80114e2c9d873db1366967637","52813"
"13_RouteEventChoice/02_Assets/问号灰色.png","885e572055ff0876954af228fc2cd63f5707e8df59e536461db1dfb2c38f65d7","14184"
"13_RouteEventChoice/02_Assets/小怪.png","768497a4f718520d7392163384b8c26ce2b1997596b6723ba794179fd32ef880","90455"
"13_RouteEventChoice/02_Assets/小怪1.png","36fa5eaed3b61a9ee7166bdf5cbd3f2c3625170e4591985b5f8e3ff5f015f56f","80354"
"13_RouteEventChoice/02_Assets/小怪灰色.png","9849eef9842ce09aef86bfd89ef981e1a013c25afa5e7b17eae81524eb5b3ea1","21680"
"13_RouteEventChoice/02_Assets/T_InkButtonBase.png","e20bdb6eb81d176461d6ed90810f2cc341d4ab95ad1e9f9896fab3f7999dc166","1327985"
"13_RouteEventChoice/02_Assets/T_MasterV2_CardFrame.png","27f11e3eb3b16967465727b9b9b630b04f59fa71f5c37766be4536e43e15e48f","369811"
"13_RouteEventChoice/02_Assets/T_MasterV2_CardLockedIcon.png","a24dad3b2ae8f46c92675c3b19afe469c94a8fb1b71cb34e329d00e9995baf31","535069"
"13_RouteEventChoice/02_Assets/T_MasterV2_CloseInk.png","2a00ff652ba7d64b47ace99daf271082655713c56a4c81ec7954d68f4da41a1d","1653325"
"13_RouteEventChoice/02_Assets/T_MasterV2_ItemSlot.png","cdbdeb3101bcf3e4259f58f641d9f70913d0c6ca91870e8654b2b004e23db511","16367"
"13_RouteEventChoice/02_Assets/T_MasterV2_PanelLarge.png","76b8fbd518edb62d2d6275a339e2b8bf1c5808c306e57779aaa5dd89ae9b5be8","1587863"
"13_RouteEventChoice/02_Assets/T_MasterV2_SquareSelected.png","0c1a97c69e326ba1fe6cc874105954f9821cc5aafd0f9a01da23a4e5f6673bf8","16183"
"13_RouteEventChoice/02_Assets/T_Relic_AncientCoin.png","8707aaa794c4070aa5ca6f5dc43f811604920a1046c7786df05af38a161c7f28","294237"
"13_RouteEventChoice/02_Assets/T_Relic_BambooTally.png","cc0a3d33adb7bc7886393a603e8d6d6079e1f7691394445b68c0068e042f2d58","174463"
"13_RouteEventChoice/02_Assets/T_Relic_BrokenArrow.png","260610efb57b7f47367d755aab70207bfa283986d52de9eb0040664514638049","187547"
"13_RouteEventChoice/02_Assets/T_Relic_BronzeNeedle.png","3815ed15b692dfdb8be467c0c77ae3ad1ef3024ff628583ad1cf9940c762f9f5","153650"
"13_RouteEventChoice/02_Assets/T_Relic_CandleStub.png","6fb97349f744e7dc9149236b4e74858a0e56484c5db97b0ece6df99e96d2578a","191038"
"13_RouteEventChoice/02_Assets/T_Relic_ChessStone.png","f6949a4c601e5498839846c0c2126c418b6b4816c2f4cacf18a3d2ee98418db8","207718"
"13_RouteEventChoice/02_Assets/T_Relic_CloudMirror.png","773f6694c7e6e74f6b13fa4ffa6976ab410d34680c8895c73cacc560586b4600","189128"
"13_RouteEventChoice/02_Assets/T_Relic_Compass.png","e3f5d7131a64b4eb9c897f32302097c7e129ecd84a1fbbe4c83c08e99457f4b4","216706"
"13_RouteEventChoice/02_Assets/T_Relic_CraneFeather.png","7ee12217221fc08fdc36fd83ba50142cef1753207c2cfa824bcde19a5f20cc43","178487"
"13_RouteEventChoice/02_Assets/T_Relic_DrumCharm.png","3f3272f05393de53b7079a167b9f04f0f3876e9809bf430246fe379de60f6140","243392"
"13_RouteEventChoice/02_Assets/T_Relic_FoxMask.png","20c9c922cc8e25fc3b6451deb4b5f9b27e886cdf12cafd0329641d41b89ec139","258058"
"13_RouteEventChoice/02_Assets/T_Relic_HerbBasket.png","fdeb63c934baf6440eae11e36133036202daa3ba17e96c348e2f6d31b68f30f5","218884"
"13_RouteEventChoice/02_Assets/T_Relic_InkTalisman.png","682b344ad6314f20cc674ceeb4689912deb3aea5713e1e3659f7015f1ad4d09b","286438"
"13_RouteEventChoice/02_Assets/T_Relic_IronKnot.png","c93271cae47dffbac0875628d7bbbaebe4ec24d29b3101936412c0e6550e69d4","235638"
"13_RouteEventChoice/02_Assets/T_Relic_JadeBell.png","01363d8bde12bd07cba69dc39d14447ade18aac55dd118073b3b75e13b8934bb","204064"
"13_RouteEventChoice/02_Assets/T_Relic_LifeSavingTalisman.png","7691334ad1eb7e854e3ec0924bb07dbc53e27f6d5a34ba61e547c4b9e010f0bc","330093"
"13_RouteEventChoice/02_Assets/T_Relic_LotusSeed.png","26dbf51b59e39a5e546d0f7d81b642be66c130bfb3cc11ad03a3c94645c47ac6","260771"
"13_RouteEventChoice/02_Assets/T_Relic_MedicineGourd.png","e77e0e6de4c3f05aa97a09bb6ffe3c09ab006067df81b895fd2a877f8f796d8a","180145"
"13_RouteEventChoice/02_Assets/T_Relic_MoonDisc.png","8196b76b26f0e4d43a78dffe545775b91cd3965f8b2106c19c118dab22289589","272958"
"13_RouteEventChoice/02_Assets/T_Relic_OldMap.png","704eb4c6d83050aee12b5112e7097d6b96f8d27e54737b710f441472126917f8","204557"
"13_RouteEventChoice/02_Assets/T_Relic_PaperCrane.png","52e140d2be84ffeb45d75528d4388d0c8df6fe3458fc525cab1b1ed7f1895562","176696"
"13_RouteEventChoice/02_Assets/T_Relic_PineCone.png","522802ce0b1339a2831d6fa9bb4ca0496adab5d1a8403f3ac4eb16ebe10ea51a","223841"
"13_RouteEventChoice/02_Assets/T_Relic_RainCape.png","692f38acc44b1b6eba3949948469e330430665caec1f5d55df1dbec66ad472e0","264998"
"13_RouteEventChoice/02_Assets/T_Relic_RedCord.png","4771f015818878d3446d2bd36cabba272d2d6b47afa908fb2b84658dceaf0f33","289941"
"13_RouteEventChoice/02_Assets/T_Relic_RiverPearl.png","afdc09601f380a5fd9578263d86599ba51705ed3b5f4143e7f2633933b9e13d5","269838"
"13_RouteEventChoice/02_Assets/T_Relic_StoneBead.png","0fdbc3feb0429bb4305ea26eda0273b1d592f93eb00212136be8921cf7eb47ca","231482"
"13_RouteEventChoice/02_Assets/T_Relic_StoneLion.png","5aa7bbb0d130678ba5c0f8be63227bdc4a6bf7c9aa265aef723eb9f998f3129a","243763"
"13_RouteEventChoice/02_Assets/T_Relic_SwordGuard.png","9db7594e53d24582b61a0c99245556d49c3204d7c61b998875a937f43f3c7374","147976"
"13_RouteEventChoice/02_Assets/T_Relic_TeaBrick.png","9e538593cd98e7bbd70a9e19642d23c07cbb4eba6cd9b0e86dd774dcc0b16f80","317465"
"13_RouteEventChoice/02_Assets/T_Relic_TigerSeal.png","8407ac8f5ba24f2ad60e66fea87a13850b328c7b5c275771455d44b4eac13e01","165591"
"13_RouteEventChoice/02_Assets/T_Relic_WineCup.png","ff43eaebd5ecaee9a1e259c55481b7eb6c7e347fa84c8687a9a88b058133cb67","192252"
"13_RouteEventChoice/02_Assets/T_TownBackpack_ActionBlank.png","8dae7bf29c4177ad381244ac3ee746360715dc1a786e01c082c8f2613600cbd4","2920"
"13_RouteEventChoice/02_Assets/T_TownBackpack_Header.png","31c389d9e9ad2e5ec56e1173f8cd6bd1e5f770dbf28404534f2d9b22d9e94b6f","8488"
"13_RouteEventChoice/02_Assets/T_TownBackpack_WindowFrame.png","bc4a4f47d15ad0c18b04827a0873da48092b5bdda5fbd7cbc4e8144348ed3f04","34341"
"13_RouteEventChoice/03_Annotation_Guide/Guide_13_RouteEventChoice.png","1c83a80da068600bbbcd055e038636dad50f1af7f39b0b0bc84eb5c2181bc9d0","524977"
"13_RouteEventChoice/asset_manifest.csv","a3e7b1a36dc17d105d2b8abea6b69602b42440948c42414021a1e996f8ab2955","23282"
"13_RouteEventChoice/README_替换说明.md","e7d5cd45f09640a80d8a1a9fb06741c7e9dfb8496e7d5d35a49046aefdd5321c","501"
"14_RouteCamp/01_Runtime_Screenshot/14_RouteCamp_Runtime.png","bb659515849f2fc13df755775652997fa6c135de425563b086afa764a5372124","506129"
"14_RouteCamp/02_Assets/宝箱.png","35a62efa5f4eafa7f4e561e03e1d9a063795988295f5f112f47ebbcb60ead224","84162"
"14_RouteCamp/02_Assets/宝箱1.png","693711bd98a1a9591d3098909003d75fdee03e4474ebae82e2254bb1aafc79f8","89800"
"14_RouteCamp/02_Assets/宝箱灰色.png","5fbc5682ffe50db1ba0de22c38e35790772bd5b595f534f08e4c6489db4291b0","17025"
"14_RouteCamp/02_Assets/勾选框.png","31aae5a5e9a5beb2e0d623561ae313b0f7225d3316af1c969ac35bda9e7c41db","137737"
"14_RouteCamp/02_Assets/篝火.png","0259212971e38356587d8ac24b9c2aa6d18760c73dd291c04715df2a8e5bbf01","128376"
"14_RouteCamp/02_Assets/篝火1.png","5308b0e0568c73f68bd6c6ed4e6a2fb9c2dc54e6abd22b6a06438005f6185617","114936"
"14_RouteCamp/02_Assets/篝火灰色.png","9695a9eee6b0be178eeafd6836c0ea6a101848daeb451e5d192c4c66345e77e7","34078"
"14_RouteCamp/02_Assets/脚印.png","c79cb9e97a7c32953e223daaeaa30dd1832924d92f6abe4c07875f21a7b652f6","23570"
"14_RouteCamp/02_Assets/精英怪.png","9e6b3341989a02e513e73d1f73e9fb0bac3f0cf46360a5091d1fed196ea4d960","116200"
"14_RouteCamp/02_Assets/精英怪1.png","9f94a2cf722eba1f0684f252e504b3302c3dffa1acecbef591e67cfb5cca95d1","86536"
"14_RouteCamp/02_Assets/精英怪灰色.png","048efc593d2c22261678857b4f8b242df3d58f4b4ba7cab11c5fb81c697a8d2d","37095"
"14_RouteCamp/02_Assets/灵魂数量.png","c73afa3c17b17ae31bb3a29bbe7ae46e78221ef9165d9d878beb8c0d09532d94","122813"
"14_RouteCamp/02_Assets/钱.png","a79b4add9c4cf706995169f7302fc11eeb17eca3f87933047d8f0c2b950fbee9","65917"
"14_RouteCamp/02_Assets/钱1.png","9aa245d4f52ca827127d5f4d3f0d57d516d70af1677953abaa889f602ccf50fb","70474"
"14_RouteCamp/02_Assets/钱灰色.png","2f4154e0bf51d28391b31226dfb104663c21e80d2a892d9736728355e74529e4","15486"
"14_RouteCamp/02_Assets/图层_1.png","f5e08d0823686c0482215e8611f1193c8d0a23e067480153f0abdf6466c05628","1800736"
"14_RouteCamp/02_Assets/图例.png","1557474ba7559dd4bbd18b855f6973a20b5814c71a9670da71186ebf257a8215","251781"
"14_RouteCamp/02_Assets/问号.png","e8cc72dac71424edb42877487050c3f770235517d5673417c1f072ad33d8f316","48870"
"14_RouteCamp/02_Assets/问号1.png","082535dc24a5449d380cd52ab3fda4fa3abf89c80114e2c9d873db1366967637","52813"
"14_RouteCamp/02_Assets/问号灰色.png","885e572055ff0876954af228fc2cd63f5707e8df59e536461db1dfb2c38f65d7","14184"
"14_RouteCamp/02_Assets/小怪.png","768497a4f718520d7392163384b8c26ce2b1997596b6723ba794179fd32ef880","90455"
"14_RouteCamp/02_Assets/小怪1.png","36fa5eaed3b61a9ee7166bdf5cbd3f2c3625170e4591985b5f8e3ff5f015f56f","80354"
"14_RouteCamp/02_Assets/小怪灰色.png","9849eef9842ce09aef86bfd89ef981e1a013c25afa5e7b17eae81524eb5b3ea1","21680"
"14_RouteCamp/02_Assets/T_InkButtonBase.png","e20bdb6eb81d176461d6ed90810f2cc341d4ab95ad1e9f9896fab3f7999dc166","1327985"
"14_RouteCamp/02_Assets/T_MasterV2_CardFrame.png","27f11e3eb3b16967465727b9b9b630b04f59fa71f5c37766be4536e43e15e48f","369811"
"14_RouteCamp/02_Assets/T_MasterV2_CardLockedIcon.png","a24dad3b2ae8f46c92675c3b19afe469c94a8fb1b71cb34e329d00e9995baf31","535069"
"14_RouteCamp/02_Assets/T_MasterV2_CloseInk.png","2a00ff652ba7d64b47ace99daf271082655713c56a4c81ec7954d68f4da41a1d","1653325"
"14_RouteCamp/02_Assets/T_MasterV2_ItemSlot.png","cdbdeb3101bcf3e4259f58f641d9f70913d0c6ca91870e8654b2b004e23db511","16367"
"14_RouteCamp/02_Assets/T_MasterV2_PanelLarge.png","76b8fbd518edb62d2d6275a339e2b8bf1c5808c306e57779aaa5dd89ae9b5be8","1587863"
"14_RouteCamp/02_Assets/T_MasterV2_SquareSelected.png","0c1a97c69e326ba1fe6cc874105954f9821cc5aafd0f9a01da23a4e5f6673bf8","16183"
"14_RouteCamp/02_Assets/T_Relic_AncientCoin.png","8707aaa794c4070aa5ca6f5dc43f811604920a1046c7786df05af38a161c7f28","294237"
"14_RouteCamp/02_Assets/T_Relic_BambooTally.png","cc0a3d33adb7bc7886393a603e8d6d6079e1f7691394445b68c0068e042f2d58","174463"
"14_RouteCamp/02_Assets/T_Relic_BrokenArrow.png","260610efb57b7f47367d755aab70207bfa283986d52de9eb0040664514638049","187547"
"14_RouteCamp/02_Assets/T_Relic_BronzeNeedle.png","3815ed15b692dfdb8be467c0c77ae3ad1ef3024ff628583ad1cf9940c762f9f5","153650"
"14_RouteCamp/02_Assets/T_Relic_CandleStub.png","6fb97349f744e7dc9149236b4e74858a0e56484c5db97b0ece6df99e96d2578a","191038"
"14_RouteCamp/02_Assets/T_Relic_ChessStone.png","f6949a4c601e5498839846c0c2126c418b6b4816c2f4cacf18a3d2ee98418db8","207718"
"14_RouteCamp/02_Assets/T_Relic_CloudMirror.png","773f6694c7e6e74f6b13fa4ffa6976ab410d34680c8895c73cacc560586b4600","189128"
"14_RouteCamp/02_Assets/T_Relic_Compass.png","e3f5d7131a64b4eb9c897f32302097c7e129ecd84a1fbbe4c83c08e99457f4b4","216706"
"14_RouteCamp/02_Assets/T_Relic_CraneFeather.png","7ee12217221fc08fdc36fd83ba50142cef1753207c2cfa824bcde19a5f20cc43","178487"
"14_RouteCamp/02_Assets/T_Relic_DrumCharm.png","3f3272f05393de53b7079a167b9f04f0f3876e9809bf430246fe379de60f6140","243392"
"14_RouteCamp/02_Assets/T_Relic_FoxMask.png","20c9c922cc8e25fc3b6451deb4b5f9b27e886cdf12cafd0329641d41b89ec139","258058"
"14_RouteCamp/02_Assets/T_Relic_HerbBasket.png","fdeb63c934baf6440eae11e36133036202daa3ba17e96c348e2f6d31b68f30f5","218884"
"14_RouteCamp/02_Assets/T_Relic_InkTalisman.png","682b344ad6314f20cc674ceeb4689912deb3aea5713e1e3659f7015f1ad4d09b","286438"
"14_RouteCamp/02_Assets/T_Relic_IronKnot.png","c93271cae47dffbac0875628d7bbbaebe4ec24d29b3101936412c0e6550e69d4","235638"
"14_RouteCamp/02_Assets/T_Relic_JadeBell.png","01363d8bde12bd07cba69dc39d14447ade18aac55dd118073b3b75e13b8934bb","204064"
"14_RouteCamp/02_Assets/T_Relic_LifeSavingTalisman.png","7691334ad1eb7e854e3ec0924bb07dbc53e27f6d5a34ba61e547c4b9e010f0bc","330093"
"14_RouteCamp/02_Assets/T_Relic_LotusSeed.png","26dbf51b59e39a5e546d0f7d81b642be66c130bfb3cc11ad03a3c94645c47ac6","260771"
"14_RouteCamp/02_Assets/T_Relic_MedicineGourd.png","e77e0e6de4c3f05aa97a09bb6ffe3c09ab006067df81b895fd2a877f8f796d8a","180145"
"14_RouteCamp/02_Assets/T_Relic_MoonDisc.png","8196b76b26f0e4d43a78dffe545775b91cd3965f8b2106c19c118dab22289589","272958"
"14_RouteCamp/02_Assets/T_Relic_OldMap.png","704eb4c6d83050aee12b5112e7097d6b96f8d27e54737b710f441472126917f8","204557"
"14_RouteCamp/02_Assets/T_Relic_PaperCrane.png","52e140d2be84ffeb45d75528d4388d0c8df6fe3458fc525cab1b1ed7f1895562","176696"
"14_RouteCamp/02_Assets/T_Relic_PineCone.png","522802ce0b1339a2831d6fa9bb4ca0496adab5d1a8403f3ac4eb16ebe10ea51a","223841"
"14_RouteCamp/02_Assets/T_Relic_RainCape.png","692f38acc44b1b6eba3949948469e330430665caec1f5d55df1dbec66ad472e0","264998"
"14_RouteCamp/02_Assets/T_Relic_RedCord.png","4771f015818878d3446d2bd36cabba272d2d6b47afa908fb2b84658dceaf0f33","289941"
"14_RouteCamp/02_Assets/T_Relic_RiverPearl.png","afdc09601f380a5fd9578263d86599ba51705ed3b5f4143e7f2633933b9e13d5","269838"
"14_RouteCamp/02_Assets/T_Relic_StoneBead.png","0fdbc3feb0429bb4305ea26eda0273b1d592f93eb00212136be8921cf7eb47ca","231482"
"14_RouteCamp/02_Assets/T_Relic_StoneLion.png","5aa7bbb0d130678ba5c0f8be63227bdc4a6bf7c9aa265aef723eb9f998f3129a","243763"
"14_RouteCamp/02_Assets/T_Relic_SwordGuard.png","9db7594e53d24582b61a0c99245556d49c3204d7c61b998875a937f43f3c7374","147976"
"14_RouteCamp/02_Assets/T_Relic_TeaBrick.png","9e538593cd98e7bbd70a9e19642d23c07cbb4eba6cd9b0e86dd774dcc0b16f80","317465"
"14_RouteCamp/02_Assets/T_Relic_TigerSeal.png","8407ac8f5ba24f2ad60e66fea87a13850b328c7b5c275771455d44b4eac13e01","165591"
"14_RouteCamp/02_Assets/T_Relic_WineCup.png","ff43eaebd5ecaee9a1e259c55481b7eb6c7e347fa84c8687a9a88b058133cb67","192252"
"14_RouteCamp/02_Assets/T_TownBackpack_ActionBlank.png","8dae7bf29c4177ad381244ac3ee746360715dc1a786e01c082c8f2613600cbd4","2920"
"14_RouteCamp/02_Assets/T_TownBackpack_Header.png","31c389d9e9ad2e5ec56e1173f8cd6bd1e5f770dbf28404534f2d9b22d9e94b6f","8488"
"14_RouteCamp/02_Assets/T_TownBackpack_WindowFrame.png","bc4a4f47d15ad0c18b04827a0873da48092b5bdda5fbd7cbc4e8144348ed3f04","34341"
"14_RouteCamp/03_Annotation_Guide/Guide_14_RouteCamp.png","a4b704109972bc313e5e5c69ea6e951da8a7354e4626df12520ba5888908d22c","491513"
"14_RouteCamp/asset_manifest.csv","1c0736c6c345ca101e1ddfadbdc9d6da17ee3a55635da23b8c7a6d9d58431142","22827"
"14_RouteCamp/README_替换说明.md","4828de854f6c7f9b665e051a318964cca06bfb0a767752d4a1ec6a713987517d","494"
"15_RouteMerchant/01_Runtime_Screenshot/15_RouteMerchant_Runtime.png","86cbcd5e502449fe853f10d8668e0814b4b6fdab70fd966bfb542d738823b48c","529751"
"15_RouteMerchant/02_Assets/宝箱.png","35a62efa5f4eafa7f4e561e03e1d9a063795988295f5f112f47ebbcb60ead224","84162"
"15_RouteMerchant/02_Assets/宝箱1.png","693711bd98a1a9591d3098909003d75fdee03e4474ebae82e2254bb1aafc79f8","89800"
"15_RouteMerchant/02_Assets/宝箱灰色.png","5fbc5682ffe50db1ba0de22c38e35790772bd5b595f534f08e4c6489db4291b0","17025"
"15_RouteMerchant/02_Assets/勾选框.png","31aae5a5e9a5beb2e0d623561ae313b0f7225d3316af1c969ac35bda9e7c41db","137737"
"15_RouteMerchant/02_Assets/篝火.png","0259212971e38356587d8ac24b9c2aa6d18760c73dd291c04715df2a8e5bbf01","128376"
"15_RouteMerchant/02_Assets/篝火1.png","5308b0e0568c73f68bd6c6ed4e6a2fb9c2dc54e6abd22b6a06438005f6185617","114936"
"15_RouteMerchant/02_Assets/篝火灰色.png","9695a9eee6b0be178eeafd6836c0ea6a101848daeb451e5d192c4c66345e77e7","34078"
"15_RouteMerchant/02_Assets/脚印.png","c79cb9e97a7c32953e223daaeaa30dd1832924d92f6abe4c07875f21a7b652f6","23570"
"15_RouteMerchant/02_Assets/精英怪.png","9e6b3341989a02e513e73d1f73e9fb0bac3f0cf46360a5091d1fed196ea4d960","116200"
"15_RouteMerchant/02_Assets/精英怪1.png","9f94a2cf722eba1f0684f252e504b3302c3dffa1acecbef591e67cfb5cca95d1","86536"
"15_RouteMerchant/02_Assets/精英怪灰色.png","048efc593d2c22261678857b4f8b242df3d58f4b4ba7cab11c5fb81c697a8d2d","37095"
"15_RouteMerchant/02_Assets/灵魂数量.png","c73afa3c17b17ae31bb3a29bbe7ae46e78221ef9165d9d878beb8c0d09532d94","122813"
"15_RouteMerchant/02_Assets/钱.png","a79b4add9c4cf706995169f7302fc11eeb17eca3f87933047d8f0c2b950fbee9","65917"
"15_RouteMerchant/02_Assets/钱1.png","9aa245d4f52ca827127d5f4d3f0d57d516d70af1677953abaa889f602ccf50fb","70474"
"15_RouteMerchant/02_Assets/钱灰色.png","2f4154e0bf51d28391b31226dfb104663c21e80d2a892d9736728355e74529e4","15486"
"15_RouteMerchant/02_Assets/图层_1.png","f5e08d0823686c0482215e8611f1193c8d0a23e067480153f0abdf6466c05628","1800736"
"15_RouteMerchant/02_Assets/图例.png","1557474ba7559dd4bbd18b855f6973a20b5814c71a9670da71186ebf257a8215","251781"
"15_RouteMerchant/02_Assets/问号.png","e8cc72dac71424edb42877487050c3f770235517d5673417c1f072ad33d8f316","48870"
"15_RouteMerchant/02_Assets/问号1.png","082535dc24a5449d380cd52ab3fda4fa3abf89c80114e2c9d873db1366967637","52813"
"15_RouteMerchant/02_Assets/问号灰色.png","885e572055ff0876954af228fc2cd63f5707e8df59e536461db1dfb2c38f65d7","14184"
"15_RouteMerchant/02_Assets/小怪.png","768497a4f718520d7392163384b8c26ce2b1997596b6723ba794179fd32ef880","90455"
"15_RouteMerchant/02_Assets/小怪1.png","36fa5eaed3b61a9ee7166bdf5cbd3f2c3625170e4591985b5f8e3ff5f015f56f","80354"
"15_RouteMerchant/02_Assets/小怪灰色.png","9849eef9842ce09aef86bfd89ef981e1a013c25afa5e7b17eae81524eb5b3ea1","21680"
"15_RouteMerchant/02_Assets/T_CardFrame_PSD057.png","555a38b8cffd58b3e3490b6eb8936e7856826f2cee3c33a4947ea2140acb7ded","364431"
"15_RouteMerchant/02_Assets/T_CardPortrait_Hero.png","d0cf7373dcf47783d9fda80a3654df001b73b0b437bc91d41f7de001e3745f60","38464"
"15_RouteMerchant/02_Assets/T_CardPortrait_Npc_JinGui.png","e3a75a5364d1c66dc66eea0accf890aaf4584db9630fc2d61b5a3ef8eaa9a7cd","37814"
"15_RouteMerchant/02_Assets/T_CardPortrait_Npc_QiongMeiEr.png","3403b1d307785f7f154e689af5b85c1f7e8a3711427f1f4238d5d20a3882ca13","34385"
"15_RouteMerchant/02_Assets/T_CardPortrait_Npc_SongJinBao.png","ffccb23824867bde08558647a04d427510d06ca90d8558fc39cffe54c4e90f09","39025"
"15_RouteMerchant/02_Assets/T_CardPortrait_Npc_TusiChief.png","daafe5511984b8a86a76f3d5a1267233aef29f812619a3d08ee93b96203ff516","61699"
"15_RouteMerchant/02_Assets/T_CardPortrait_Npc_YueBai.png","fef51b47e244718b02b3b7877b91cfb95a849d2784d163eedcf4019ef6bbcbfc","38520"
"15_RouteMerchant/02_Assets/T_CardPortrait_Npc_ZhouGuangZu.png","f40c785e25989525b809700a5439ca62234a36f255e612ea199997d7415c24e5","68399"
"15_RouteMerchant/02_Assets/T_CardPortrait_Role_Blade.png","bb4b729318b6ff06817a825bea2ee1d6aeddb08db3f60ad7c67088ca7e56c8a2","31249"
"15_RouteMerchant/02_Assets/T_CardPortrait_Role_FormationMaster.png","3d48c7b0e061d0db6e50a6b40aa8ab55b20c536473413713e3c8366765de95e0","42650"
"15_RouteMerchant/02_Assets/T_CardPortrait_Role_Guard.png","7752fe8da78b3eb1ead6dbd7af11a86a9491dfc6f83d039ca3d0f2f244f42566","54103"
"15_RouteMerchant/02_Assets/T_CardPortrait_Role_Healer.png","8845973acd8ee10c6acb5e635622f6ac220e5043ebf9d8e2dcf58fb5144e4651","53215"
"15_RouteMerchant/02_Assets/T_CardPortrait_Role_Hunter.png","f57689d0d86b6bbbd8f18d6f2fd6291c11551983afbdd2e2d9871319d285c6d1","36976"
"15_RouteMerchant/02_Assets/T_CardPortrait_Role_Sorcerer.png","7268a91ab6a3335f686208c07ebeed55884c9277564e9255dc5bfca0402c5607","37489"
"15_RouteMerchant/02_Assets/T_CardPortrait_Route_Boss.png","93da682f42bf1f779f95327bf650a849b9437529010eb26596a91734dc63feaf","56571"
"15_RouteMerchant/02_Assets/T_CardPortrait_Route_General.png","684117bbecaf42eff2a7fb296d49b15d550a69d312e128782c1ae41d2b5259d7","29893"
"15_RouteMerchant/02_Assets/T_CardPortrait_Route_Rare.png","762651fa93ff65b55f7b411e22336e023e715c8aafea229b5d83ba4f1590760a","36757"
"15_RouteMerchant/02_Assets/T_CardPortrait_Route_Terrain.png","761fbc77b21ef2d73319fc649f70ffa6c6f08fe50dde3ee27dcc87cd058187eb","32969"
"15_RouteMerchant/02_Assets/T_MasterV2_ItemSlot.png","cdbdeb3101bcf3e4259f58f641d9f70913d0c6ca91870e8654b2b004e23db511","16367"
"15_RouteMerchant/02_Assets/T_Relic_AncientCoin.png","8707aaa794c4070aa5ca6f5dc43f811604920a1046c7786df05af38a161c7f28","294237"
"15_RouteMerchant/02_Assets/T_Relic_BambooTally.png","cc0a3d33adb7bc7886393a603e8d6d6079e1f7691394445b68c0068e042f2d58","174463"
"15_RouteMerchant/02_Assets/T_Relic_BrokenArrow.png","260610efb57b7f47367d755aab70207bfa283986d52de9eb0040664514638049","187547"
"15_RouteMerchant/02_Assets/T_Relic_BronzeNeedle.png","3815ed15b692dfdb8be467c0c77ae3ad1ef3024ff628583ad1cf9940c762f9f5","153650"
"15_RouteMerchant/02_Assets/T_Relic_CandleStub.png","6fb97349f744e7dc9149236b4e74858a0e56484c5db97b0ece6df99e96d2578a","191038"
"15_RouteMerchant/02_Assets/T_Relic_ChessStone.png","f6949a4c601e5498839846c0c2126c418b6b4816c2f4cacf18a3d2ee98418db8","207718"
"15_RouteMerchant/02_Assets/T_Relic_CloudMirror.png","773f6694c7e6e74f6b13fa4ffa6976ab410d34680c8895c73cacc560586b4600","189128"
"15_RouteMerchant/02_Assets/T_Relic_Compass.png","e3f5d7131a64b4eb9c897f32302097c7e129ecd84a1fbbe4c83c08e99457f4b4","216706"
"15_RouteMerchant/02_Assets/T_Relic_CraneFeather.png","7ee12217221fc08fdc36fd83ba50142cef1753207c2cfa824bcde19a5f20cc43","178487"
"15_RouteMerchant/02_Assets/T_Relic_DrumCharm.png","3f3272f05393de53b7079a167b9f04f0f3876e9809bf430246fe379de60f6140","243392"
"15_RouteMerchant/02_Assets/T_Relic_FoxMask.png","20c9c922cc8e25fc3b6451deb4b5f9b27e886cdf12cafd0329641d41b89ec139","258058"
"15_RouteMerchant/02_Assets/T_Relic_HerbBasket.png","fdeb63c934baf6440eae11e36133036202daa3ba17e96c348e2f6d31b68f30f5","218884"
"15_RouteMerchant/02_Assets/T_Relic_InkTalisman.png","682b344ad6314f20cc674ceeb4689912deb3aea5713e1e3659f7015f1ad4d09b","286438"
"15_RouteMerchant/02_Assets/T_Relic_IronKnot.png","c93271cae47dffbac0875628d7bbbaebe4ec24d29b3101936412c0e6550e69d4","235638"
"15_RouteMerchant/02_Assets/T_Relic_JadeBell.png","01363d8bde12bd07cba69dc39d14447ade18aac55dd118073b3b75e13b8934bb","204064"
"15_RouteMerchant/02_Assets/T_Relic_LifeSavingTalisman.png","7691334ad1eb7e854e3ec0924bb07dbc53e27f6d5a34ba61e547c4b9e010f0bc","330093"
"15_RouteMerchant/02_Assets/T_Relic_LotusSeed.png","26dbf51b59e39a5e546d0f7d81b642be66c130bfb3cc11ad03a3c94645c47ac6","260771"
"15_RouteMerchant/02_Assets/T_Relic_MedicineGourd.png","e77e0e6de4c3f05aa97a09bb6ffe3c09ab006067df81b895fd2a877f8f796d8a","180145"
"15_RouteMerchant/02_Assets/T_Relic_MoonDisc.png","8196b76b26f0e4d43a78dffe545775b91cd3965f8b2106c19c118dab22289589","272958"
"15_RouteMerchant/02_Assets/T_Relic_OldMap.png","704eb4c6d83050aee12b5112e7097d6b96f8d27e54737b710f441472126917f8","204557"
"15_RouteMerchant/02_Assets/T_Relic_PaperCrane.png","52e140d2be84ffeb45d75528d4388d0c8df6fe3458fc525cab1b1ed7f1895562","176696"
"15_RouteMerchant/02_Assets/T_Relic_PineCone.png","522802ce0b1339a2831d6fa9bb4ca0496adab5d1a8403f3ac4eb16ebe10ea51a","223841"
"15_RouteMerchant/02_Assets/T_Relic_RainCape.png","692f38acc44b1b6eba3949948469e330430665caec1f5d55df1dbec66ad472e0","264998"
"15_RouteMerchant/02_Assets/T_Relic_RedCord.png","4771f015818878d3446d2bd36cabba272d2d6b47afa908fb2b84658dceaf0f33","289941"
"15_RouteMerchant/02_Assets/T_Relic_RiverPearl.png","afdc09601f380a5fd9578263d86599ba51705ed3b5f4143e7f2633933b9e13d5","269838"
"15_RouteMerchant/02_Assets/T_Relic_StoneBead.png","0fdbc3feb0429bb4305ea26eda0273b1d592f93eb00212136be8921cf7eb47ca","231482"
"15_RouteMerchant/02_Assets/T_Relic_StoneLion.png","5aa7bbb0d130678ba5c0f8be63227bdc4a6bf7c9aa265aef723eb9f998f3129a","243763"
"15_RouteMerchant/02_Assets/T_Relic_SwordGuard.png","9db7594e53d24582b61a0c99245556d49c3204d7c61b998875a937f43f3c7374","147976"
"15_RouteMerchant/02_Assets/T_Relic_TeaBrick.png","9e538593cd98e7bbd70a9e19642d23c07cbb4eba6cd9b0e86dd774dcc0b16f80","317465"
"15_RouteMerchant/02_Assets/T_Relic_TigerSeal.png","8407ac8f5ba24f2ad60e66fea87a13850b328c7b5c275771455d44b4eac13e01","165591"
"15_RouteMerchant/02_Assets/T_Relic_WineCup.png","ff43eaebd5ecaee9a1e259c55481b7eb6c7e347fa84c8687a9a88b058133cb67","192252"
"15_RouteMerchant/02_Assets/T_TownBackpack_WindowFrame.png","bc4a4f47d15ad0c18b04827a0873da48092b5bdda5fbd7cbc4e8144348ed3f04","34341"
"15_RouteMerchant/02_Assets/T_TownPsd_ButtonPrimary.png","7c98c9fdb468b891df959968f50e9ddecc8ebf2ae46f170bae706298446d118a","9141"
"15_RouteMerchant/03_Annotation_Guide/Guide_15_RouteMerchant.png","eb133825d4a0e47461b34976ded313b6fbf874113b53494deebeecb262584147","558615"
"15_RouteMerchant/asset_manifest.csv","cf0803c49c35db617fd7bcd0aedd06655cfba4c333804bf9e51612903f4b982c","26855"
"15_RouteMerchant/README_替换说明.md","bea8ff7d1d30b8d6718d1a031c1cc4d483696edfbcd5165542e5999ab7349b89","498"
"16_RouteAbandonConfirm/01_Runtime_Screenshot/RouteAbandonConfirm_Runtime.png","a1d0c552b6941a014da6d25bab7a5aa84612c5928af813d4cbd6d8927711114e","354030"
"16_RouteAbandonConfirm/02_Assets/宝箱.png","35a62efa5f4eafa7f4e561e03e1d9a063795988295f5f112f47ebbcb60ead224","84162"
"16_RouteAbandonConfirm/02_Assets/宝箱1.png","693711bd98a1a9591d3098909003d75fdee03e4474ebae82e2254bb1aafc79f8","89800"
"16_RouteAbandonConfirm/02_Assets/宝箱灰色.png","5fbc5682ffe50db1ba0de22c38e35790772bd5b595f534f08e4c6489db4291b0","17025"
"16_RouteAbandonConfirm/02_Assets/勾选框.png","31aae5a5e9a5beb2e0d623561ae313b0f7225d3316af1c969ac35bda9e7c41db","137737"
"16_RouteAbandonConfirm/02_Assets/篝火.png","0259212971e38356587d8ac24b9c2aa6d18760c73dd291c04715df2a8e5bbf01","128376"
"16_RouteAbandonConfirm/02_Assets/篝火1.png","5308b0e0568c73f68bd6c6ed4e6a2fb9c2dc54e6abd22b6a06438005f6185617","114936"
"16_RouteAbandonConfirm/02_Assets/篝火灰色.png","9695a9eee6b0be178eeafd6836c0ea6a101848daeb451e5d192c4c66345e77e7","34078"
"16_RouteAbandonConfirm/02_Assets/脚印.png","c79cb9e97a7c32953e223daaeaa30dd1832924d92f6abe4c07875f21a7b652f6","23570"
"16_RouteAbandonConfirm/02_Assets/精英怪.png","9e6b3341989a02e513e73d1f73e9fb0bac3f0cf46360a5091d1fed196ea4d960","116200"
"16_RouteAbandonConfirm/02_Assets/精英怪1.png","9f94a2cf722eba1f0684f252e504b3302c3dffa1acecbef591e67cfb5cca95d1","86536"
"16_RouteAbandonConfirm/02_Assets/精英怪灰色.png","048efc593d2c22261678857b4f8b242df3d58f4b4ba7cab11c5fb81c697a8d2d","37095"
"16_RouteAbandonConfirm/02_Assets/灵魂数量.png","c73afa3c17b17ae31bb3a29bbe7ae46e78221ef9165d9d878beb8c0d09532d94","122813"
"16_RouteAbandonConfirm/02_Assets/钱.png","a79b4add9c4cf706995169f7302fc11eeb17eca3f87933047d8f0c2b950fbee9","65917"
"16_RouteAbandonConfirm/02_Assets/钱1.png","9aa245d4f52ca827127d5f4d3f0d57d516d70af1677953abaa889f602ccf50fb","70474"
"16_RouteAbandonConfirm/02_Assets/钱灰色.png","2f4154e0bf51d28391b31226dfb104663c21e80d2a892d9736728355e74529e4","15486"
"16_RouteAbandonConfirm/02_Assets/图层_1.png","f5e08d0823686c0482215e8611f1193c8d0a23e067480153f0abdf6466c05628","1800736"
"16_RouteAbandonConfirm/02_Assets/图例.png","1557474ba7559dd4bbd18b855f6973a20b5814c71a9670da71186ebf257a8215","251781"
"16_RouteAbandonConfirm/02_Assets/问号.png","e8cc72dac71424edb42877487050c3f770235517d5673417c1f072ad33d8f316","48870"
"16_RouteAbandonConfirm/02_Assets/问号1.png","082535dc24a5449d380cd52ab3fda4fa3abf89c80114e2c9d873db1366967637","52813"
"16_RouteAbandonConfirm/02_Assets/问号灰色.png","885e572055ff0876954af228fc2cd63f5707e8df59e536461db1dfb2c38f65d7","14184"
"16_RouteAbandonConfirm/02_Assets/小怪.png","768497a4f718520d7392163384b8c26ce2b1997596b6723ba794179fd32ef880","90455"
"16_RouteAbandonConfirm/02_Assets/小怪1.png","36fa5eaed3b61a9ee7166bdf5cbd3f2c3625170e4591985b5f8e3ff5f015f56f","80354"
"16_RouteAbandonConfirm/02_Assets/小怪灰色.png","9849eef9842ce09aef86bfd89ef981e1a013c25afa5e7b17eae81524eb5b3ea1","21680"
"16_RouteAbandonConfirm/02_Assets/T_InkButtonBase.png","e20bdb6eb81d176461d6ed90810f2cc341d4ab95ad1e9f9896fab3f7999dc166","1327985"
"16_RouteAbandonConfirm/02_Assets/T_MasterV2_CloseInk.png","2a00ff652ba7d64b47ace99daf271082655713c56a4c81ec7954d68f4da41a1d","1653325"
"16_RouteAbandonConfirm/02_Assets/T_MasterV2_ItemSlot.png","cdbdeb3101bcf3e4259f58f641d9f70913d0c6ca91870e8654b2b004e23db511","16367"
"16_RouteAbandonConfirm/02_Assets/T_MasterV2_PanelLarge.png","76b8fbd518edb62d2d6275a339e2b8bf1c5808c306e57779aaa5dd89ae9b5be8","1587863"
"16_RouteAbandonConfirm/03_Annotation_Guide/Guide_16_RouteAbandonConfirm.png","3b9c7a17c14d15c0eac29ec1ca19590032b274bdf3d4b1986e6140c6036fa083","323057"
"16_RouteAbandonConfirm/asset_manifest.csv","c30436708611f73b809d2632247be9fe0ef11a7bc1f7d54d2edd0eda9b689b74","9012"
"16_RouteAbandonConfirm/README_替换说明.md","28e9f148e631d7a5837e342d3ca24be64f7c5bc9fd4054ae1b4b51374e30b636","504"
"17_BattleRetreatConfirm/01_Runtime_Screenshot/BattleRetreatConfirm_Runtime.png","39935969fa08c04db47664029903cdadff7a3de118c523ce84a4e35777ea7d23","1634464"
"17_BattleRetreatConfirm/02_Assets/T_BattleArena_Cave_GeneratedV2.png","4e591cca8329685d7021254b18d6bc8a5a65481ec23b948f54c2f414c2661262","2594923"
"17_BattleRetreatConfirm/02_Assets/T_BattleArena_Cliff_GeneratedV2.png","9291fc29c9b22e9ac83d201e026f33603f32091464aa420a95f704d2ef36af86","2512193"
"17_BattleRetreatConfirm/02_Assets/T_BattleArena_Ferry_GeneratedV2.png","e526ec2d0c74ec959244ee0f4815ace4b7f8daa4885b5262d68034133bc802c7","2479145"
"17_BattleRetreatConfirm/02_Assets/T_BattleArena_Forest_GeneratedV2.png","8d77728d5e1eb3a9fbdce0a3e7433e4e1fd8ef0b3e99b4dfa60bec0da9586050","2520851"
"17_BattleRetreatConfirm/02_Assets/T_BattleArena_Plain_GeneratedV2.png","299430b1c2aa2156b8beba500ec8d8e3cd006fa8de217cbb2261876af1016da0","2600666"
"17_BattleRetreatConfirm/02_Assets/T_BattleArena_Riverside_GeneratedV1.png","e5bd091e4dcef41317a55dc18f281fc8e49de422aca15a2b52a7cc3b9bed94f7","2937065"
"17_BattleRetreatConfirm/02_Assets/T_BattleArena_Village_GeneratedV2.png","a13a3238a05f89976715e2c5c50710d1652b20b23c63292373dcfbeaec24604e","2564889"
"17_BattleRetreatConfirm/02_Assets/T_BattleArena_WaterShore_GeneratedV2.png","09beb65f81bee0b8b0ace616b5dc78c97174c831e5448afb3423c8b487207359","2123149"
"17_BattleRetreatConfirm/02_Assets/T_BattleHitEffect_01.png","3ff407242ba0ae09311132711ccebf2ee2df3928b5308e688b3d4f50da955557","253834"
"17_BattleRetreatConfirm/02_Assets/T_BattleHitEffect_02.png","eef8824ab8a7a37240791d370ec1075051802bc03a1b8726b5058bd401bb52bd","359085"
"17_BattleRetreatConfirm/02_Assets/T_BattleHitEffect_03.png","d51c91f89b80289580f0dd5dfce2495a62e25310c408a936466b6e1951aba999","291048"
"17_BattleRetreatConfirm/02_Assets/T_BattleHitEffect_04.png","ddc2c862569b03fd2ecd9ae19d56af96a34823a06f2ddfcfa87dbf0e07438fee","189757"
"17_BattleRetreatConfirm/02_Assets/T_BattlePartyQi_SoulOrb.png","af908e5033d297e127d928a10cee60f033171bb8d2d04879764d3fc7072de2cb","1026940"
"17_BattleRetreatConfirm/02_Assets/T_BattlePsd_HealthFill.png","9f3467fbe2ad452451c0d12af9c81b942b9d795a0978e642960244d2386a1d74","5588"
"17_BattleRetreatConfirm/02_Assets/T_BattlePsd_HealthFull.png","31fb1cab18ad6845767925243091fce6d53e5d39bb16da29d0f48d0a62b3acb7","13733"
"17_BattleRetreatConfirm/02_Assets/T_BattlePsd_HealthTrack.png","5f28feaac8814f8a56cac9ee4c5aca1d48514a5be34b748d3278bc8cfb2a1111","11602"
"17_BattleRetreatConfirm/02_Assets/T_BattlePsd_ManaFill.png","745b6a616425cbd9abcb0fbfee90c9f2363bcca56e88d7fce46afc3c75926f8d","5546"
"17_BattleRetreatConfirm/02_Assets/T_BattlePsd_ManaFull.png","88282d54b7daeac518649d760e2b96018f12438bae4ba29a5fdc582b9bdcde20","12410"
"17_BattleRetreatConfirm/02_Assets/T_BattlePsd_ManaTrack.png","fa5497cbbc7dc793b73282f546cc456242fa7fab54ece4a906d323c13c349f06","10319"
"17_BattleRetreatConfirm/02_Assets/T_BattleStatus_AgilityWing.png","f796e2b5d5ce5a0da7885b318023a9df05997b8395b65d07b1c35ec92253abab","850764"
"17_BattleRetreatConfirm/02_Assets/T_BattleStatus_ArmorShield.png","7812a871a4a22ec973200aa647ee3b9c081f77f7204080923f7ecc96a51037e1","622031"
"17_BattleRetreatConfirm/02_Assets/T_BattleStatus_BleedDrop.png","56ce299560d0c8efa09922146a5c4b4e8d1831f9a2caa31098f1ae788676e868","565747"
"17_BattleRetreatConfirm/02_Assets/T_BattleStatus_BlockShield.png","950a6a64523b760771771231204398ac137ace3384c128b8106e067da0da7dcc","1370150"
"17_BattleRetreatConfirm/02_Assets/T_BattleStatus_BurnFlame.png","8f6b5dae614da7d758890c6754f4a71a1c1fb0b4029ae1eedaec07a29ff58ed3","54575"
"17_BattleRetreatConfirm/02_Assets/T_BattleStatus_ChargeSpiralHorn.png","e5c8a7ce6969867b44a760edd4bb2a5f3eb7686b773c2cc3d5dbb26f6a44498d","199172"
"17_BattleRetreatConfirm/02_Assets/T_BattleStatus_CounterHookBlade.png","ce522811619b46a91669b140e8338d5edaf4b0c74b868a33c138808665d6a4d1","124960"
"17_BattleRetreatConfirm/02_Assets/T_BattleStatus_GuardShield.png","74bee54147dc7bbc33f98772862501dc8d2a8e4e7d008cc41482bb666540b336","67159"
"17_BattleRetreatConfirm/02_Assets/T_BattleStatus_ImmunityTalisman.png","251fdd9dc4e7aec5cbd4ebc56bd01a2af4c7b3f19185530f261a869e02e4597f","49140"
"17_BattleRetreatConfirm/02_Assets/T_BattleStatus_MarkTarget.png","7074aeeae2846e40aeb6618090b4c8439ee947befd9bebdc0411bba2c5d7afcf","55185"
"17_BattleRetreatConfirm/02_Assets/T_BattleStatus_MedicineHerbs.png","be6120cb6d17b75891eee17f51bd3836cab5704bafbca3d56c29d03deed97d8e","195190"
"17_BattleRetreatConfirm/02_Assets/T_BattleStatus_MomentumSeal.png","9f08e9fdd17e0b7b5dd967695c35a87b043ec6fa96f4a5019d62e3f1afe6a98a","935907"
"17_BattleRetreatConfirm/02_Assets/T_BattleStatus_PoisonVial.png","0331b8077249507c00e3e94f5e7022ed60dc26026e22a2c39e1c72b79abbb5ee","750472"
"17_BattleRetreatConfirm/02_Assets/T_BattleStatus_PreyTargetEye.png","3d737623e8e4407ac91699e332f064ba137ab2eaab222867bb3dfcba977d333d","153493"
"17_BattleRetreatConfirm/02_Assets/T_BattleStatus_RageFlame.png","308751b62541ffdb8c73e27f62e4e4f75814c97f169a6edb641a7ad7b8fafeee","144255"
"17_BattleRetreatConfirm/02_Assets/T_BattleStatus_RotSpiral.png","2f7cb3e2eb5c5f18cbc939b173b1f745128e4a1ac6d48d7623b58ede87658457","59438"
"17_BattleRetreatConfirm/02_Assets/T_BattleStatus_TacticSeal.png","6f4b0c96c378bc2d210de024fe3e29b83279caadad671c98cec273c2852fc527","57512"
"17_BattleRetreatConfirm/02_Assets/T_BattleStatus_TerrainAndRedirect.png","bab4130a86b1e55ffc6a78629f1ff59180463af89897b95496ee6c8ba7b735a6","61236"
"17_BattleRetreatConfirm/02_Assets/T_BattleStatus_VulnerabilityMask.png","c311c1fbcdc46877b9ce17f52be9bd1fd4e6fc7d339e75f5bb4d50ef5d890afe","785108"
"17_BattleRetreatConfirm/02_Assets/T_BattleStatus_WeakBrokenBlade.png","82e73f6572392f293faf3dacf4ef070794e16db0d63cf844858fb5a157c6bfc5","78043"
"17_BattleRetreatConfirm/02_Assets/T_BattleStatus_WealthCoin.png","c68f5d2ec535475994871fb59962a05c08acb88603473dc6882741392079e62d","260317"
"17_BattleRetreatConfirm/02_Assets/T_BattleTargetArrowHead.png","b840781cc9b6c7d0081e012797063d841758693fdb175d9cf100c0c315aa56c5","780795"
"17_BattleRetreatConfirm/02_Assets/T_BattleTargetInkDab_00.png","23bd02e994afefa16daf25dc4c95c6ba2e97382aa9530d3b8b7b980c2b9d92e2","27095"
"17_BattleRetreatConfirm/02_Assets/T_BattleTargetInkDab_01.png","b5cee38a625085e48c88edf55f73e8a922f8099b7b7dcd12af33b39e7742034f","50759"
"17_BattleRetreatConfirm/02_Assets/T_BattleTargetInkDab_02.png","59f4914820824621bfeac690fe0ca3ebeb90e19b4a4728c27814b2fe2ebbdfe3","58535"
"17_BattleRetreatConfirm/02_Assets/T_BattleTargetInkDab_03.png","c6e03318615771d27599fa21e845000f8cf873b4e1ca11ff32ede6e5c03f8333","55702"
"17_BattleRetreatConfirm/02_Assets/T_BattleTargetInkDab_04.png","6ef821131a176b40eec1c40a43cbc35d522ee75a0677ac73e74aba4311daf1dd","52209"
"17_BattleRetreatConfirm/02_Assets/T_BattleTargetInkDab_05.png","42f73be39fb7e80531fa42f5b8c5dd634d1a6b054fe20bfee25acb934d513955","62598"
"17_BattleRetreatConfirm/02_Assets/T_BattleTargetInkDab_06.png","98b22cd1550db1048309e2b28783d1fba0ade503fba9bf65cb571df2a63e136b","85455"
"17_BattleRetreatConfirm/02_Assets/T_BattleTargetInkDab_07.png","239fa35719dd8e332f017600dde26358344853eb4581544d34a8172115578d76","61253"
"17_BattleRetreatConfirm/02_Assets/T_BattleTargetInkDab_08.png","dee94e0bcb8ef034220ac54c69be0a1c8d66f3f7c44174d12cc802af306fa450","74661"
"17_BattleRetreatConfirm/02_Assets/T_BattleTargetInkDab_09.png","fb23f723f73d2f1029802e0f7a9bf41e2317d4f944a70ff993c79e65d79259da","76583"
"17_BattleRetreatConfirm/02_Assets/T_BattleTargetInkDab_10.png","edeb65de636fb5a9816223601bd3c5171e1705e2a784abd7d0f7df2e7761ba41","114432"
"17_BattleRetreatConfirm/02_Assets/T_BattleTargetInkDab_11.png","351efe2bcb0ddfa018c0dfef234e7a291176d5ae1c7a152e75bf44169ff6ed60","79135"
"17_BattleRetreatConfirm/02_Assets/T_CardFrame_PSD057.png","555a38b8cffd58b3e3490b6eb8936e7856826f2cee3c33a4947ea2140acb7ded","364431"
"17_BattleRetreatConfirm/02_Assets/T_CardPortrait_Enemy_Ch1_BluehornGoatKing.png","d264259f13c34c6f23e9169a92ad5224dd956a6ded8b87572103116c2476cd40","46404"
"17_BattleRetreatConfirm/02_Assets/T_CardPortrait_Enemy_Ch1_Civet.png","6b408c072e2d2c089ce1106108d055908b9521a5e46c7cad02c8acc5fa8d0db8","44009"
"17_BattleRetreatConfirm/02_Assets/T_CardPortrait_Enemy_Ch1_Goat.png","1b9bc12b9aa2467f28ea8b7fc70b385ac22f08c6de2ddc7f298029d953650429","45251"
"17_BattleRetreatConfirm/02_Assets/T_CardPortrait_Enemy_Ch1_IronfeatherRooster.png","9d0634fc230fe31db2f34950e81cfdfbb65130aebc0069b4e05364824b990491","48088"
"17_BattleRetreatConfirm/02_Assets/T_CardPortrait_Enemy_Ch1_MoneyRatBoss.png","2e6f4833f666da17404cccbfa5c95d7528e1e6f8d78616abcc717fa7978a5b17","63986"
"17_BattleRetreatConfirm/02_Assets/T_CardPortrait_Enemy_Ch1_Rooster.png","8c1665ad9761ff57efb3dcb23a40f57150865a3605d8eb8d147eaa263c75051c","39576"
"17_BattleRetreatConfirm/02_Assets/T_CardPortrait_Enemy_Ch1_Weasel.png","8fd8e6d5594eca883fd837d59ffa8f3216fc1d532d1dd1064029e964ded7c353","31967"
"17_BattleRetreatConfirm/02_Assets/T_CardPortrait_Enemy_Ch2_BlackBearBoss.png","b48427d3ad6ead662c6eaf2101a6ff2db72a590d114d7ffac2e5269cdca34f6d","44701"
"17_BattleRetreatConfirm/02_Assets/T_CardPortrait_Enemy_Ch2_Boar.png","2770e2d9c06706d16983d4662b70f774cc8ca7ba4308744655eb1d41f3fbfee8","31841"
"17_BattleRetreatConfirm/02_Assets/T_CardPortrait_Enemy_Ch2_GraymaneWolfKing.png","aaa7e16ac9f219feb0f009332a5f8cad0a094c975c57c52f90e797db48c7676c","38600"
"17_BattleRetreatConfirm/02_Assets/T_CardPortrait_Enemy_Ch2_GrayWolf.png","e294e990b46a9d65578eb5fcb04468447bd435498823aea8d16a8387f774e3fb","25909"
"17_BattleRetreatConfirm/02_Assets/T_CardPortrait_Enemy_Ch2_Macaque.png","870862b607143a0d54bf1080c9848a89a3ec4f572902807f7dba8af0cdff1ddd","44895"
"17_BattleRetreatConfirm/02_Assets/T_CardPortrait_Enemy_Ch2_Porcupine.png","605f87df71a02dbb6a3d0b62dd72c78e10dc7b2afe56bab935f0b6482a63b25c","43362"
"17_BattleRetreatConfirm/02_Assets/T_CardPortrait_Enemy_Ch2_RedtuskBoarKing.png","cff9ff05d6234b175b47cae49a56b43e393d9439f214cc955293a1a6b592dedc","35800"
"17_BattleRetreatConfirm/02_Assets/T_CardPortrait_Enemy_Ch3_GiantToad.png","c956c083070a99922b2d9138540de6e758d9e7c45cc84601c9b723b3298f9c5e","27781"
"17_BattleRetreatConfirm/02_Assets/T_CardPortrait_Enemy_Ch3_SpiralHornDeer.png","9bd5724aeb51be27ca09e63604862c6853429cc06df969b1a8c01a1323b8b80a","26977"
"17_BattleRetreatConfirm/02_Assets/T_CardPortrait_Enemy_Ch3_TigerBoss.png","fbb39ce37dae1b835b699dcaa30ef2b827a8f4769a614a4005cc035fd5f32312","46478"
"17_BattleRetreatConfirm/02_Assets/T_CardPortrait_Enemy_Ch3_VenomSnake.png","9bc664fe871bdb2c8a5f2aeae938f29bcf30f38ddec7cf18cadeacc7f7ef4395","43781"
"17_BattleRetreatConfirm/02_Assets/T_CardPortrait_Enemy_Ch3_Vulture.png","141044ec0aabd1c3a8fdb4fc6466612e70d8504f002d8a2e4ca5b62ce1abbed7","40958"
"17_BattleRetreatConfirm/02_Assets/T_CardPortrait_Enemy_Ch3_WhiteApe.png","1af9df1a748dc34e5a6acb0df2111aafccd6d20e971700b143609c261e51e05c","47284"
"17_BattleRetreatConfirm/02_Assets/T_CardPortrait_Enemy_Ch3_Wildcat.png","b28203e9ced15898f9bce804e91ea6761eb2650f64a2d9520b644ed30c470c10","29180"
"17_BattleRetreatConfirm/02_Assets/T_CardPortrait_Hero.png","d0cf7373dcf47783d9fda80a3654df001b73b0b437bc91d41f7de001e3745f60","38464"
"17_BattleRetreatConfirm/02_Assets/T_CardPortrait_Npc_JinGui.png","e3a75a5364d1c66dc66eea0accf890aaf4584db9630fc2d61b5a3ef8eaa9a7cd","37814"
"17_BattleRetreatConfirm/02_Assets/T_CardPortrait_Npc_QiongMeiEr.png","3403b1d307785f7f154e689af5b85c1f7e8a3711427f1f4238d5d20a3882ca13","34385"
"17_BattleRetreatConfirm/02_Assets/T_CardPortrait_Npc_SongJinBao.png","ffccb23824867bde08558647a04d427510d06ca90d8558fc39cffe54c4e90f09","39025"
"17_BattleRetreatConfirm/02_Assets/T_CardPortrait_Npc_TusiChief.png","daafe5511984b8a86a76f3d5a1267233aef29f812619a3d08ee93b96203ff516","61699"
"17_BattleRetreatConfirm/02_Assets/T_CardPortrait_Npc_YueBai.png","fef51b47e244718b02b3b7877b91cfb95a849d2784d163eedcf4019ef6bbcbfc","38520"
"17_BattleRetreatConfirm/02_Assets/T_CardPortrait_Npc_ZhouGuangZu.png","f40c785e25989525b809700a5439ca62234a36f255e612ea199997d7415c24e5","68399"
"17_BattleRetreatConfirm/02_Assets/T_CardPortrait_Role_Blade.png","bb4b729318b6ff06817a825bea2ee1d6aeddb08db3f60ad7c67088ca7e56c8a2","31249"
"17_BattleRetreatConfirm/02_Assets/T_CardPortrait_Role_FormationMaster.png","3d48c7b0e061d0db6e50a6b40aa8ab55b20c536473413713e3c8366765de95e0","42650"
"17_BattleRetreatConfirm/02_Assets/T_CardPortrait_Role_Guard.png","7752fe8da78b3eb1ead6dbd7af11a86a9491dfc6f83d039ca3d0f2f244f42566","54103"
"17_BattleRetreatConfirm/02_Assets/T_CardPortrait_Role_Healer.png","8845973acd8ee10c6acb5e635622f6ac220e5043ebf9d8e2dcf58fb5144e4651","53215"
"17_BattleRetreatConfirm/02_Assets/T_CardPortrait_Role_Hunter.png","f57689d0d86b6bbbd8f18d6f2fd6291c11551983afbdd2e2d9871319d285c6d1","36976"
"17_BattleRetreatConfirm/02_Assets/T_CardPortrait_Role_Sorcerer.png","7268a91ab6a3335f686208c07ebeed55884c9277564e9255dc5bfca0402c5607","37489"
"17_BattleRetreatConfirm/02_Assets/T_CardPortrait_Route_Boss.png","93da682f42bf1f779f95327bf650a849b9437529010eb26596a91734dc63feaf","56571"
"17_BattleRetreatConfirm/02_Assets/T_CardPortrait_Route_General.png","684117bbecaf42eff2a7fb296d49b15d550a69d312e128782c1ae41d2b5259d7","29893"
"17_BattleRetreatConfirm/02_Assets/T_CardPortrait_Route_Rare.png","762651fa93ff65b55f7b411e22336e023e715c8aafea229b5d83ba4f1590760a","36757"
"17_BattleRetreatConfirm/02_Assets/T_CardPortrait_Route_Terrain.png","761fbc77b21ef2d73319fc649f70ffa6c6f08fe50dde3ee27dcc87cd058187eb","32969"
"17_BattleRetreatConfirm/02_Assets/T_character_00_hero_1k_attack_atlas.png","da39ed9b35f4e187b01c4b166818b271628f6af154074883fddd049bcbf5048b","554275"
"17_BattleRetreatConfirm/02_Assets/T_character_00_hero_1k_attack_kick_atlas.png","857af269dcf79328e2826f1926f014091cf527f7814417cef5171d537aa3824d","440909"
"17_BattleRetreatConfirm/02_Assets/T_character_00_hero_1k_attack_punch_atlas.png","0b301a8fb1c79dac3107402ca59c569e66250c808dee87fd61620ebb34d1821c","472931"
"17_BattleRetreatConfirm/02_Assets/T_character_00_hero_1k_death_atlas.png","873d7998ca929b199677efc9b2b323a79359f0b63e53d2208bc94c345954d147","907662"
"17_BattleRetreatConfirm/02_Assets/T_character_00_hero_1k_hit_atlas.png","afe7f4cfb73e951df5a926707ffe984d70929cb50c0ff87ec520a1d6a7084453","782843"
"17_BattleRetreatConfirm/02_Assets/T_character_00_hero_1k_idle_atlas.png","2c8d71755f4d75ccf92250a1a2302f20a2fdcbb52ea4da80ee2ca514e7bb004a","644542"
"17_BattleRetreatConfirm/02_Assets/T_character_01_blade_1k_attack_atlas.png","b386b4a8b6702eeb26f1b6eafd8a405cac025a963bbc38929f72728e24d68fde","661710"
"17_BattleRetreatConfirm/02_Assets/T_character_01_blade_1k_death_atlas.png","bf2a5ff31b84d66170868f0407e602a177f9f134249bddab368796e96bea0654","726861"
"17_BattleRetreatConfirm/02_Assets/T_character_01_blade_1k_hit_atlas.png","4aae191d534ca173b48c6d4d556687c37cd506ea85ed7e4b3e98749dcc80162b","551282"
"17_BattleRetreatConfirm/02_Assets/T_character_01_blade_1k_idle_atlas.png","d5f2ccedb300a60b4ddff692bf4148c6a07838fafbd5fff7ac99dea75030ca77","870969"
"17_BattleRetreatConfirm/02_Assets/T_character_07_tusi_chief_1k_attack_atlas.png","905fc2453495347c07b04716f43fd0ff5d89088979b6f064a5274390a1b381d3","806061"
"17_BattleRetreatConfirm/02_Assets/T_character_07_tusi_chief_1k_death_atlas.png","ceaa9a9b2eabe347f30372b40d0a7852b30f9d21ae7736ebf7ed590de23caf02","782802"
"17_BattleRetreatConfirm/02_Assets/T_character_07_tusi_chief_1k_hit_atlas.png","9b15b6a35301d43dc3d6a3f551995edc83c6f6cf9e7cec4dee9fadade5bcaa63","794035"
"17_BattleRetreatConfirm/02_Assets/T_character_07_tusi_chief_1k_idle_atlas.png","5a8637a702c526e27977e444ea10e1c46dad0e8490f65f41273e4b327104a272","1073516"
"17_BattleRetreatConfirm/02_Assets/T_character_09_yue_bai_1k_attack_atlas.png","c117d7d957da4a151521e82f73c7785b7eb224424ca39f3e859d4b25e670d2f3","554699"
"17_BattleRetreatConfirm/02_Assets/T_character_09_yue_bai_1k_idle_atlas.png","f0ab32a0ffcb8e48acfcbbf252a0fe55134528574fa365c3800c229d13f48bdd","966487"
"17_BattleRetreatConfirm/02_Assets/T_enemy_01_rooster_1k_attack_atlas.png","7262949d6f3b79e42b85f661073415014349f314aec8fd098010053823e418a1","716080"
"17_BattleRetreatConfirm/02_Assets/T_enemy_01_rooster_1k_death_atlas.png","31eb3e5a36eea75c456a861d30dc0dfff2cd1296ad112f5df7ea12ded8a7c089","912361"
"17_BattleRetreatConfirm/02_Assets/T_enemy_01_rooster_1k_hit_atlas.png","50d168c46b8c5b91fc4eaad42b3d93b5735ef58328a98fdf59bf1d3844956ecf","785185"
"17_BattleRetreatConfirm/02_Assets/T_enemy_01_rooster_1k_idle_atlas.png","b7e4daaa253db5fe473abab92ebb09b175ed9d46b521138721f90471b855f421","1026843"
"17_BattleRetreatConfirm/02_Assets/T_enemy_02_goat_1k_attack_atlas.png","a09029bccdfb868a2cce3836474c119fff3cbc1a6880575ec48f3e05b78aa607","742959"
"17_BattleRetreatConfirm/02_Assets/T_enemy_02_goat_1k_death_atlas.png","33ee023c6e2f1e1151551b1f53f4715028fe20c4d41bf676aa6dc5a7d634dba4","1065117"
"17_BattleRetreatConfirm/02_Assets/T_enemy_02_goat_1k_hit_atlas.png","8e9f9381e3263de806e8827f85f5d050f9e2040975dd6bffc71cb7c5d1f579b6","597362"
"17_BattleRetreatConfirm/02_Assets/T_enemy_02_goat_1k_idle_atlas.png","38a15fff36c22a2ac76c010da184ac88aa71ae9c6270404a45e76f47c5aa900c","1227791"
"17_BattleRetreatConfirm/02_Assets/T_enemy_03_weasel_1k_attack_atlas.png","607b52adb6de4a23105f3d933c06e707bde6eb11c6cf49b89d0ade89229c54cd","278483"
"17_BattleRetreatConfirm/02_Assets/T_enemy_03_weasel_1k_death_atlas.png","266448b954e336e11b6483847581734cb22223036c3a37f229176982110bcc31","551949"
"17_BattleRetreatConfirm/02_Assets/T_enemy_03_weasel_1k_hit_atlas.png","58d5c2d33931181a2b40852e818fd5f22c34727cc843c19f3fbbf6b24ef0a64f","527805"
"17_BattleRetreatConfirm/02_Assets/T_enemy_03_weasel_1k_idle_atlas.png","8b41fb7e93a2a7294e6866b5c55676de6430ad3e909b4743c550bfd314b64e64","723579"
"17_BattleRetreatConfirm/02_Assets/T_enemy_04_civet_1k_attack_atlas.png","1fa9fc1530663754a58561ee8372645927d52d74188dcc7bc236e0f75f303f36","529169"
"17_BattleRetreatConfirm/02_Assets/T_enemy_04_civet_1k_death_atlas.png","09aa13b05457b7344bf7aca649a2eee86c7fe6d4a6bf99bb25d176e9757192fb","883842"
"17_BattleRetreatConfirm/02_Assets/T_enemy_04_civet_1k_hit_atlas.png","21e1146775bdf1a7013981c82ee20938740a039876b193e362620ecab6bfff89","750915"
"17_BattleRetreatConfirm/02_Assets/T_enemy_04_civet_1k_idle_atlas.png","9aabdc21a8dd4272f1e6eab4910e9f317f6f29f231ba6d7a08397acd207e9524","808825"
"17_BattleRetreatConfirm/02_Assets/T_enemy_05_ironfeather_1k_idle_atlas.png","8d692ad1c31c4e895c5d40151a1b9a6964bd3946bb0274b49d785021ef388d79","1287768"
"17_BattleRetreatConfirm/02_Assets/T_enemy_06_bluehorn_1k_attack_atlas.png","40f5a445f5b0058cb35fff944392d2b7728da314f68e1db2d1cc3c04e168168b","812077"
"17_BattleRetreatConfirm/02_Assets/T_enemy_06_bluehorn_1k_death_atlas.png","5c26263e7ef489421dde71cb861c9cb57a178b7e2150a3558dbfccc986dc5122","1081324"
"17_BattleRetreatConfirm/02_Assets/T_enemy_06_bluehorn_1k_hit_atlas.png","b19f714ed6e3a0209ede6e6912f079550eb86fac9d95fa8586eae14c34949eeb","749715"
"17_BattleRetreatConfirm/02_Assets/T_enemy_06_bluehorn_1k_idle_atlas.png","ed0bc681b904df3986af9bf0a5e368718b21a6a588815bbe16f2a202514a0930","1326146"
"17_BattleRetreatConfirm/02_Assets/T_enemy_07_graywolf_1k_idle_atlas.png","0339c63eafa7b85378fa3e44e4539e660314e3799aad8c5f966eafa05655ce41","913821"
"17_BattleRetreatConfirm/02_Assets/T_enemy_11_graymane_1k_attack_atlas.png","55586526019964519016f147b8e461c76616b7f8e9b3af533ad83361684bc46b","475396"
"17_BattleRetreatConfirm/02_Assets/T_enemy_16_toad_1k_idle_atlas.png","c094afb3e23c7f27f81ba1e6cab5f0d5350d263f9dacfdeac8aac6dbdb9c4e37","729604"
"17_BattleRetreatConfirm/02_Assets/T_enemy_18_deer_1k_attack_atlas.png","46bb281f5114e3e817dcf8ec7bcc5599cabc3f5ea108c48243591bc04fe560be","508914"
"17_BattleRetreatConfirm/02_Assets/T_enemy_18_deer_1k_idle_atlas.png","217fac60377e01136368c191a327c98b2a8d854b8677a922ec6508e85cecddc2","696744"
"17_BattleRetreatConfirm/02_Assets/T_InkButtonBase.png","e20bdb6eb81d176461d6ed90810f2cc341d4ab95ad1e9f9896fab3f7999dc166","1327985"
"17_BattleRetreatConfirm/02_Assets/T_MasterV2_CardFrame.png","27f11e3eb3b16967465727b9b9b630b04f59fa71f5c37766be4536e43e15e48f","369811"
"17_BattleRetreatConfirm/02_Assets/T_MasterV2_CloseInk.png","2a00ff652ba7d64b47ace99daf271082655713c56a4c81ec7954d68f4da41a1d","1653325"
"17_BattleRetreatConfirm/02_Assets/T_MasterV2_ItemSlot.png","cdbdeb3101bcf3e4259f58f641d9f70913d0c6ca91870e8654b2b004e23db511","16367"
"17_BattleRetreatConfirm/02_Assets/T_TownBackpack_WindowFrame.png","bc4a4f47d15ad0c18b04827a0873da48092b5bdda5fbd7cbc4e8144348ed3f04","34341"
"17_BattleRetreatConfirm/03_Annotation_Guide/Guide_17_BattleRetreatConfirm.png","7ff1cdc929e3f5855656f2f2e1467965e06e457628629cf854d075f65a51045e","1496007"
"17_BattleRetreatConfirm/asset_manifest.csv","8a2cd0c250d735f34ff85bac5be6b1a739b47b2280525b22476a2c9a537f047b","56529"
"17_BattleRetreatConfirm/README_替换说明.md","b8f716116207982dbbf877da667b5b2697b7e2b1698842fc486195841d6785e0","505"
"18_RouteSettlement/01_Runtime_Screenshot/RouteSettlement_Runtime.png","52441d8a8120f60f98091e938ac2e811d130f26a17650a11cfeeb60f39cdc9ec","363601"
"18_RouteSettlement/02_Assets/宝箱.png","35a62efa5f4eafa7f4e561e03e1d9a063795988295f5f112f47ebbcb60ead224","84162"
"18_RouteSettlement/02_Assets/宝箱1.png","693711bd98a1a9591d3098909003d75fdee03e4474ebae82e2254bb1aafc79f8","89800"
"18_RouteSettlement/02_Assets/宝箱灰色.png","5fbc5682ffe50db1ba0de22c38e35790772bd5b595f534f08e4c6489db4291b0","17025"
"18_RouteSettlement/02_Assets/勾选框.png","31aae5a5e9a5beb2e0d623561ae313b0f7225d3316af1c969ac35bda9e7c41db","137737"
"18_RouteSettlement/02_Assets/篝火.png","0259212971e38356587d8ac24b9c2aa6d18760c73dd291c04715df2a8e5bbf01","128376"
"18_RouteSettlement/02_Assets/篝火1.png","5308b0e0568c73f68bd6c6ed4e6a2fb9c2dc54e6abd22b6a06438005f6185617","114936"
"18_RouteSettlement/02_Assets/篝火灰色.png","9695a9eee6b0be178eeafd6836c0ea6a101848daeb451e5d192c4c66345e77e7","34078"
"18_RouteSettlement/02_Assets/脚印.png","c79cb9e97a7c32953e223daaeaa30dd1832924d92f6abe4c07875f21a7b652f6","23570"
"18_RouteSettlement/02_Assets/精英怪.png","9e6b3341989a02e513e73d1f73e9fb0bac3f0cf46360a5091d1fed196ea4d960","116200"
"18_RouteSettlement/02_Assets/精英怪1.png","9f94a2cf722eba1f0684f252e504b3302c3dffa1acecbef591e67cfb5cca95d1","86536"
"18_RouteSettlement/02_Assets/精英怪灰色.png","048efc593d2c22261678857b4f8b242df3d58f4b4ba7cab11c5fb81c697a8d2d","37095"
"18_RouteSettlement/02_Assets/灵魂数量.png","c73afa3c17b17ae31bb3a29bbe7ae46e78221ef9165d9d878beb8c0d09532d94","122813"
"18_RouteSettlement/02_Assets/钱.png","a79b4add9c4cf706995169f7302fc11eeb17eca3f87933047d8f0c2b950fbee9","65917"
"18_RouteSettlement/02_Assets/钱1.png","9aa245d4f52ca827127d5f4d3f0d57d516d70af1677953abaa889f602ccf50fb","70474"
"18_RouteSettlement/02_Assets/钱灰色.png","2f4154e0bf51d28391b31226dfb104663c21e80d2a892d9736728355e74529e4","15486"
"18_RouteSettlement/02_Assets/图层_1.png","f5e08d0823686c0482215e8611f1193c8d0a23e067480153f0abdf6466c05628","1800736"
"18_RouteSettlement/02_Assets/图例.png","1557474ba7559dd4bbd18b855f6973a20b5814c71a9670da71186ebf257a8215","251781"
"18_RouteSettlement/02_Assets/问号.png","e8cc72dac71424edb42877487050c3f770235517d5673417c1f072ad33d8f316","48870"
"18_RouteSettlement/02_Assets/问号1.png","082535dc24a5449d380cd52ab3fda4fa3abf89c80114e2c9d873db1366967637","52813"
"18_RouteSettlement/02_Assets/问号灰色.png","885e572055ff0876954af228fc2cd63f5707e8df59e536461db1dfb2c38f65d7","14184"
"18_RouteSettlement/02_Assets/小怪.png","768497a4f718520d7392163384b8c26ce2b1997596b6723ba794179fd32ef880","90455"
"18_RouteSettlement/02_Assets/小怪1.png","36fa5eaed3b61a9ee7166bdf5cbd3f2c3625170e4591985b5f8e3ff5f015f56f","80354"
"18_RouteSettlement/02_Assets/小怪灰色.png","9849eef9842ce09aef86bfd89ef981e1a013c25afa5e7b17eae81524eb5b3ea1","21680"
"18_RouteSettlement/02_Assets/T_InkButtonBase.png","e20bdb6eb81d176461d6ed90810f2cc341d4ab95ad1e9f9896fab3f7999dc166","1327985"
"18_RouteSettlement/02_Assets/T_MasterV2_CloseInk.png","2a00ff652ba7d64b47ace99daf271082655713c56a4c81ec7954d68f4da41a1d","1653325"
"18_RouteSettlement/02_Assets/T_MasterV2_ItemSlot.png","cdbdeb3101bcf3e4259f58f641d9f70913d0c6ca91870e8654b2b004e23db511","16367"
"18_RouteSettlement/02_Assets/T_MasterV2_PanelLarge.png","76b8fbd518edb62d2d6275a339e2b8bf1c5808c306e57779aaa5dd89ae9b5be8","1587863"
"18_RouteSettlement/03_Annotation_Guide/Guide_18_RouteSettlement.png","badaf8330848ca85569f2ccd8a7c99d67a205eaae49f3d77359dbe1f31f79a1f","330897"
"18_RouteSettlement/asset_manifest.csv","b4b87a9ce87253a676404d654134f4ef6913935354cf83bee71f554bdc8295b2","8900"
"18_RouteSettlement/README_替换说明.md","41a019765f99d0cdd53630f7c8fba6da5311204b10915e06837f76c10e77a0ed","500"
