id,seed,stage,encounter,hero,role,npc,omit,enhance,gems,outcome,kind,valid,rounds,damage,dpr,damage_r1,dpr_r3,late_dpr,taken,healing,armor,health,max_health,ledger_difference,energy_spent,mana_spent,unspent_energy,cards_played,automatic,overkill,overheal,error,raw,enemy_direct_hits,enemy_chip_after_defense,enemy_armor_absorbed
hell-Blade-Blade-TusiChief,20260906,Training.Hell.3-1,7,Blade,Blade,TusiChief,3,10,True,victory,baseline,True,17,11176,657.4117647058823,3406,2254.0,315.2857142857143,1108,625,4374,12129,12612,0,37,33,14,43,5,3442,0,,D:\UE5 demo\GameXXK\Saved\Balance\20260907-final-matrix\hell-Blade-Blade-TusiChief\seed-20260906.json,7,2,115
hell-Blade-Blade-TusiChief,20260907,Training.Hell.3-1,7,Blade,Blade,TusiChief,3,10,True,victory,baseline,True,31,11176,360.51612903225805,3589,1619.6666666666667,225.60714285714286,1124,675,5046,12163,12612,0,54,17,38,70,8,3288,30,,D:\UE5 demo\GameXXK\Saved\Balance\20260907-final-matrix\hell-Blade-Blade-TusiChief\seed-20260907.json,6,0,40
hell-Blade-Blade-TusiChief,20260908,Training.Hell.3-1,7,Blade,Blade,TusiChief,3,10,True,victory,baseline,True,32,11176,349.25,2772,1777.3333333333333,201.51724137931035,2473,750,4762,10889,12612,0,53,18,41,74,8,3008,0,,D:\UE5 demo\GameXXK\Saved\Balance\20260907-final-matrix\hell-Blade-Blade-TusiChief\seed-20260908.json,10,1,3
hell-Blade-Blade-TusiChief,20260909,Training.Hell.3-1,7,Blade,Blade,TusiChief,3,10,True,victory,baseline,True,29,11176,385.37931034482756,2772,1765.0,226.19230769230768,1715,825,5592,11722,12612,0,56,24,29,68,8,5013,0,,D:\UE5 demo\GameXXK\Saved\Balance\20260907-final-matrix\hell-Blade-Blade-TusiChief\seed-20260909.json,9,1,3
hell-Blade-Blade-TusiChief,20260910,Training.Hell.3-1,7,Blade,Blade,TusiChief,3,10,True,victory,baseline,True,18,11366,631.4444444444445,2292,2493.6666666666665,259.0,2913,525,2071,10224,12612,0,37,41,15,39,4,2616,0,,D:\UE5 demo\GameXXK\Saved\Balance\20260907-final-matrix\hell-Blade-Blade-TusiChief\seed-20260910.json,10,2,4
hell-Blade-Blade-SongJinBao,20260906,Training.Hell.3-1,7,Blade,Blade,SongJinBao,3,10,True,stalemate,baseline,True,8,8284,1035.5,5573,2761.3333333333335,0.0,0,0,0,12435,12435,0,28,22,7,39,6,147,150,,D:\UE5 demo\GameXXK\Saved\Balance\20260907-final-matrix\hell-Blade-Blade-SongJinBao\seed-20260906.json,0,0,0
hell-Blade-Blade-SongJinBao,20260907,Training.Hell.3-1,7,Blade,Blade,SongJinBao,3,10,True,stalemate,baseline,True,9,5497,610.7777777777778,2659,1832.3333333333333,0.0,172,172,0,12435,12435,0,30,16,9,41,5,682,203,,D:\UE5 demo\GameXXK\Saved\Balance\20260907-final-matrix\hell-Blade-Blade-SongJinBao\seed-20260907.json,2,1,2
hell-Blade-Blade-SongJinBao,20260908,Training.Hell.3-1,7,Blade,Blade,SongJinBao,3,10,True,stalemate,baseline,True,14,8291,592.2142857142857,4181,1793.3333333333333,264.6363636363636,178,178,0,12435,12435,0,42,35,18,59,5,2376,122,,D:\UE5 demo\GameXXK\Saved\Balance\20260907-final-matrix\hell-Blade-Blade-SongJinBao\seed-20260908.json,1,0,0
hell-Blade-Blade-SongJinBao,20260909,Training.Hell.3-1,7,Blade,Blade,SongJinBao,3,10,True,victory,baseline,True,23,11176,485.9130434782609,4453,1845.3333333333333,282.0,744,525,0,12216,12435,0,49,30,41,59,5,3762,75,,D:\UE5 demo\GameXXK\Saved\Balance\20260907-final-matrix\hell-Blade-Blade-SongJinBao\seed-20260909.json,5,1,0
hell-Blade-Blade-SongJinBao,20260910,Training.Hell.3-1,7,Blade,Blade,SongJinBao,3,10,True,victory,baseline,True,15,11176,745.0666666666667,3769,1812.0,478.3333333333333,397,397,0,12435,12435,0,48,44,21,67,8,4927,203,,D:\UE5 demo\GameXXK\Saved\Balance\20260907-final-matrix\hell-Blade-Blade-SongJinBao\seed-20260910.json,3,2,2
hell-Blade-Blade-YueBai,20260906,Training.Hell.3-1,7,Blade,Blade,YueBai,3,10,True,victory,baseline,True,3,11163,3721.0,5573,3721.0,,0,0,8262,11857,11857,0,9,38,0,16,8,7811,25,,D:\UE5 demo\GameXXK\Saved\Balance\20260907-final-matrix\hell-Blade-Blade-YueBai\seed-20260906.json,3,1,119
hell-Blade-Blade-YueBai,20260907,Training.Hell.3-1,7,Blade,Blade,YueBai,3,10,True,victory,baseline,True,5,11176,2235.2,6024,2791.3333333333335,1401.0,0,0,11178,11857,11857,0,13,52,1,23,8,8286,0,,D:\UE5 demo\GameXXK\Saved\Balance\20260907-final-matrix\hell-Blade-Blade-YueBai\seed-20260907.json,3,1,119
hell-Blade-Blade-YueBai,20260908,Training.Hell.3-1,7,Blade,Blade,YueBai,3,10,True,stalemate,baseline,True,21,5490,261.42857142857144,2772,1830.0,0.0,526,526,31590,11857,11857,0,38,87,22,72,14,55,224,,D:\UE5 demo\GameXXK\Saved\Balance\20260907-final-matrix\hell-Blade-Blade-YueBai\seed-20260908.json,8,1,892
hell-Blade-Blade-YueBai,20260909,Training.Hell.3-1,7,Blade,Blade,YueBai,3,10,True,victory,baseline,True,5,11163,2232.6,2772,1857.6666666666667,2795.0,450,30,6318,11437,11857,0,13,35,0,21,4,1526,75,,D:\UE5 demo\GameXXK\Saved\Balance\20260907-final-matrix\hell-Blade-Blade-YueBai\seed-20260909.json,3,1,202
hell-Blade-Blade-YueBai,20260910,Training.Hell.3-1,7,Blade,Blade,YueBai,3,10,True,victory,baseline,True,5,11171,2234.2,5573,2759.6666666666665,1446.0,0,0,12150,11857,11857,0,12,48,1,20,12,13117,55,,D:\UE5 demo\GameXXK\Saved\Balance\20260907-final-matrix\hell-Blade-Blade-YueBai\seed-20260910.json,3,1,119
hell-Blade-Blade-ZhouGuangZu,20260906,Training.Hell.3-1,7,Blade,Blade,ZhouGuangZu,3,10,True,victory,baseline,True,19,11176,588.2105263157895,2411,1802.3333333333333,360.5625,1578,1578,9261,11452,11452,0,39,85,18,60,3,2997,1239,,D:\UE5 demo\GameXXK\Saved\Balance\20260907-final-matrix\hell-Blade-Blade-ZhouGuangZu\seed-20260906.json,8,1,413
hell-Blade-Blade-ZhouGuangZu,20260907,Training.Hell.3-1,7,Blade,Blade,ZhouGuangZu,3,10,True,stalemate,baseline,True,13,5466,420.46153846153845,1857,1822.0,0.0,716,716,5733,11452,11452,0,24,50,14,43,3,342,1801,,D:\UE5 demo\GameXXK\Saved\Balance\20260907-final-matrix\hell-Blade-Blade-ZhouGuangZu\seed-20260907.json,5,1,428
hell-Blade-Blade-ZhouGuangZu,20260908,Training.Hell.3-1,7,Blade,Blade,ZhouGuangZu,3,10,True,victory,baseline,True,26,11167,429.5,2772,1854.6666666666667,243.6086956521739,937,844,16317,11359,11452,0,53,111,29,86,6,3554,3107,,D:\UE5 demo\GameXXK\Saved\Balance\20260907-final-matrix\hell-Blade-Blade-ZhouGuangZu\seed-20260908.json,9,2,345
hell-Blade-Blade-ZhouGuangZu,20260909,Training.Hell.3-1,7,Blade,Blade,ZhouGuangZu,3,10,True,victory,baseline,True,8,11153,1394.125,3591,1603.3333333333333,1268.6,251,122,5292,11323,11452,0,24,58,2,34,1,55,1150,,D:\UE5 demo\GameXXK\Saved\Balance\20260907-final-matrix\hell-Blade-Blade-ZhouGuangZu\seed-20260909.json,3,0,164
hell-Blade-Blade-ZhouGuangZu,20260910,Training.Hell.3-1,7,Blade,Blade,ZhouGuangZu,3,10,True,victory,baseline,True,16,11176,698.5,1355,1257.3333333333333,569.5384615384615,1453,1453,7938,11452,11452,0,39,86,13,59,2,2259,1582,,D:\UE5 demo\GameXXK\Saved\Balance\20260907-final-matrix\hell-Blade-Blade-ZhouGuangZu\seed-20260910.json,9,2,249
hell-Blade-Blade-JinGui,20260906,Training.Hell.3-1,7,Blade,Blade,JinGui,0,10,True,victory,baseline,True,28,11366,405.92857142857144,1190,1511.0,273.32,1194,775,8400,11267,11686,0,56,30,28,71,6,5851,0,,D:\UE5 demo\GameXXK\Saved\Balance\20260907-final-matrix\hell-Blade-Blade-JinGui\seed-20260906.json,11,1,829
hell-Blade-Blade-JinGui,20260907,Training.Hell.3-1,7,Blade,Blade,JinGui,0,10,True,victory,baseline,True,19,11176,588.2105263157895,2268,1857.6666666666667,350.1875,1605,585,7002,10666,11686,0,42,39,16,44,3,3200,0,,D:\UE5 demo\GameXXK\Saved\Balance\20260907-final-matrix\hell-Blade-Blade-JinGui\seed-20260907.json,9,1,222
hell-Blade-Blade-JinGui,20260908,Training.Hell.3-1,7,Blade,Blade,JinGui,0,10,True,victory,baseline,True,25,11176,447.04,2772,1807.6666666666667,261.5,915,825,6760,11596,11686,0,51,33,26,64,6,4500,0,,D:\UE5 demo\GameXXK\Saved\Balance\20260907-final-matrix\hell-Blade-Blade-JinGui\seed-20260908.json,7,1,465
hell-Blade-Blade-JinGui,20260909,Training.Hell.3-1,7,Blade,Blade,JinGui,0,10,True,victory,baseline,True,32,11176,349.25,2772,1833.3333333333333,195.72413793103448,1902,975,11668,10759,11686,0,65,24,30,74,6,5561,0,,D:\UE5 demo\GameXXK\Saved\Balance\20260907-final-matrix\hell-Blade-Blade-JinGui\seed-20260909.json,14,1,951
hell-Blade-Blade-JinGui,20260910,Training.Hell.3-1,7,Blade,Blade,JinGui,0,10,True,victory,baseline,True,35,11176,319.3142857142857,2278,1703.3333333333333,189.5625,1266,1266,10500,11686,11686,0,67,28,39,91,9,7459,84,,D:\UE5 demo\GameXXK\Saved\Balance\20260907-final-matrix\hell-Blade-Blade-JinGui\seed-20260910.json,13,2,655
hell-Blade-Blade-QiongMeiEr,20260906,Training.Hell.3-1,7,Blade,Blade,QiongMeiEr,3,10,True,victory,baseline,True,6,11155,1859.1666666666667,2192,1851.6666666666667,1866.6666666666667,419,419,0,12145,12145,0,25,46,1,31,1,306,1441,,D:\UE5 demo\GameXXK\Saved\Balance\20260907-final-matrix\hell-Blade-Blade-QiongMeiEr\seed-20260906.json,3,0,2
hell-Blade-Blade-QiongMeiEr,20260907,Training.Hell.3-1,7,Blade,Blade,QiongMeiEr,3,10,True,victory,baseline,True,15,11150,743.3333333333334,3223,2767.3333333333335,237.33333333333334,202,158,0,12101,12145,0,37,36,25,44,6,3000,532,,D:\UE5 demo\GameXXK\Saved\Balance\20260907-final-matrix\hell-Blade-Blade-QiongMeiEr\seed-20260907.json,4,0,0
hell-Blade-Blade-QiongMeiEr,20260908,Training.Hell.3-1,7,Blade,Blade,QiongMeiEr,3,10,True,victory,baseline,True,10,11150,1115.0,4062,1755.6666666666667,840.4285714285714,44,44,0,12145,12145,0,30,30,11,39,4,2099,181,,D:\UE5 demo\GameXXK\Saved\Balance\20260907-final-matrix\hell-Blade-Blade-QiongMeiEr\seed-20260908.json,1,0,0
hell-Blade-Blade-QiongMeiEr,20260909,Training.Hell.3-1,7,Blade,Blade,QiongMeiEr,3,10,True,victory,baseline,True,8,11176,1397.0,4613,1775.3333333333333,1170.0,183,0,0,11962,12145,0,27,39,6,32,2,60,540,,D:\UE5 demo\GameXXK\Saved\Balance\20260907-final-matrix\hell-Blade-Blade-QiongMeiEr\seed-20260909.json,1,0,0
hell-Blade-Blade-QiongMeiEr,20260910,Training.Hell.3-1,7,Blade,Blade,QiongMeiEr,3,10,True,victory,baseline,True,9,11134,1237.111111111111,2637,1721.6666666666667,994.8333333333334,763,719,0,12101,12145,0,34,54,5,40,1,453,966,,D:\UE5 demo\GameXXK\Saved\Balance\20260907-final-matrix\hell-Blade-Blade-QiongMeiEr\seed-20260910.json,5,0,2
hell-Blade-Guard-TusiChief,20260906,Training.Hell.3-1,7,Blade,Guard,TusiChief,3,10,True,limit,baseline,False,60,5514,91.9,1190,987.3333333333334,44.771929824561404,2961,1080,135161,10784,12665,0,169,131,11,155,5,4,45,Simulation reached MaxRounds before a terminal result.,D:\UE5 demo\GameXXK\Saved\Balance\20260907-final-matrix\hell-Blade-Guard-TusiChief\seed-20260906.json,18,4,648
hell-Blade-Guard-TusiChief,20260907,Training.Hell.3-1,7,Blade,Guard,TusiChief,3,10,True,limit,baseline,False,60,5495,91.58333333333333,3369,1475.6666666666667,18.736842105263158,4113,675,138770,9227,12665,0,173,135,7,144,8,4,0,Simulation reached MaxRounds before a terminal result.,D:\UE5 demo\GameXXK\Saved\Balance\20260907-final-matrix\hell-Blade-Guard-TusiChief\seed-20260907.json,19,5,518
hell-Blade-Guard-TusiChief,20260908,Training.Hell.3-1,7,Blade,Guard,TusiChief,3,10,True,limit,baseline,False,60,5618,93.63333333333334,1581,1526.6666666666667,18.210526315789473,3604,900,141881,9961,12665,0,169,122,11,143,10,0,0,Simulation reached MaxRounds before a terminal result.,D:\UE5 demo\GameXXK\Saved\Balance\20260907-final-matrix\hell-Blade-Guard-TusiChief\seed-20260908.json,16,3,826
hell-Blade-Guard-TusiChief,20260909,Training.Hell.3-1,7,Blade,Guard,TusiChief,3,10,True,limit,baseline,False,60,5733,95.55,854,1361.0,28.94736842105263,4488,900,139264,9077,12665,0,168,138,12,147,4,763,0,Simulation reached MaxRounds before a terminal result.,D:\UE5 demo\GameXXK\Saved\Balance\20260907-final-matrix\hell-Blade-Guard-TusiChief\seed-20260909.json,17,4,6
hell-Blade-Guard-TusiChief,20260910,Training.Hell.3-1,7,Blade,Guard,TusiChief,3,10,True,limit,baseline,False,60,5427,90.45,1190,1332.6666666666667,25.07017543859649,2194,900,134715,11371,12665,0,169,128,11,142,6,4,0,Simulation reached MaxRounds before a terminal result.,D:\UE5 demo\GameXXK\Saved\Balance\20260907-final-matrix\hell-Blade-Guard-TusiChief\seed-20260910.json,14,2,55
hell-Blade-Guard-SongJinBao,20260906,Training.Hell.3-1,7,Blade,Guard,SongJinBao,3,10,True,limit,baseline,False,60,5481,91.35,541,1310.0,27.210526315789473,1537,1535,193223,12486,12488,0,248,194,14,235,5,176,340,Simulation reached MaxRounds before a terminal result.,D:\UE5 demo\GameXXK\Saved\Balance\20260907-final-matrix\hell-Blade-Guard-SongJinBao\seed-20260906.json,28,19,484
hell-Blade-Guard-SongJinBao,20260907,Training.Hell.3-1,7,Blade,Guard,SongJinBao,3,10,True,stalemate,baseline,True,20,5504,275.2,1700,1476.3333333333333,63.23529411764706,301,301,69610,12488,12488,0,90,73,1,95,9,352,74,,D:\UE5 demo\GameXXK\Saved\Balance\20260907-final-matrix\hell-Blade-Guard-SongJinBao\seed-20260907.json,5,5,9
hell-Blade-Guard-SongJinBao,20260908,Training.Hell.3-1,7,Blade,Guard,SongJinBao,3,10,True,stalemate,baseline,True,10,5284,528.4,3013,1761.3333333333333,0.0,241,150,32125,12397,12488,0,43,41,0,45,9,353,0,,D:\UE5 demo\GameXXK\Saved\Balance\20260907-final-matrix\hell-Blade-Guard-SongJinBao\seed-20260908.json,3,3,5
hell-Blade-Guard-SongJinBao,20260909,Training.Hell.3-1,7,Blade,Guard,SongJinBao,3,10,True,stalemate,baseline,True,22,5701,259.1363636363636,854,1270.3333333333333,99.47368421052632,573,573,69617,12488,12488,0,93,79,4,98,6,36,177,,D:\UE5 demo\GameXXK\Saved\Balance\20260907-final-matrix\hell-Blade-Guard-SongJinBao\seed-20260909.json,9,7,827
hell-Blade-Guard-SongJinBao,20260910,Training.Hell.3-1,7,Blade,Guard,SongJinBao,3,10,True,limit,baseline,False,60,5535,92.25,1190,1845.0,0.0,2750,1575,178730,11313,12488,0,236,199,25,226,12,282,0,Simulation reached MaxRounds before a terminal result.,D:\UE5 demo\GameXXK\Saved\Balance\20260907-final-matrix\hell-Blade-Guard-SongJinBao\seed-20260910.json,25,16,28
hell-Blade-Guard-YueBai,20260906,Training.Hell.3-1,7,Blade,Guard,YueBai,3,10,True,stalemate,baseline,True,12,8255,687.9166666666666,5573,2308.6666666666665,147.66666666666666,0,0,38198,11910,11910,0,32,85,1,39,14,12395,0,,D:\UE5 demo\GameXXK\Saved\Balance\20260907-final-matrix\hell-Blade-Guard-YueBai\seed-20260906.json,4,2,98
hell-Blade-Guard-YueBai,20260907,Training.Hell.3-1,7,Blade,Guard,YueBai,3,10,True,stalemate,baseline,True,15,8075,538.3333333333334,5573,1857.6666666666667,208.5,0,0,48508,11910,11910,0,42,119,0,46,9,16499,0,,D:\UE5 demo\GameXXK\Saved\Balance\20260907-final-matrix\hell-Blade-Guard-YueBai\seed-20260907.json,8,5,151
hell-Blade-Guard-YueBai,20260908,Training.Hell.3-1,7,Blade,Guard,YueBai,3,10,True,stalemate,baseline,True,14,5726,409.0,884,1270.3333333333333,174.0909090909091,390,255,41678,11775,11910,0,37,47,2,48,4,205,45,,D:\UE5 demo\GameXXK\Saved\Balance\20260907-final-matrix\hell-Blade-Guard-YueBai\seed-20260908.json,8,4,1032
hell-Blade-Guard-YueBai,20260909,Training.Hell.3-1,7,Blade,Guard,YueBai,3,10,True,stalemate,baseline,True,24,8249,343.7083333333333,854,2140.6666666666665,87.0,1217,300,97348,10993,11910,0,69,160,0,84,17,13233,0,,D:\UE5 demo\GameXXK\Saved\Balance\20260907-final-matrix\hell-Blade-Guard-YueBai\seed-20260909.json,16,10,296
hell-Blade-Guard-YueBai,20260910,Training.Hell.3-1,7,Blade,Guard,YueBai,3,10,True,victory,baseline,True,12,11176,931.3333333333334,5573,1867.6666666666667,619.2222222222222,0,0,48791,11910,11910,0,35,126,1,44,21,15443,0,,D:\UE5 demo\GameXXK\Saved\Balance\20260907-final-matrix\hell-Blade-Guard-YueBai\seed-20260910.json,6,4,102
hell-Blade-Guard-ZhouGuangZu,20260906,Training.Hell.3-1,7,Blade,Guard,ZhouGuangZu,3,10,True,stalemate,baseline,True,27,5572,206.37037037037038,0,960.6666666666666,112.08333333333333,1718,1718,77078,11505,11505,0,83,131,6,98,2,204,2503,,D:\UE5 demo\GameXXK\Saved\Balance\20260907-final-matrix\hell-Blade-Guard-ZhouGuangZu\seed-20260906.json,15,8,1359
hell-Blade-Guard-ZhouGuangZu,20260907,Training.Hell.3-1,7,Blade,Guard,ZhouGuangZu,3,10,True,victory,baseline,True,19,11352,597.4736842105264,1355,987.3333333333334,524.375,1992,1757,54337,11270,11505,0,65,121,1,76,0,204,1432,,D:\UE5 demo\GameXXK\Saved\Balance\20260907-final-matrix\hell-Blade-Guard-ZhouGuangZu\seed-20260907.json,15,7,1158
hell-Blade-Guard-ZhouGuangZu,20260908,Training.Hell.3-1,7,Blade,Guard,ZhouGuangZu,3,10,True,stalemate,baseline,True,19,5698,299.89473684210526,854,1155.3333333333333,139.5,811,811,50554,11505,11505,0,61,112,2,72,3,205,2933,,D:\UE5 demo\GameXXK\Saved\Balance\20260907-final-matrix\hell-Blade-Guard-ZhouGuangZu\seed-20260908.json,11,6,556
hell-Blade-Guard-ZhouGuangZu,20260909,Training.Hell.3-1,7,Blade,Guard,ZhouGuangZu,3,10,True,victory,baseline,True,18,11366,631.4444444444445,854,1155.3333333333333,526.6666666666666,1068,1068,45207,11505,11505,0,55,85,2,72,2,227,1467,,D:\UE5 demo\GameXXK\Saved\Balance\20260907-final-matrix\hell-Blade-Guard-ZhouGuangZu\seed-20260909.json,11,5,954
hell-Blade-Guard-ZhouGuangZu,20260910,Training.Hell.3-1,7,Blade,Guard,ZhouGuangZu,3,10,True,stalemate,baseline,True,18,8250,458.3333333333333,854,1092.0,331.6,1200,1200,46544,11505,11505,0,56,103,1,66,1,204,1581,,D:\UE5 demo\GameXXK\Saved\Balance\20260907-final-matrix\hell-Blade-Guard-ZhouGuangZu\seed-20260910.json,11,6,778
hell-Blade-Guard-JinGui,20260906,Training.Hell.3-1,7,Blade,Guard,JinGui,0,10,True,stalemate,baseline,True,46,5379,116.93478260869566,594,1165.3333333333333,43.7906976744186,4505,675,103050,7909,11739,0,127,118,11,113,3,228,0,,D:\UE5 demo\GameXXK\Saved\Balance\20260907-final-matrix\hell-Blade-Guard-JinGui\seed-20260906.json,22,11,1115
hell-Blade-Guard-JinGui,20260907,Training.Hell.3-1,7,Blade,Guard,JinGui,0,10,True,limit,baseline,False,60,5298,88.3,1704,1483.0,14.894736842105264,3210,675,144236,9204,11739,0,168,118,14,153,7,90,0,Simulation reached MaxRounds before a terminal result.,D:\UE5 demo\GameXXK\Saved\Balance\20260907-final-matrix\hell-Blade-Guard-JinGui\seed-20260907.json,29,15,1032
hell-Blade-Guard-JinGui,20260908,Training.Hell.3-1,7,Blade,Guard,JinGui,0,10,True,limit,baseline,False,60,5511,91.85,854,1645.0,10.105263157894736,3372,1050,146430,9417,11739,0,179,148,3,154,11,282,0,Simulation reached MaxRounds before a terminal result.,D:\UE5 demo\GameXXK\Saved\Balance\20260907-final-matrix\hell-Blade-Guard-JinGui\seed-20260908.json,29,15,870
hell-Blade-Guard-JinGui,20260909,Training.Hell.3-1,7,Blade,Guard,JinGui,0,10,True,limit,baseline,False,60,5559,92.65,854,1675.0,9.368421052631579,3134,975,139791,9580,11739,0,171,145,10,151,7,282,0,Simulation reached MaxRounds before a terminal result.,D:\UE5 demo\GameXXK\Saved\Balance\20260907-final-matrix\hell-Blade-Guard-JinGui\seed-20260909.json,30,16,870
hell-Blade-Guard-JinGui,20260910,Training.Hell.3-1,7,Blade,Guard,JinGui,0,10,True,limit,baseline,False,60,5346,89.1,2213,1164.3333333333333,32.50877192982456,3132,975,146934,9582,11739,0,174,141,9,150,6,228,0,Simulation reached MaxRounds before a terminal result.,D:\UE5 demo\GameXXK\Saved\Balance\20260907-final-matrix\hell-Blade-Guard-JinGui\seed-20260910.json,29,15,870
hell-Blade-Guard-QiongMeiEr,20260906,Training.Hell.3-1,7,Blade,Guard,QiongMeiEr,3,10,True,limit,baseline,False,60,5688,94.8,510,1647.0,13.105263157894736,1788,1659,169353,12069,12198,0,226,198,24,196,4,144,4191,Simulation reached MaxRounds before a terminal result.,D:\UE5 demo\GameXXK\Saved\Balance\20260907-final-matrix\hell-Blade-Guard-QiongMeiEr\seed-20260906.json,27,13,424
hell-Blade-Guard-QiongMeiEr,20260907,Training.Hell.3-1,7,Blade,Guard,QiongMeiEr,3,10,True,victory,baseline,True,17,11161,656.5294117647059,1699,1359.6666666666667,505.85714285714283,397,353,47299,12154,12198,0,67,73,2,63,0,267,487,,D:\UE5 demo\GameXXK\Saved\Balance\20260907-final-matrix\hell-Blade-Guard-QiongMeiEr\seed-20260907.json,8,4,93
hell-Blade-Guard-QiongMeiEr,20260908,Training.Hell.3-1,7,Blade,Guard,QiongMeiEr,3,10,True,victory,baseline,True,18,11146,619.2222222222222,1669,1207.0,501.6666666666667,1526,1526,41722,12198,12198,0,69,109,1,60,0,121,1489,,D:\UE5 demo\GameXXK\Saved\Balance\20260907-final-matrix\hell-Blade-Guard-QiongMeiEr\seed-20260908.json,9,4,666
hell-Blade-Guard-QiongMeiEr,20260909,Training.Hell.3-1,7,Blade,Guard,QiongMeiEr,3,10,True,stalemate,baseline,True,31,5543,178.80645161290323,854,924.0,98.96428571428571,2725,2596,84791,12069,12198,0,116,132,4,96,3,233,1964,,D:\UE5 demo\GameXXK\Saved\Balance\20260907-final-matrix\hell-Blade-Guard-QiongMeiEr\seed-20260909.json,15,8,100
hell-Blade-Guard-QiongMeiEr,20260910,Training.Hell.3-1,7,Blade,Guard,QiongMeiEr,3,10,True,victory,baseline,True,14,11317,808.3571428571429,1190,1459.6666666666667,630.7272727272727,800,550,48866,11948,12198,0,62,82,0,63,1,341,605,,D:\UE5 demo\GameXXK\Saved\Balance\20260907-final-matrix\hell-Blade-Guard-QiongMeiEr\seed-20260910.json,9,3,353
hell-Blade-Healer-TusiChief,20260906,Training.Hell.3-1,7,Blade,Healer,TusiChief,3,10,True,victory,baseline,True,5,5574,1114.8,1190,1263.0,892.5,890,646,1099,12158,12402,0,15,29,1,14,0,181,92,,D:\UE5 demo\GameXXK\Saved\Balance\20260907-final-matrix\hell-Blade-Healer-TusiChief\seed-20260906.json,3,1,4
hell-Blade-Healer-TusiChief,20260907,Training.Hell.3-1,7,Blade,Healer,TusiChief,3,10,True,victory,baseline,True,6,5574,929.0,3369,1196.3333333333333,661.6666666666666,415,165,1423,12152,12402,0,18,33,2,20,0,146,3,,D:\UE5 demo\GameXXK\Saved\Balance\20260907-final-matrix\hell-Blade-Healer-TusiChief\seed-20260907.json,3,1,180
hell-Blade-Healer-TusiChief,20260908,Training.Hell.3-1,7,Blade,Healer,TusiChief,3,10,True,victory,baseline,True,5,5764,1152.8,1594,1252.3333333333333,1003.5,1507,15,2340,10910,12402,0,15,30,1,17,0,35,3,,D:\UE5 demo\GameXXK\Saved\Balance\20260907-final-matrix\hell-Blade-Healer-TusiChief\seed-20260908.json,4,1,255
hell-Blade-Healer-TusiChief,20260909,Training.Hell.3-1,7,Blade,Healer,TusiChief,3,10,True,victory,baseline,True,6,5764,960.6666666666666,854,1785.3333333333333,136.0,1409,165,1951,11158,12402,0,18,46,1,18,0,112,3,,D:\UE5 demo\GameXXK\Saved\Balance\20260907-final-matrix\hell-Blade-Healer-TusiChief\seed-20260909.json,4,0,179
hell-Blade-Healer-TusiChief,20260910,Training.Hell.3-1,7,Blade,Healer,TusiChief,3,10,True,victory,baseline,True,6,5574,929.0,1190,1313.0,545.0,240,17,2664,12179,12402,0,22,51,0,18,1,371,13,,D:\UE5 demo\GameXXK\Saved\Balance\20260907-final-matrix\hell-Blade-Healer-TusiChief\seed-20260910.json,2,1,0
hell-Blade-Healer-SongJinBao,20260906,Training.Hell.3-1,7,Blade,Healer,SongJinBao,3,10,True,victory,baseline,True,2,5574,2787.0,3549,2787.0,,3,3,0,12225,12225,0,12,25,0,15,5,509,3,,D:\UE5 demo\GameXXK\Saved\Balance\20260907-final-matrix\hell-Blade-Healer-SongJinBao\seed-20260906.json,0,0,0
hell-Blade-Healer-SongJinBao,20260907,Training.Hell.3-1,7,Blade,Healer,SongJinBao,3,10,True,victory,baseline,True,4,5574,1393.5,2050,1678.3333333333333,539.0,588,395,0,12032,12225,0,24,55,0,24,5,475,34,,D:\UE5 demo\GameXXK\Saved\Balance\20260907-final-matrix\hell-Blade-Healer-SongJinBao\seed-20260907.json,3,1,3
hell-Blade-Healer-SongJinBao,20260908,Training.Hell.3-1,7,Blade,Healer,SongJinBao,3,10,True,victory,baseline,True,3,5574,1858.0,3394,1858.0,,9,9,0,12225,12225,0,14,20,1,16,6,728,234,,D:\UE5 demo\GameXXK\Saved\Balance\20260907-final-matrix\hell-Blade-Healer-SongJinBao\seed-20260908.json,0,0,0
hell-Blade-Healer-SongJinBao,20260909,Training.Hell.3-1,7,Blade,Healer,SongJinBao,3,10,True,victory,baseline,True,4,5574,1393.5,1490,1680.6666666666667,532.0,141,141,0,12225,12225,0,19,57,0,22,6,357,27,,D:\UE5 demo\GameXXK\Saved\Balance\20260907-final-matrix\hell-Blade-Healer-SongJinBao\seed-20260909.json,1,0,1
hell-Blade-Healer-SongJinBao,20260910,Training.Hell.3-1,7,Blade,Healer,SongJinBao,3,10,True,victory,baseline,True,2,5574,2787.0,3251,2787.0,,3,3,0,12225,12225,0,11,30,0,15,9,264,3,,D:\UE5 demo\GameXXK\Saved\Balance\20260907-final-matrix\hell-Blade-Healer-SongJinBao\seed-20260910.json,0,0,0
hell-Blade-Healer-YueBai,20260906,Training.Hell.3-1,7,Blade,Healer,YueBai,3,10,True,victory,baseline,True,5,8375,1675.0,6390,2617.6666666666665,261.0,12,12,9234,11647,11647,0,17,74,0,22,8,12998,12,,D:\UE5 demo\GameXXK\Saved\Balance\20260907-final-matrix\hell-Blade-Healer-YueBai\seed-20260906.json,3,1,111
hell-Blade-Healer-YueBai,20260907,Training.Hell.3-1,7,Blade,Healer,YueBai,3,10,True,victory,baseline,True,6,11151,1858.5,5573,2533.0,1184.0,12,12,18468,11647,11647,0,21,80,0,31,20,11038,237,,D:\UE5 demo\GameXXK\Saved\Balance\20260907-final-matrix\hell-Blade-Healer-YueBai\seed-20260907.json,3,1,111
hell-Blade-Healer-YueBai,20260908,Training.Hell.3-1,7,Blade,Healer,YueBai,3,10,True,victory,baseline,True,6,5764,960.6666666666666,1405,1538.0,383.3333333333333,459,345,13608,11533,11647,0,19,83,0,27,9,348,198,,D:\UE5 demo\GameXXK\Saved\Balance\20260907-final-matrix\hell-Blade-Healer-YueBai\seed-20260908.json,7,2,918
hell-Blade-Healer-YueBai,20260909,Training.Hell.3-1,7,Blade,Healer,YueBai,3,10,True,victory,baseline,True,5,8375,1675.0,854,2623.6666666666665,252.0,306,306,7290,11647,11647,0,15,54,1,20,4,7933,186,,D:\UE5 demo\GameXXK\Saved\Balance\20260907-final-matrix\hell-Blade-Healer-YueBai\seed-20260909.json,5,1,302
hell-Blade-Healer-YueBai,20260910,Training.Hell.3-1,7,Blade,Healer,YueBai,3,10,True,victory,baseline,True,3,8375,2791.6666666666665,6076,2791.6666666666665,,9,9,12636,11647,11647,0,12,53,0,20,12,13433,9,,D:\UE5 demo\GameXXK\Saved\Balance\20260907-final-matrix\hell-Blade-Healer-YueBai\seed-20260910.json,3,1,111
hell-Blade-Healer-ZhouGuangZu,20260906,Training.Hell.3-1,7,Blade,Healer,ZhouGuangZu,3,10,True,victory,baseline,True,13,11176,859.6923076923077,615,1247.0,743.5,1229,1091,8820,11104,11242,0,42,130,0,51,1,65,1000,,D:\UE5 demo\GameXXK\Saved\Balance\20260907-final-matrix\hell-Blade-Healer-ZhouGuangZu\seed-20260906.json,9,1,829
hell-Blade-Healer-ZhouGuangZu,20260907,Training.Hell.3-1,7,Blade,Healer,ZhouGuangZu,3,10,True,victory,baseline,True,7,5764,823.4285714285714,1355,1022.0,674.5,1930,1208,4410,10520,11242,0,20,64,2,28,0,284,445,,D:\UE5 demo\GameXXK\Saved\Balance\20260907-final-matrix\hell-Blade-Healer-ZhouGuangZu\seed-20260907.json,10,3,923
hell-Blade-Healer-ZhouGuangZu,20260908,Training.Hell.3-1,7,Blade,Healer,ZhouGuangZu,3,10,True,victory,baseline,True,7,5764,823.4285714285714,1049,904.6666666666666,762.5,648,648,3528,11242,11242,0,22,73,1,26,0,147,765,,D:\UE5 demo\GameXXK\Saved\Balance\20260907-final-matrix\hell-Blade-Healer-ZhouGuangZu\seed-20260908.json,5,1,566
hell-Blade-Healer-ZhouGuangZu,20260909,Training.Hell.3-1,7,Blade,Healer,ZhouGuangZu,3,10,True,victory,baseline,True,10,8565,856.5,854,1155.3333333333333,728.4285714285714,1757,1482,3528,10967,11242,0,33,84,1,36,2,158,579,,D:\UE5 demo\GameXXK\Saved\Balance\20260907-final-matrix\hell-Blade-Healer-ZhouGuangZu\seed-20260909.json,9,1,498
hell-Blade-Healer-ZhouGuangZu,20260910,Training.Hell.3-1,7,Blade,Healer,ZhouGuangZu,3,10,True,victory,baseline,True,5,5574,1114.8,1351,1492.6666666666667,548.0,424,424,3528,11242,11242,0,18,69,0,20,0,169,716,,D:\UE5 demo\GameXXK\Saved\Balance\20260907-final-matrix\hell-Blade-Healer-ZhouGuangZu\seed-20260910.json,4,1,534
hell-Blade-Healer-JinGui,20260906,Training.Hell.3-1,7,Blade,Healer,JinGui,0,10,True,victory,baseline,True,8,5764,720.5,1044,1650.6666666666667,162.4,1076,333,4436,10733,11476,0,29,68,1,27,1,454,3,,D:\UE5 demo\GameXXK\Saved\Balance\20260907-final-matrix\hell-Blade-Healer-JinGui\seed-20260906.json,6,1,686
hell-Blade-Healer-JinGui,20260907,Training.Hell.3-1,7,Blade,Healer,JinGui,0,10,True,victory,baseline,True,7,8565,1223.5714285714287,1829,1732.3333333333333,842.0,1972,1014,3274,10518,11476,0,27,78,1,29,0,252,60,,D:\UE5 demo\GameXXK\Saved\Balance\20260907-final-matrix\hell-Blade-Healer-JinGui\seed-20260907.json,8,1,248
hell-Blade-Healer-JinGui,20260908,Training.Hell.3-1,7,Blade,Healer,JinGui,0,10,True,victory,baseline,True,10,8364,836.4,854,1725.6666666666667,455.2857142857143,1672,995,3970,10799,11476,0,33,63,3,32,0,488,121,,D:\UE5 demo\GameXXK\Saved\Balance\20260907-final-matrix\hell-Blade-Healer-JinGui\seed-20260908.json,7,1,235
hell-Blade-Healer-JinGui,20260909,Training.Hell.3-1,7,Blade,Healer,JinGui,0,10,True,victory,baseline,True,4,5574,1393.5,854,1477.6666666666667,1141.0,458,80,1168,11098,11476,0,12,28,1,16,0,561,1,,D:\UE5 demo\GameXXK\Saved\Balance\20260907-final-matrix\hell-Blade-Healer-JinGui\seed-20260909.json,2,0,2
hell-Blade-Healer-JinGui,20260910,Training.Hell.3-1,7,Blade,Healer,JinGui,0,10,True,victory,baseline,True,4,5574,1393.5,2338,1843.0,45.0,672,12,702,10816,11476,0,14,43,0,17,0,366,0,,D:\UE5 demo\GameXXK\Saved\Balance\20260907-final-matrix\hell-Blade-Healer-JinGui\seed-20260910.json,3,1,3
hell-Blade-Healer-QiongMeiEr,20260906,Training.Hell.3-1,7,Blade,Healer,QiongMeiEr,3,10,True,victory,baseline,True,6,5574,929.0,1085,1326.3333333333333,531.6666666666666,654,378,0,11659,11935,0,30,62,0,28,2,138,591,,D:\UE5 demo\GameXXK\Saved\Balance\20260907-final-matrix\hell-Blade-Healer-QiongMeiEr\seed-20260906.json,4,0,2
hell-Blade-Healer-QiongMeiEr,20260907,Training.Hell.3-1,7,Blade,Healer,QiongMeiEr,3,10,True,victory,baseline,True,6,5574,929.0,2049,1691.6666666666667,166.33333333333334,657,383,0,11661,11935,0,29,62,1,27,1,537,517,,D:\UE5 demo\GameXXK\Saved\Balance\20260907-final-matrix\hell-Blade-Healer-QiongMeiEr\seed-20260907.json,4,0,2
hell-Blade-Healer-QiongMeiEr,20260908,Training.Hell.3-1,7,Blade,Healer,QiongMeiEr,3,10,True,victory,baseline,True,8,11152,1394.0,1794,1580.0,1282.4,996,913,0,11852,11935,0,43,86,0,45,2,374,1289,,D:\UE5 demo\GameXXK\Saved\Balance\20260907-final-matrix\hell-Blade-Healer-QiongMeiEr\seed-20260908.json,6,0,2
hell-Blade-Healer-QiongMeiEr,20260909,Training.Hell.3-1,7,Blade,Healer,QiongMeiEr,3,10,True,victory,baseline,True,4,5574,1393.5,1979,1828.3333333333333,89.0,258,258,0,11935,11935,0,20,59,0,21,1,303,756,,D:\UE5 demo\GameXXK\Saved\Balance\20260907-final-matrix\hell-Blade-Healer-QiongMeiEr\seed-20260909.json,2,0,2
hell-Blade-Healer-QiongMeiEr,20260910,Training.Hell.3-1,7,Blade,Healer,QiongMeiEr,3,10,True,victory,baseline,True,4,5574,1393.5,1954,1802.6666666666667,166.0,315,315,0,11935,11935,0,22,45,0,24,0,275,318,,D:\UE5 demo\GameXXK\Saved\Balance\20260907-final-matrix\hell-Blade-Healer-QiongMeiEr\seed-20260910.json,2,0,2
hell-Blade-Hunter-TusiChief,20260906,Training.Hell.3-1,7,Blade,Hunter,TusiChief,3,10,True,victory,baseline,True,6,11176,1862.6666666666667,3033,1730.3333333333333,1995.0,330,225,1849,12248,12353,0,24,35,3,32,0,998,0,,D:\UE5 demo\GameXXK\Saved\Balance\20260907-final-matrix\hell-Blade-Hunter-TusiChief\seed-20260906.json,2,1,2
hell-Blade-Hunter-TusiChief,20260907,Training.Hell.3-1,7,Blade,Hunter,TusiChief,3,10,True,victory,baseline,True,6,11176,1862.6666666666667,3589,1746.3333333333333,1979.0,0,0,2031,12353,12353,0,22,36,4,30,0,2145,75,,D:\UE5 demo\GameXXK\Saved\Balance\20260907-final-matrix\hell-Blade-Hunter-TusiChief\seed-20260907.json,0,0,0
hell-Blade-Hunter-TusiChief,20260908,Training.Hell.3-1,7,Blade,Hunter,TusiChief,3,10,True,victory,baseline,True,7,11176,1596.5714285714287,2954,1792.0,1450.0,494,225,2664,12084,12353,0,27,39,6,37,0,2286,0,,D:\UE5 demo\GameXXK\Saved\Balance\20260907-final-matrix\hell-Blade-Hunter-TusiChief\seed-20260908.json,3,1,152
hell-Blade-Hunter-TusiChief,20260909,Training.Hell.3-1,7,Blade,Hunter,TusiChief,3,10,True,victory,baseline,True,10,11153,1115.3,3171,1770.0,834.7142857142857,922,525,2315,11956,12353,0,36,59,5,45,0,1095,0,,D:\UE5 demo\GameXXK\Saved\Balance\20260907-final-matrix\hell-Blade-Hunter-TusiChief\seed-20260909.json,5,1,3
hell-Blade-Hunter-TusiChief,20260910,Training.Hell.3-1,7,Blade,Hunter,TusiChief,3,10,True,victory,baseline,True,8,11172,1396.5,3045,1798.0,1155.6,933,300,1136,11720,12353,0,24,51,8,31,0,3811,0,,D:\UE5 demo\GameXXK\Saved\Balance\20260907-final-matrix\hell-Blade-Hunter-TusiChief\seed-20260910.json,4,1,2
hell-Blade-Hunter-SongJinBao,20260906,Training.Hell.3-1,7,Blade,Hunter,SongJinBao,3,10,True,victory,baseline,True,5,11174,2234.8,5571,2670.3333333333335,1581.5,0,0,0,12176,12176,0,18,35,3,29,5,2203,0,,D:\UE5 demo\GameXXK\Saved\Balance\20260907-final-matrix\hell-Blade-Hunter-SongJinBao\seed-20260906.json,0,0,0
hell-Blade-Hunter-SongJinBao,20260907,Training.Hell.3-1,7,Blade,Hunter,SongJinBao,3,10,True,victory,baseline,True,7,11176,1596.5714285714287,2602,1836.0,1417.0,433,409,0,12152,12176,0,24,38,7,38,0,1927,41,,D:\UE5 demo\GameXXK\Saved\Balance\20260907-final-matrix\hell-Blade-Hunter-SongJinBao\seed-20260907.json,3,1,3
hell-Blade-Hunter-SongJinBao,20260908,Training.Hell.3-1,7,Blade,Hunter,SongJinBao,3,10,True,victory,baseline,True,6,11176,1862.6666666666667,5227,1742.3333333333333,1983.0,0,0,0,12176,12176,0,25,49,2,33,4,1595,0,,D:\UE5 demo\GameXXK\Saved\Balance\20260907-final-matrix\hell-Blade-Hunter-SongJinBao\seed-20260908.json,0,0,0
hell-Blade-Hunter-SongJinBao,20260909,Training.Hell.3-1,7,Blade,Hunter,SongJinBao,3,10,True,victory,baseline,True,5,11174,2234.8,3171,1847.0,2816.5,553,300,0,11923,12176,0,20,48,4,28,2,1067,0,,D:\UE5 demo\GameXXK\Saved\Balance\20260907-final-matrix\hell-Blade-Hunter-SongJinBao\seed-20260909.json,3,1,3
hell-Blade-Hunter-SongJinBao,20260910,Training.Hell.3-1,7,Blade,Hunter,SongJinBao,3,10,True,victory,baseline,True,4,11154,2788.5,5551,2759.0,2877.0,0,0,0,12176,12176,0,18,29,0,28,5,1638,0,,D:\UE5 demo\GameXXK\Saved\Balance\20260907-final-matrix\hell-Blade-Hunter-SongJinBao\seed-20260910.json,0,0,0
hell-Blade-Hunter-YueBai,20260906,Training.Hell.3-1,7,Blade,Hunter,YueBai,3,10,True,victory,baseline,True,3,11176,3725.3333333333335,7599,3725.3333333333335,,0,0,9720,11598,11598,0,11,65,0,25,4,13337,0,,D:\UE5 demo\GameXXK\Saved\Balance\20260907-final-matrix\hell-Blade-Hunter-YueBai\seed-20260906.json,1,0,47
hell-Blade-Hunter-YueBai,20260907,Training.Hell.3-1,7,Blade,Hunter,YueBai,3,10,True,victory,baseline,True,3,11154,3718.0,6178,3718.0,,0,0,8748,11598,11598,0,12,66,0,26,4,8583,0,,D:\UE5 demo\GameXXK\Saved\Balance\20260907-final-matrix\hell-Blade-Hunter-YueBai\seed-20260907.json,1,0,47
hell-Blade-Hunter-YueBai,20260908,Training.Hell.3-1,7,Blade,Hunter,YueBai,3,10,True,victory,baseline,True,3,11162,3720.6666666666665,2772,3720.6666666666665,,0,0,9720,11598,11598,0,15,65,0,26,8,5951,0,,D:\UE5 demo\GameXXK\Saved\Balance\20260907-final-matrix\hell-Blade-Hunter-YueBai\seed-20260908.json,0,0,0
hell-Blade-Hunter-YueBai,20260909,Training.Hell.3-1,7,Blade,Hunter,YueBai,3,10,True,victory,baseline,True,5,11169,2233.8,3381,1835.3333333333333,2831.5,150,150,16038,11598,11598,0,19,86,1,41,13,340,225,,D:\UE5 demo\GameXXK\Saved\Balance\20260907-final-matrix\hell-Blade-Hunter-YueBai\seed-20260909.json,3,1,170
hell-Blade-Hunter-YueBai,20260910,Training.Hell.3-1,7,Blade,Hunter,YueBai,3,10,True,victory,baseline,True,3,11176,3725.3333333333335,7207,3725.3333333333335,,0,0,15066,11598,11598,0,11,73,0,27,12,8465,0,,D:\UE5 demo\GameXXK\Saved\Balance\20260907-final-matrix\hell-Blade-Hunter-YueBai\seed-20260910.json,1,0,47
hell-Blade-Hunter-ZhouGuangZu,20260906,Training.Hell.3-1,7,Blade,Hunter,ZhouGuangZu,3,10,True,victory,baseline,True,7,11176,1596.5714285714287,1677,1842.3333333333333,1412.25,132,132,7056,11193,11193,0,28,82,3,44,1,494,969,,D:\UE5 demo\GameXXK\Saved\Balance\20260907-final-matrix\hell-Blade-Hunter-ZhouGuangZu\seed-20260906.json,3,1,231
hell-Blade-Hunter-ZhouGuangZu,20260907,Training.Hell.3-1,7,Blade,Hunter,ZhouGuangZu,3,10,True,victory,baseline,True,8,11176,1397.0,3548,1760.6666666666667,1178.8,24,24,6174,11193,11193,0,29,87,8,42,0,615,1644,,D:\UE5 demo\GameXXK\Saved\Balance\20260907-final-matrix\hell-Blade-Hunter-ZhouGuangZu\seed-20260907.json,0,0,0
hell-Blade-Hunter-ZhouGuangZu,20260908,Training.Hell.3-1,7,Blade,Hunter,ZhouGuangZu,3,10,True,victory,baseline,True,4,11163,2790.75,3236,2787.0,2802.0,6,6,5292,11193,11193,0,20,70,0,33,1,986,774,,D:\UE5 demo\GameXXK\Saved\Balance\20260907-final-matrix\hell-Blade-Hunter-ZhouGuangZu\seed-20260908.json,2,1,96
hell-Blade-Hunter-ZhouGuangZu,20260909,Training.Hell.3-1,7,Blade,Hunter,ZhouGuangZu,3,10,True,victory,baseline,True,5,11174,2234.8,2772,1857.6666666666667,2800.5,15,15,4410,11193,11193,0,24,71,0,36,0,150,1326,,D:\UE5 demo\GameXXK\Saved\Balance\20260907-final-matrix\hell-Blade-Hunter-ZhouGuangZu\seed-20260909.json,1,0,94
hell-Blade-Hunter-ZhouGuangZu,20260910,Training.Hell.3-1,7,Blade,Hunter,ZhouGuangZu,3,10,True,victory,baseline,True,6,11176,1862.6666666666667,1699,1781.0,1944.3333333333333,192,192,5733,11193,11193,0,23,72,4,41,0,754,1293,,D:\UE5 demo\GameXXK\Saved\Balance\20260907-final-matrix\hell-Blade-Hunter-ZhouGuangZu\seed-20260910.json,2,1,137
hell-Blade-Hunter-JinGui,20260906,Training.Hell.3-1,7,Blade,Hunter,JinGui,0,10,True,victory,baseline,True,6,11176,1862.6666666666667,4934,1691.3333333333333,2034.0,293,225,2566,11359,11427,0,21,46,6,34,0,1703,0,,D:\UE5 demo\GameXXK\Saved\Balance\20260907-final-matrix\hell-Blade-Hunter-JinGui\seed-20260906.json,3,1,76
hell-Blade-Hunter-JinGui,20260907,Training.Hell.3-1,7,Blade,Hunter,JinGui,0,10,True,victory,baseline,True,4,11150,2787.5,5169,1849.0,5603.0,523,225,2100,11129,11427,0,18,50,2,28,0,660,0,,D:\UE5 demo\GameXXK\Saved\Balance\20260907-final-matrix\hell-Blade-Hunter-JinGui\seed-20260907.json,3,1,3
hell-Blade-Hunter-JinGui,20260908,Training.Hell.3-1,7,Blade,Hunter,JinGui,0,10,True,victory,baseline,True,8,11176,1397.0,5304,1810.6666666666667,1148.8,293,225,3498,11359,11427,0,27,54,7,42,0,867,0,,D:\UE5 demo\GameXXK\Saved\Balance\20260907-final-matrix\hell-Blade-Hunter-JinGui\seed-20260908.json,3,1,161
hell-Blade-Hunter-JinGui,20260909,Training.Hell.3-1,7,Blade,Hunter,JinGui,0,10,True,victory,baseline,True,6,11149,1858.1666666666667,4986,1848.6666666666667,1867.6666666666667,73,73,2566,11427,11427,0,26,47,2,36,0,956,152,,D:\UE5 demo\GameXXK\Saved\Balance\20260907-final-matrix\hell-Blade-Hunter-JinGui\seed-20260909.json,1,0,0
hell-Blade-Hunter-JinGui,20260910,Training.Hell.3-1,7,Blade,Hunter,JinGui,0,10,True,victory,baseline,True,6,11176,1862.6666666666667,4714,1824.3333333333333,1901.0,0,0,1398,11427,11427,0,18,39,9,27,1,510,75,,D:\UE5 demo\GameXXK\Saved\Balance\20260907-final-matrix\hell-Blade-Hunter-JinGui\seed-20260910.json,0,0,0
hell-Blade-Hunter-QiongMeiEr,20260906,Training.Hell.3-1,7,Blade,Hunter,QiongMeiEr,3,10,True,victory,baseline,True,4,11153,2788.25,2143,3660.3333333333335,172.0,265,145,0,11766,11886,0,16,48,0,26,1,292,395,,D:\UE5 demo\GameXXK\Saved\Balance\20260907-final-matrix\hell-Blade-Hunter-QiongMeiEr\seed-20260906.json,2,1,2
hell-Blade-Hunter-QiongMeiEr,20260907,Training.Hell.3-1,7,Blade,Hunter,QiongMeiEr,3,10,True,victory,baseline,True,6,11176,1862.6666666666667,3152,1791.3333333333333,1934.0,145,145,0,11886,11886,0,21,43,4,32,1,1009,80,,D:\UE5 demo\GameXXK\Saved\Balance\20260907-final-matrix\hell-Blade-Hunter-QiongMeiEr\seed-20260907.json,2,1,2
hell-Blade-Hunter-QiongMeiEr,20260908,Training.Hell.3-1,7,Blade,Hunter,QiongMeiEr,3,10,True,victory,baseline,True,7,11141,1591.5714285714287,3979,1830.6666666666667,1412.25,309,265,0,11842,11886,0,24,61,5,32,0,1216,890,,D:\UE5 demo\GameXXK\Saved\Balance\20260907-final-matrix\hell-Blade-Hunter-QiongMeiEr\seed-20260908.json,3,1,2
hell-Blade-Hunter-QiongMeiEr,20260909,Training.Hell.3-1,7,Blade,Hunter,QiongMeiEr,3,10,True,victory,baseline,True,5,11176,2235.2,3171,1857.6666666666667,2801.5,434,434,0,11886,11886,0,20,51,0,27,1,611,256,,D:\UE5 demo\GameXXK\Saved\Balance\20260907-final-matrix\hell-Blade-Hunter-QiongMeiEr\seed-20260909.json,3,1,3
hell-Blade-Hunter-QiongMeiEr,20260910,Training.Hell.3-1,7,Blade,Hunter,QiongMeiEr,3,10,True,victory,baseline,True,8,11162,1395.25,4548,1829.6666666666667,1134.6,249,249,0,11886,11886,0,26,53,6,37,0,574,831,,D:\UE5 demo\GameXXK\Saved\Balance\20260907-final-matrix\hell-Blade-Hunter-QiongMeiEr\seed-20260910.json,3,1,2
hell-Blade-Sorcerer-TusiChief,20260906,Training.Hell.3-1,7,Blade,Sorcerer,TusiChief,3,10,True,limit,baseline,False,60,5487,91.45,3582,1829.0,0.0,3868,2250,14903,11041,12659,0,177,158,90,227,16,79,0,Simulation reached MaxRounds before a terminal result.,D:\UE5 demo\GameXXK\Saved\Balance\20260907-final-matrix\hell-Blade-Sorcerer-TusiChief\seed-20260906.json,21,1,364
hell-Blade-Sorcerer-TusiChief,20260907,Training.Hell.3-1,7,Blade,Sorcerer,TusiChief,3,10,True,limit,baseline,False,60,5510,91.83333333333333,4748,1836.6666666666667,0.0,2328,2134,8894,12465,12659,0,139,20,114,176,7,17,41,Simulation reached MaxRounds before a terminal result.,D:\UE5 demo\GameXXK\Saved\Balance\20260907-final-matrix\hell-Blade-Sorcerer-TusiChief\seed-20260907.json,12,0,0
hell-Blade-Sorcerer-TusiChief,20260908,Training.Hell.3-1,7,Blade,Sorcerer,TusiChief,3,10,True,limit,baseline,False,60,5446,90.76666666666667,4509,1815.3333333333333,0.0,3026,1994,14829,11627,12659,0,176,160,91,227,6,145,181,Simulation reached MaxRounds before a terminal result.,D:\UE5 demo\GameXXK\Saved\Balance\20260907-final-matrix\hell-Blade-Sorcerer-TusiChief\seed-20260908.json,18,0,320
hell-Blade-Sorcerer-TusiChief,20260909,Training.Hell.3-1,7,Blade,Sorcerer,TusiChief,3,10,True,limit,baseline,False,60,5372,89.53333333333333,4479,1790.6666666666667,0.0,4224,2550,8941,10985,12659,0,142,26,109,175,14,300,0,Simulation reached MaxRounds before a terminal result.,D:\UE5 demo\GameXXK\Saved\Balance\20260907-final-matrix\hell-Blade-Sorcerer-TusiChief\seed-20260909.json,22,1,4
hell-Blade-Sorcerer-TusiChief,20260910,Training.Hell.3-1,7,Blade,Sorcerer,TusiChief,3,10,True,stalemate,baseline,True,20,5456,272.8,3045,1818.6666666666667,0.0,406,406,5699,12659,12659,0,60,76,26,76,3,132,194,,D:\UE5 demo\GameXXK\Saved\Balance\20260907-final-matrix\hell-Blade-Sorcerer-TusiChief\seed-20260910.json,2,0,40
hell-Blade-Sorcerer-SongJinBao,20260906,Training.Hell.3-1,7,Blade,Sorcerer,SongJinBao,3,10,True,limit,baseline,False,60,5424,90.4,5424,1808.0,0.0,1624,1462,0,12320,12482,0,170,65,85,188,17,139,788,Simulation reached MaxRounds before a terminal result.,D:\UE5 demo\GameXXK\Saved\Balance\20260907-final-matrix\hell-Blade-Sorcerer-SongJinBao\seed-20260906.json,12,2,0
hell-Blade-Sorcerer-SongJinBao,20260907,Training.Hell.3-1,7,Blade,Sorcerer,SongJinBao,3,10,True,stalemate,baseline,True,51,8183,160.45098039215685,5452,1817.3333333333333,56.895833333333336,1296,1296,840,12482,12482,0,152,39,66,172,18,515,429,,D:\UE5 demo\GameXXK\Saved\Balance\20260907-final-matrix\hell-Blade-Sorcerer-SongJinBao\seed-20260907.json,8,0,0
hell-Blade-Sorcerer-SongJinBao,20260908,Training.Hell.3-1,7,Blade,Sorcerer,SongJinBao,3,10,True,stalemate,baseline,True,45,5452,121.15555555555555,5452,1817.3333333333333,0.0,1134,1134,0,12482,12482,0,133,15,59,152,14,323,666,,D:\UE5 demo\GameXXK\Saved\Balance\20260907-final-matrix\hell-Blade-Sorcerer-SongJinBao\seed-20260908.json,7,0,0
hell-Blade-Sorcerer-SongJinBao,20260909,Training.Hell.3-1,7,Blade,Sorcerer,SongJinBao,3,10,True,stalemate,baseline,True,55,5450,99.0909090909091,5450,1816.6666666666667,0.0,656,656,0,12482,12482,0,160,63,76,182,20,323,994,,D:\UE5 demo\GameXXK\Saved\Balance\20260907-final-matrix\hell-Blade-Sorcerer-SongJinBao\seed-20260909.json,8,4,0
hell-Blade-Sorcerer-SongJinBao,20260910,Training.Hell.3-1,7,Blade,Sorcerer,SongJinBao,3,10,True,stalemate,baseline,True,52,5467,105.13461538461539,4925,1822.3333333333333,0.0,1000,1000,1710,12482,12482,0,107,167,100,136,8,309,350,,D:\UE5 demo\GameXXK\Saved\Balance\20260907-final-matrix\hell-Blade-Sorcerer-SongJinBao\seed-20260910.json,13,9,74
hell-Blade-Sorcerer-YueBai,20260906,Training.Hell.3-1,7,Blade,Sorcerer,YueBai,3,10,True,stalemate,baseline,True,8,5475,684.375,4704,1825.0,0.0,0,0,11664,11904,11904,0,24,55,10,40,1,138,225,,D:\UE5 demo\GameXXK\Saved\Balance\20260907-final-matrix\hell-Blade-Sorcerer-YueBai\seed-20260906.json,2,0,294
hell-Blade-Sorcerer-YueBai,20260907,Training.Hell.3-1,7,Blade,Sorcerer,YueBai,3,10,True,stalemate,baseline,True,8,5535,691.875,3887,1845.0,0.0,0,0,14580,11904,11904,0,24,78,8,45,1,307,75,,D:\UE5 demo\GameXXK\Saved\Balance\20260907-final-matrix\hell-Blade-Sorcerer-YueBai\seed-20260907.json,2,0,294
hell-Blade-Sorcerer-YueBai,20260908,Training.Hell.3-1,7,Blade,Sorcerer,YueBai,3,10,True,stalemate,baseline,True,12,5471,455.9166666666667,4261,1823.6666666666667,0.0,270,270,21870,11904,11904,0,35,96,15,67,1,323,105,,D:\UE5 demo\GameXXK\Saved\Balance\20260907-final-matrix\hell-Blade-Sorcerer-YueBai\seed-20260908.json,7,1,796
hell-Blade-Sorcerer-YueBai,20260909,Training.Hell.3-1,7,Blade,Sorcerer,YueBai,3,10,True,stalemate,baseline,True,8,5429,678.625,3887,1809.6666666666667,0.0,0,0,13608,11904,11904,0,28,59,6,48,3,322,300,,D:\UE5 demo\GameXXK\Saved\Balance\20260907-final-matrix\hell-Blade-Sorcerer-YueBai\seed-20260909.json,2,0,294
hell-Blade-Sorcerer-YueBai,20260910,Training.Hell.3-1,7,Blade,Sorcerer,YueBai,3,10,True,victory,baseline,True,3,11172,3724.0,7987,3724.0,,0,0,10206,11904,11904,0,10,57,3,26,8,13577,0,,D:\UE5 demo\GameXXK\Saved\Balance\20260907-final-matrix\hell-Blade-Sorcerer-YueBai\seed-20260910.json,3,1,126
hell-Blade-Sorcerer-ZhouGuangZu,20260906,Training.Hell.3-1,7,Blade,Sorcerer,ZhouGuangZu,3,10,True,victory,baseline,True,6,11176,1862.6666666666667,4899,2777.0,948.3333333333334,9,9,6924,11499,11499,0,24,80,2,40,14,198,936,,D:\UE5 demo\GameXXK\Saved\Balance\20260907-final-matrix\hell-Blade-Sorcerer-ZhouGuangZu\seed-20260906.json,3,0,404
hell-Blade-Sorcerer-ZhouGuangZu,20260907,Training.Hell.3-1,7,Blade,Sorcerer,ZhouGuangZu,3,10,True,victory,baseline,True,7,11157,1593.857142857143,4052,1857.6666666666667,1396.0,21,21,6564,11499,11499,0,29,89,4,47,7,467,1566,,D:\UE5 demo\GameXXK\Saved\Balance\20260907-final-matrix\hell-Blade-Sorcerer-ZhouGuangZu\seed-20260907.json,4,0,619
hell-Blade-Sorcerer-ZhouGuangZu,20260908,Training.Hell.3-1,7,Blade,Sorcerer,ZhouGuangZu,3,10,True,victory,baseline,True,6,11153,1858.8333333333333,3609,2619.0,1098.6666666666667,576,576,7971,11499,11499,0,28,91,3,48,14,317,915,,D:\UE5 demo\GameXXK\Saved\Balance\20260907-final-matrix\hell-Blade-Sorcerer-ZhouGuangZu\seed-20260908.json,5,1,255
hell-Blade-Sorcerer-ZhouGuangZu,20260909,Training.Hell.3-1,7,Blade,Sorcerer,ZhouGuangZu,3,10,True,victory,baseline,True,7,11176,1596.5714285714287,4052,1857.6666666666667,1400.75,18,18,7716,11499,11499,0,32,87,2,51,7,849,945,,D:\UE5 demo\GameXXK\Saved\Balance\20260907-final-matrix\hell-Blade-Sorcerer-ZhouGuangZu\seed-20260909.json,4,0,619
hell-Blade-Sorcerer-ZhouGuangZu,20260910,Training.Hell.3-1,7,Blade,Sorcerer,ZhouGuangZu,3,10,True,victory,baseline,True,5,11165,2233.0,4215,2732.0,1484.5,15,15,6804,11499,11499,0,22,69,1,34,12,826,1326,,D:\UE5 demo\GameXXK\Saved\Balance\20260907-final-matrix\hell-Blade-Sorcerer-ZhouGuangZu\seed-20260910.json,0,0,0
hell-Blade-Sorcerer-JinGui,20260906,Training.Hell.3-1,7,Blade,Sorcerer,JinGui,0,10,True,stalemate,baseline,True,35,5473,156.37142857142857,5131,1824.3333333333333,0.0,837,837,10730,11733,11733,0,77,17,58,89,4,130,63,,D:\UE5 demo\GameXXK\Saved\Balance\20260907-final-matrix\hell-Blade-Sorcerer-JinGui\seed-20260906.json,10,0,759
hell-Blade-Sorcerer-JinGui,20260907,Training.Hell.3-1,7,Blade,Sorcerer,JinGui,0,10,True,victory,baseline,True,53,11176,210.8679245283019,4784,1820.6666666666667,114.28,1778,1725,19090,11680,11733,0,134,29,80,149,22,700,0,,D:\UE5 demo\GameXXK\Saved\Balance\20260907-final-matrix\hell-Blade-Sorcerer-JinGui\seed-20260907.json,20,0,1422
hell-Blade-Sorcerer-JinGui,20260908,Training.Hell.3-1,7,Blade,Sorcerer,JinGui,0,10,True,limit,baseline,False,60,5448,90.8,4784,1816.0,0.0,1616,1430,20298,11547,11733,0,147,23,106,171,6,314,520,Simulation reached MaxRounds before a terminal result.,D:\UE5 demo\GameXXK\Saved\Balance\20260907-final-matrix\hell-Blade-Sorcerer-JinGui\seed-20260908.json,21,0,1738
hell-Blade-Sorcerer-JinGui,20260909,Training.Hell.3-1,7,Blade,Sorcerer,JinGui,0,10,True,limit,baseline,False,60,5504,91.73333333333333,5264,1834.6666666666667,0.0,1633,1633,19136,11733,11733,0,143,22,97,166,10,314,317,Simulation reached MaxRounds before a terminal result.,D:\UE5 demo\GameXXK\Saved\Balance\20260907-final-matrix\hell-Blade-Sorcerer-JinGui\seed-20260909.json,21,0,1721
hell-Blade-Sorcerer-JinGui,20260910,Training.Hell.3-1,7,Blade,Sorcerer,JinGui,0,10,True,limit,baseline,False,60,5513,91.88333333333334,4611,1837.6666666666667,0.0,1955,1923,21938,11701,11733,0,140,24,105,166,11,365,102,Simulation reached MaxRounds before a terminal result.,D:\UE5 demo\GameXXK\Saved\Balance\20260907-final-matrix\hell-Blade-Sorcerer-JinGui\seed-20260910.json,23,0,1723
hell-Blade-Sorcerer-QiongMeiEr,20260906,Training.Hell.3-1,7,Blade,Sorcerer,QiongMeiEr,3,10,True,victory,baseline,True,5,11150,2230.0,5231,2746.0,1456.0,121,0,780,12071,12192,0,17,45,4,28,13,131,75,,D:\UE5 demo\GameXXK\Saved\Balance\20260907-final-matrix\hell-Blade-Sorcerer-QiongMeiEr\seed-20260906.json,2,0,0
hell-Blade-Sorcerer-QiongMeiEr,20260907,Training.Hell.3-1,7,Blade,Sorcerer,QiongMeiEr,3,10,True,victory,baseline,True,8,11126,1390.75,4587,1848.6666666666667,1116.0,121,121,420,12192,12192,0,24,51,7,35,8,298,344,,D:\UE5 demo\GameXXK\Saved\Balance\20260907-final-matrix\hell-Blade-Sorcerer-QiongMeiEr\seed-20260907.json,2,0,0
hell-Blade-Sorcerer-QiongMeiEr,20260908,Training.Hell.3-1,7,Blade,Sorcerer,QiongMeiEr,3,10,True,victory,baseline,True,6,11176,1862.6666666666667,3997,2390.3333333333335,1335.0,121,121,660,12192,12192,0,30,76,0,41,7,290,419,,D:\UE5 demo\GameXXK\Saved\Balance\20260907-final-matrix\hell-Blade-Sorcerer-QiongMeiEr\seed-20260908.json,2,0,0
hell-Blade-Sorcerer-QiongMeiEr,20260909,Training.Hell.3-1,7,Blade,Sorcerer,QiongMeiEr,3,10,True,victory,baseline,True,7,11152,1593.142857142857,4500,2697.3333333333335,765.0,0,0,765,12192,12192,0,26,54,4,38,8,599,0,,D:\UE5 demo\GameXXK\Saved\Balance\20260907-final-matrix\hell-Blade-Sorcerer-QiongMeiEr\seed-20260909.json,2,0,121
hell-Blade-Sorcerer-QiongMeiEr,20260910,Training.Hell.3-1,7,Blade,Sorcerer,QiongMeiEr,3,10,True,stalemate,baseline,True,11,8290,753.6363636363636,3690,1798.0,362.0,0,0,1422,12192,12192,0,34,59,10,46,7,349,765,,D:\UE5 demo\GameXXK\Saved\Balance\20260907-final-matrix\hell-Blade-Sorcerer-QiongMeiEr\seed-20260910.json,1,1,2
hell-Blade-FormationMaster-TusiChief,20260906,Training.Hell.3-1,7,Blade,FormationMaster,TusiChief,3,10,True,stalemate,baseline,True,11,5655,514.0909090909091,1190,1303.6666666666667,218.0,210,210,14086,12661,12661,0,28,27,2,30,0,4,1665,,D:\UE5 demo\GameXXK\Saved\Balance\20260907-final-matrix\hell-Blade-FormationMaster-TusiChief\seed-20260906.json,3,0,515
hell-Blade-FormationMaster-TusiChief,20260907,Training.Hell.3-1,7,Blade,FormationMaster,TusiChief,3,10,True,stalemate,baseline,True,18,5336,296.44444444444446,3720,1778.6666666666667,0.0,238,238,21932,12661,12661,0,51,15,0,59,3,169,3062,,D:\UE5 demo\GameXXK\Saved\Balance\20260907-final-matrix\hell-Blade-FormationMaster-TusiChief\seed-20260907.json,4,1,346
hell-Blade-FormationMaster-TusiChief,20260908,Training.Hell.3-1,7,Blade,FormationMaster,TusiChief,3,10,True,stalemate,baseline,True,14,5657,404.07142857142856,1595,1885.6666666666667,0.0,780,780,17923,12661,12661,0,37,21,2,47,3,0,1545,,D:\UE5 demo\GameXXK\Saved\Balance\20260907-final-matrix\hell-Blade-FormationMaster-TusiChief\seed-20260908.json,8,2,1476
hell-Blade-FormationMaster-TusiChief,20260909,Training.Hell.3-1,7,Blade,FormationMaster,TusiChief,3,10,True,stalemate,baseline,True,17,5425,319.11764705882354,1808,1808.3333333333333,0.0,1170,1170,20223,12661,12661,0,48,21,0,60,1,779,1455,,D:\UE5 demo\GameXXK\Saved\Balance\20260907-final-matrix\hell-Blade-FormationMaster-TusiChief\seed-20260909.json,5,1,667
hell-Blade-FormationMaster-TusiChief,20260910,Training.Hell.3-1,7,Blade,FormationMaster,TusiChief,3,10,True,stalemate,baseline,True,9,5402,600.2222222222222,2013,1800.6666666666667,0.0,0,0,9908,12661,12661,0,24,21,0,29,0,199,1200,,D:\UE5 demo\GameXXK\Saved\Balance\20260907-final-matrix\hell-Blade-FormationMaster-TusiChief\seed-20260910.json,1,0,223
hell-Blade-FormationMaster-SongJinBao,20260906,Training.Hell.3-1,7,Blade,FormationMaster,SongJinBao,3,10,True,stalemate,baseline,True,10,5325,532.5,1907,1775.0,0.0,180,180,12762,12484,12484,0,47,45,0,60,5,781,2670,,D:\UE5 demo\GameXXK\Saved\Balance\20260907-final-matrix\hell-Blade-FormationMaster-SongJinBao\seed-20260906.json,2,2,4
hell-Blade-FormationMaster-SongJinBao,20260907,Training.Hell.3-1,7,Blade,FormationMaster,SongJinBao,3,10,True,stalemate,baseline,True,9,5343,593.6666666666666,2567,1781.0,0.0,0,0,12519,12484,12484,0,42,36,0,54,5,335,2475,,D:\UE5 demo\GameXXK\Saved\Balance\20260907-final-matrix\hell-Blade-FormationMaster-SongJinBao\seed-20260907.json,0,0,0
hell-Blade-FormationMaster-SongJinBao,20260908,Training.Hell.3-1,7,Blade,FormationMaster,SongJinBao,3,10,True,stalemate,baseline,True,10,5428,542.8,4130,1809.3333333333333,0.0,240,240,12969,12484,12484,0,45,42,0,59,5,496,2310,,D:\UE5 demo\GameXXK\Saved\Balance\20260907-final-matrix\hell-Blade-FormationMaster-SongJinBao\seed-20260908.json,2,2,4
hell-Blade-FormationMaster-SongJinBao,20260909,Training.Hell.3-1,7,Blade,FormationMaster,SongJinBao,3,10,True,stalemate,baseline,True,10,5506,550.6,2013,1835.3333333333333,0.0,270,270,14094,12484,12484,0,47,36,0,59,5,337,2355,,D:\UE5 demo\GameXXK\Saved\Balance\20260907-final-matrix\hell-Blade-FormationMaster-SongJinBao\seed-20260909.json,3,1,273
hell-Blade-FormationMaster-SongJinBao,20260910,Training.Hell.3-1,7,Blade,FormationMaster,SongJinBao,3,10,True,stalemate,baseline,True,8,5524,690.5,4346,1841.3333333333333,0.0,0,0,9126,12484,12484,0,37,12,0,43,6,283,2100,,D:\UE5 demo\GameXXK\Saved\Balance\20260907-final-matrix\hell-Blade-FormationMaster-SongJinBao\seed-20260910.json,0,0,0
hell-Blade-FormationMaster-YueBai,20260906,Training.Hell.3-1,7,Blade,FormationMaster,YueBai,3,10,True,victory,baseline,True,5,11176,2235.2,6834,2561.0,1746.5,0,0,18603,11906,11906,0,15,60,0,30,12,19086,1500,,D:\UE5 demo\GameXXK\Saved\Balance\20260907-final-matrix\hell-Blade-FormationMaster-YueBai\seed-20260906.json,3,1,134
hell-Blade-FormationMaster-YueBai,20260907,Training.Hell.3-1,7,Blade,FormationMaster,YueBai,3,10,True,stalemate,baseline,True,9,8176,908.4444444444445,5573,2725.3333333333335,0.0,0,0,57771,11906,11906,0,24,297,0,118,8,18947,2100,,D:\UE5 demo\GameXXK\Saved\Balance\20260907-final-matrix\hell-Blade-FormationMaster-YueBai\seed-20260907.json,5,2,183
hell-Blade-FormationMaster-YueBai,20260908,Training.Hell.3-1,7,Blade,FormationMaster,YueBai,3,10,True,stalemate,baseline,True,16,5703,356.4375,854,1229.0,155.07692307692307,690,690,31698,11906,11906,0,45,117,0,74,5,1012,2310,,D:\UE5 demo\GameXXK\Saved\Balance\20260907-final-matrix\hell-Blade-FormationMaster-YueBai\seed-20260908.json,10,3,875
hell-Blade-FormationMaster-YueBai,20260909,Training.Hell.3-1,7,Blade,FormationMaster,YueBai,3,10,True,victory,baseline,True,4,11176,2794.0,1808,2605.0,3361.0,450,450,12168,11906,11906,0,12,51,0,22,8,21215,450,,D:\UE5 demo\GameXXK\Saved\Balance\20260907-final-matrix\hell-Blade-FormationMaster-YueBai\seed-20260909.json,6,2,351
hell-Blade-FormationMaster-YueBai,20260910,Training.Hell.3-1,7,Blade,FormationMaster,YueBai,3,10,True,victory,baseline,True,5,11176,2235.2,6076,2746.0,1469.0,0,0,18747,11906,11906,0,14,69,1,36,16,15416,900,,D:\UE5 demo\GameXXK\Saved\Balance\20260907-final-matrix\hell-Blade-FormationMaster-YueBai\seed-20260910.json,2,1,49
hell-Blade-FormationMaster-ZhouGuangZu,20260906,Training.Hell.3-1,7,Blade,FormationMaster,ZhouGuangZu,3,10,True,victory,baseline,True,16,11157,697.3125,165,1262.0,567.0,448,448,22092,11501,11501,0,51,120,0,76,0,345,4961,,D:\UE5 demo\GameXXK\Saved\Balance\20260907-final-matrix\hell-Blade-FormationMaster-ZhouGuangZu\seed-20260906.json,8,2,1301
hell-Blade-FormationMaster-ZhouGuangZu,20260907,Training.Hell.3-1,7,Blade,FormationMaster,ZhouGuangZu,3,10,True,victory,baseline,True,11,11150,1013.6363636363636,2542,1720.6666666666667,748.5,1203,1203,17604,11501,11501,0,34,111,0,53,0,106,3819,,D:\UE5 demo\GameXXK\Saved\Balance\20260907-final-matrix\hell-Blade-FormationMaster-ZhouGuangZu\seed-20260907.json,8,3,992
hell-Blade-FormationMaster-ZhouGuangZu,20260908,Training.Hell.3-1,7,Blade,FormationMaster,ZhouGuangZu,3,10,True,victory,baseline,True,11,11366,1033.2727272727273,1049,1312.6666666666667,928.5,1734,1377,18480,11144,11501,0,33,105,0,53,0,695,2625,,D:\UE5 demo\GameXXK\Saved\Balance\20260907-final-matrix\hell-Blade-FormationMaster-ZhouGuangZu\seed-20260908.json,10,4,1186
hell-Blade-FormationMaster-ZhouGuangZu,20260909,Training.Hell.3-1,7,Blade,FormationMaster,ZhouGuangZu,3,10,True,victory,baseline,True,13,11157,858.2307692307693,1808,1437.0,684.6,665,665,16248,11501,11501,0,40,96,1,59,0,717,4204,,D:\UE5 demo\GameXXK\Saved\Balance\20260907-final-matrix\hell-Blade-FormationMaster-ZhouGuangZu\seed-20260909.json,9,1,1297
hell-Blade-FormationMaster-ZhouGuangZu,20260910,Training.Hell.3-1,7,Blade,FormationMaster,ZhouGuangZu,3,10,True,stalemate,baseline,True,10,5538,553.8,1582,1658.0,80.57142857142857,51,51,19401,11501,11501,0,28,81,0,52,0,103,4245,,D:\UE5 demo\GameXXK\Saved\Balance\20260907-final-matrix\hell-Blade-FormationMaster-ZhouGuangZu\seed-20260910.json,3,1,578
hell-Blade-FormationMaster-JinGui,20260906,Training.Hell.3-1,7,Blade,FormationMaster,JinGui,0,10,True,stalemate,baseline,True,13,5138,395.2307692307692,594,1712.6666666666667,0.0,420,420,15988,11735,11735,0,36,24,2,46,0,523,1830,,D:\UE5 demo\GameXXK\Saved\Balance\20260907-final-matrix\hell-Blade-FormationMaster-JinGui\seed-20260906.json,4,1,432
hell-Blade-FormationMaster-JinGui,20260907,Training.Hell.3-1,7,Blade,FormationMaster,JinGui,0,10,True,stalemate,baseline,True,18,5506,305.8888888888889,2604,1835.3333333333333,0.0,1410,1410,22408,11735,11735,0,51,27,2,64,1,178,2115,,D:\UE5 demo\GameXXK\Saved\Balance\20260907-final-matrix\hell-Blade-FormationMaster-JinGui\seed-20260907.json,6,1,717
hell-Blade-FormationMaster-JinGui,20260908,Training.Hell.3-1,7,Blade,FormationMaster,JinGui,0,10,True,stalemate,baseline,True,13,5530,425.38461538461536,854,1635.3333333333333,62.4,630,630,15777,11735,11735,0,36,24,2,50,2,439,1395,,D:\UE5 demo\GameXXK\Saved\Balance\20260907-final-matrix\hell-Blade-FormationMaster-JinGui\seed-20260908.json,4,1,401
hell-Blade-FormationMaster-JinGui,20260909,Training.Hell.3-1,7,Blade,FormationMaster,JinGui,0,10,True,stalemate,baseline,True,12,5393,449.4166666666667,1808,1645.0,50.888888888888886,570,570,11422,11735,11735,0,33,21,1,44,2,89,1455,,D:\UE5 demo\GameXXK\Saved\Balance\20260907-final-matrix\hell-Blade-FormationMaster-JinGui\seed-20260909.json,6,1,612
hell-Blade-FormationMaster-JinGui,20260910,Training.Hell.3-1,7,Blade,FormationMaster,JinGui,0,10,True,stalemate,baseline,True,11,5493,499.3636363636364,2213,1678.3333333333333,57.25,300,300,11661,11735,11735,0,31,24,0,41,0,250,1350,,D:\UE5 demo\GameXXK\Saved\Balance\20260907-final-matrix\hell-Blade-FormationMaster-JinGui\seed-20260910.json,5,1,602
hell-Blade-FormationMaster-QiongMeiEr,20260906,Training.Hell.3-1,7,Blade,FormationMaster,QiongMeiEr,3,10,True,victory,baseline,True,7,11135,1590.7142857142858,2003,1811.0,1425.5,270,270,9558,12194,12194,0,34,39,0,43,0,336,1680,,D:\UE5 demo\GameXXK\Saved\Balance\20260907-final-matrix\hell-Blade-FormationMaster-QiongMeiEr\seed-20260906.json,1,0,85
hell-Blade-FormationMaster-QiongMeiEr,20260907,Training.Hell.3-1,7,Blade,FormationMaster,QiongMeiEr,3,10,True,victory,baseline,True,9,11156,1239.5555555555557,2567,1831.0,943.8333333333334,0,0,11826,12194,12194,0,42,42,0,51,0,293,2175,,D:\UE5 demo\GameXXK\Saved\Balance\20260907-final-matrix\hell-Blade-FormationMaster-QiongMeiEr\seed-20260907.json,1,0,44
hell-Blade-FormationMaster-QiongMeiEr,20260908,Training.Hell.3-1,7,Blade,FormationMaster,QiongMeiEr,3,10,True,victory,baseline,True,7,11143,1591.857142857143,2576,1848.6666666666667,1399.25,0,0,8865,12194,12194,0,31,48,0,39,0,568,1575,,D:\UE5 demo\GameXXK\Saved\Balance\20260907-final-matrix\hell-Blade-FormationMaster-QiongMeiEr\seed-20260908.json,1,0,44
hell-Blade-FormationMaster-QiongMeiEr,20260909,Training.Hell.3-1,7,Blade,FormationMaster,QiongMeiEr,3,10,True,victory,baseline,True,10,11150,1115.0,2567,1789.0,826.1428571428571,33,0,11376,12161,12194,0,40,39,3,50,0,87,2175,,D:\UE5 demo\GameXXK\Saved\Balance\20260907-final-matrix\hell-Blade-FormationMaster-QiongMeiEr\seed-20260909.json,2,0,194
hell-Blade-FormationMaster-QiongMeiEr,20260910,Training.Hell.3-1,7,Blade,FormationMaster,QiongMeiEr,3,10,True,stalemate,baseline,True,12,5471,455.9166666666667,2561,1823.6666666666667,0.0,389,389,13905,12194,12194,0,53,27,2,60,3,158,3151,,D:\UE5 demo\GameXXK\Saved\Balance\20260907-final-matrix\hell-Blade-FormationMaster-QiongMeiEr\seed-20260910.json,4,0,214
hell-Guard-Blade-TusiChief,20260906,Training.Hell.3-1,7,Guard,Blade,TusiChief,3,10,True,limit,baseline,False,60,5463,91.05,4309,1821.0,0.0,2042,1350,101449,11920,12612,0,102,15,78,102,0,437,0,Simulation reached MaxRounds before a terminal result.,D:\UE5 demo\GameXXK\Saved\Balance\20260907-final-matrix\hell-Guard-Blade-TusiChief\seed-20260906.json,20,4,1542
hell-Guard-Blade-TusiChief,20260907,Training.Hell.3-1,7,Guard,Blade,TusiChief,3,10,True,stalemate,baseline,True,41,5509,134.3658536585366,3377,1635.0,15.894736842105264,2320,1055,49190,11347,12612,0,65,18,55,67,0,1077,0,,D:\UE5 demo\GameXXK\Saved\Balance\20260907-final-matrix\hell-Guard-Blade-TusiChief\seed-20260907.json,19,9,202
hell-Guard-Blade-TusiChief,20260908,Training.Hell.3-1,7,Guard,Blade,TusiChief,3,10,True,limit,baseline,False,60,5492,91.53333333333333,2210,1662.6666666666667,8.842105263157896,4514,1200,88058,9298,12612,0,101,16,79,92,0,55,0,Simulation reached MaxRounds before a terminal result.,D:\UE5 demo\GameXXK\Saved\Balance\20260907-final-matrix\hell-Guard-Blade-TusiChief\seed-20260908.json,28,13,1356
hell-Guard-Blade-TusiChief,20260909,Training.Hell.3-1,7,Guard,Blade,TusiChief,3,10,True,limit,baseline,False,60,5295,88.25,2210,1765.0,0.0,3024,1500,89660,11088,12612,0,101,14,79,100,1,863,0,Simulation reached MaxRounds before a terminal result.,D:\UE5 demo\GameXXK\Saved\Balance\20260907-final-matrix\hell-Guard-Blade-TusiChief\seed-20260909.json,27,13,1182
hell-Guard-Blade-TusiChief,20260910,Training.Hell.3-1,7,Guard,Blade,TusiChief,3,10,True,limit,baseline,False,60,5463,91.05,4309,1821.0,0.0,2978,1200,104289,10834,12612,0,108,18,72,107,0,627,0,Simulation reached MaxRounds before a terminal result.,D:\UE5 demo\GameXXK\Saved\Balance\20260907-final-matrix\hell-Guard-Blade-TusiChief\seed-20260910.json,24,9,978
hell-Guard-Blade-SongJinBao,20260906,Training.Hell.3-1,7,Guard,Blade,SongJinBao,3,10,True,stalemate,baseline,True,39,8313,213.15384615384616,4396,2754.6666666666665,1.3611111111111112,1032,1032,73698,12435,12435,0,91,35,62,92,4,476,93,,D:\UE5 demo\GameXXK\Saved\Balance\20260907-final-matrix\hell-Guard-Blade-SongJinBao\seed-20260906.json,10,6,86
hell-Guard-Blade-SongJinBao,20260907,Training.Hell.3-1,7,Guard,Blade,SongJinBao,3,10,True,stalemate,baseline,True,28,5474,195.5,2525,1824.6666666666667,0.0,731,731,47996,12435,12435,0,58,13,46,61,0,1119,19,,D:\UE5 demo\GameXXK\Saved\Balance\20260907-final-matrix\hell-Guard-Blade-SongJinBao\seed-20260907.json,7,5,185
hell-Guard-Blade-SongJinBao,20260908,Training.Hell.3-1,7,Guard,Blade,SongJinBao,3,10,True,stalemate,baseline,True,32,5423,169.46875,3223,1807.6666666666667,0.0,702,702,66882,12435,12435,0,78,52,53,87,5,55,198,,D:\UE5 demo\GameXXK\Saved\Balance\20260907-final-matrix\hell-Guard-Blade-SongJinBao\seed-20260908.json,9,9,6
hell-Guard-Blade-SongJinBao,20260909,Training.Hell.3-1,7,Guard,Blade,SongJinBao,3,10,True,stalemate,baseline,True,12,5446,453.8333333333333,3276,1729.6666666666667,28.555555555555557,0,0,14768,12435,12435,0,21,28,23,27,1,370,225,,D:\UE5 demo\GameXXK\Saved\Balance\20260907-final-matrix\hell-Guard-Blade-SongJinBao\seed-20260909.json,4,2,380
hell-Guard-Blade-SongJinBao,20260910,Training.Hell.3-1,7,Guard,Blade,SongJinBao,3,10,True,stalemate,baseline,True,23,8331,362.2173913043478,3849,2722.6666666666665,8.15,290,288,37772,12433,12435,0,52,57,37,58,0,520,282,,D:\UE5 demo\GameXXK\Saved\Balance\20260907-final-matrix\hell-Guard-Blade-SongJinBao\seed-20260910.json,10,7,10
hell-Guard-Blade-YueBai,20260906,Training.Hell.3-1,7,Guard,Blade,YueBai,3,10,True,stalemate,baseline,True,7,5223,746.1428571428571,5223,1741.0,0.0,0,0,15930,11857,11857,0,10,30,8,16,0,1271,0,,D:\UE5 demo\GameXXK\Saved\Balance\20260907-final-matrix\hell-Guard-Blade-YueBai\seed-20260906.json,3,1,289
hell-Guard-Blade-YueBai,20260907,Training.Hell.3-1,7,Guard,Blade,YueBai,3,10,True,victory,baseline,True,5,11176,2235.2,6024,2634.0,1637.0,0,0,22030,11857,11857,0,14,49,0,24,13,11691,20,,D:\UE5 demo\GameXXK\Saved\Balance\20260907-final-matrix\hell-Guard-Blade-YueBai\seed-20260907.json,3,1,119
hell-Guard-Blade-YueBai,20260908,Training.Hell.3-1,7,Guard,Blade,YueBai,3,10,True,victory,baseline,True,6,11176,1862.6666666666667,2453,1106.6666666666667,2618.6666666666665,810,75,16754,11122,11857,0,15,64,0,21,8,4899,0,,D:\UE5 demo\GameXXK\Saved\Balance\20260907-final-matrix\hell-Guard-Blade-YueBai\seed-20260908.json,3,1,202
hell-Guard-Blade-YueBai,20260909,Training.Hell.3-1,7,Guard,Blade,YueBai,3,10,True,victory,baseline,True,8,11176,1397.0,2453,1857.6666666666667,1120.6,810,30,26164,11077,11857,0,22,61,1,32,8,3416,45,,D:\UE5 demo\GameXXK\Saved\Balance\20260907-final-matrix\hell-Guard-Blade-YueBai\seed-20260909.json,6,2,331
hell-Guard-Blade-YueBai,20260910,Training.Hell.3-1,7,Guard,Blade,YueBai,3,10,True,stalemate,baseline,True,8,5275,659.375,4772,1758.3333333333333,0.0,0,0,19480,11857,11857,0,13,24,8,19,0,1271,0,,D:\UE5 demo\GameXXK\Saved\Balance\20260907-final-matrix\hell-Guard-Blade-YueBai\seed-20260910.json,3,1,312
hell-Guard-Blade-ZhouGuangZu,20260906,Training.Hell.3-1,7,Guard,Blade,ZhouGuangZu,3,10,True,victory,baseline,True,9,11176,1241.7777777777778,4320,2727.3333333333335,499.0,1349,1225,12078,11328,11452,0,26,72,2,30,0,417,289,,D:\UE5 demo\GameXXK\Saved\Balance\20260907-final-matrix\hell-Guard-Blade-ZhouGuangZu\seed-20260906.json,9,3,464
hell-Guard-Blade-ZhouGuangZu,20260907,Training.Hell.3-1,7,Guard,Blade,ZhouGuangZu,3,10,True,stalemate,baseline,True,18,5524,306.8888888888889,1722,1464.0,75.46666666666667,1155,1155,35045,11452,11452,0,34,67,24,43,1,1460,1642,,D:\UE5 demo\GameXXK\Saved\Balance\20260907-final-matrix\hell-Guard-Blade-ZhouGuangZu\seed-20260907.json,12,4,1303
hell-Guard-Blade-ZhouGuangZu,20260908,Training.Hell.3-1,7,Guard,Blade,ZhouGuangZu,3,10,True,stalemate,baseline,True,13,8343,641.7692307692307,4923,1857.6666666666667,277.0,765,765,23767,11452,11452,0,32,65,11,36,0,55,1392,,D:\UE5 demo\GameXXK\Saved\Balance\20260907-final-matrix\hell-Guard-Blade-ZhouGuangZu\seed-20260908.json,9,3,485
hell-Guard-Blade-ZhouGuangZu,20260909,Training.Hell.3-1,7,Guard,Blade,ZhouGuangZu,3,10,True,victory,baseline,True,9,11158,1239.7777777777778,1190,2636.3333333333335,541.5,1476,759,18580,10735,11452,0,29,59,3,29,1,7998,228,,D:\UE5 demo\GameXXK\Saved\Balance\20260907-final-matrix\hell-Guard-Blade-ZhouGuangZu\seed-20260909.json,9,3,763
hell-Guard-Blade-ZhouGuangZu,20260910,Training.Hell.3-1,7,Guard,Blade,ZhouGuangZu,3,10,True,victory,baseline,True,11,11176,1016.0,3773,2566.3333333333335,434.625,36,36,16637,11452,11452,0,37,86,2,37,0,472,1432,,D:\UE5 demo\GameXXK\Saved\Balance\20260907-final-matrix\hell-Guard-Blade-ZhouGuangZu\seed-20260910.json,6,2,610
hell-Guard-Blade-JinGui,20260906,Training.Hell.3-1,7,Guard,Blade,JinGui,0,10,True,stalemate,baseline,True,11,5519,501.72727272727275,4224,1839.6666666666667,0.0,2,0,15266,11684,11686,0,18,15,13,16,1,218,75,,D:\UE5 demo\GameXXK\Saved\Balance\20260907-final-matrix\hell-Guard-Blade-JinGui\seed-20260906.json,6,2,628
hell-Guard-Blade-JinGui,20260907,Training.Hell.3-1,7,Guard,Blade,JinGui,0,10,True,stalemate,baseline,True,8,5397,674.625,4418,1799.0,0.0,0,0,9998,11686,11686,0,17,17,6,18,1,1350,0,,D:\UE5 demo\GameXXK\Saved\Balance\20260907-final-matrix\hell-Guard-Blade-JinGui\seed-20260907.json,3,1,315
hell-Guard-Blade-JinGui,20260908,Training.Hell.3-1,7,Guard,Blade,JinGui,0,10,True,limit,baseline,False,60,5450,90.83333333333333,2196,1670.0,7.719298245614035,1766,1500,100900,11420,11686,0,101,26,79,99,0,785,0,Simulation reached MaxRounds before a terminal result.,D:\UE5 demo\GameXXK\Saved\Balance\20260907-final-matrix\hell-Guard-Blade-JinGui\seed-20260908.json,34,13,2775
hell-Guard-Blade-JinGui,20260909,Training.Hell.3-1,7,Guard,Blade,JinGui,0,10,True,limit,baseline,False,60,5469,91.15,2196,1823.0,0.0,2217,1500,89722,10969,11686,0,104,20,77,92,0,1077,0,Simulation reached MaxRounds before a terminal result.,D:\UE5 demo\GameXXK\Saved\Balance\20260907-final-matrix\hell-Guard-Blade-JinGui\seed-20260909.json,37,13,2729
hell-Guard-Blade-JinGui,20260910,Training.Hell.3-1,7,Guard,Blade,JinGui,0,10,True,stalemate,baseline,True,10,5136,513.6,4614,1712.0,0.0,30,30,14382,11686,11686,0,19,17,9,16,0,2,45,,D:\UE5 demo\GameXXK\Saved\Balance\20260907-final-matrix\hell-Guard-Blade-JinGui\seed-20260910.json,4,1,712
hell-Guard-Blade-QiongMeiEr,20260906,Training.Hell.3-1,7,Guard,Blade,QiongMeiEr,3,10,True,victory,baseline,True,12,11164,930.3333333333334,4768,1846.0,625.1111111111111,902,535,19880,11778,12145,0,37,50,8,32,0,1630,155,,D:\UE5 demo\GameXXK\Saved\Balance\20260907-final-matrix\hell-Guard-Blade-QiongMeiEr\seed-20260906.json,4,0,2
hell-Guard-Blade-QiongMeiEr,20260907,Training.Hell.3-1,7,Guard,Blade,QiongMeiEr,3,10,True,stalemate,baseline,True,10,8277,827.7,3113,2174.3333333333335,250.57142857142858,0,0,22720,12145,12145,0,32,38,6,34,4,551,565,,D:\UE5 demo\GameXXK\Saved\Balance\20260907-final-matrix\hell-Guard-Blade-QiongMeiEr\seed-20260907.json,3,0,158
hell-Guard-Blade-QiongMeiEr,20260908,Training.Hell.3-1,7,Guard,Blade,QiongMeiEr,3,10,True,victory,baseline,True,7,11155,1593.5714285714287,3276,1853.0,1399.0,114,114,7668,12145,12145,0,28,50,2,27,0,342,426,,D:\UE5 demo\GameXXK\Saved\Balance\20260907-final-matrix\hell-Guard-Blade-QiongMeiEr\seed-20260908.json,2,0,0
hell-Guard-Blade-QiongMeiEr,20260909,Training.Hell.3-1,7,Guard,Blade,QiongMeiEr,3,10,True,victory,baseline,True,13,11143,857.1538461538462,3429,1791.0,577.0,1335,467,18602,11277,12145,0,41,67,8,36,1,453,153,,D:\UE5 demo\GameXXK\Saved\Balance\20260907-final-matrix\hell-Guard-Blade-QiongMeiEr\seed-20260909.json,9,2,180
hell-Guard-Blade-QiongMeiEr,20260910,Training.Hell.3-1,7,Guard,Blade,QiongMeiEr,3,10,True,victory,baseline,True,10,11154,1115.4,4270,1790.3333333333333,826.1428571428571,855,400,13632,11690,12145,0,32,50,6,29,2,783,155,,D:\UE5 demo\GameXXK\Saved\Balance\20260907-final-matrix\hell-Guard-Blade-QiongMeiEr\seed-20260910.json,7,2,473
hell-Guard-Guard-TusiChief,20260906,Training.Hell.3-1,7,Guard,Guard,TusiChief,3,10,True,stalemate,baseline,True,32,5463,170.71875,4309,1821.0,0.0,1816,300,87442,11149,12665,0,89,75,4,63,0,166,0,,D:\UE5 demo\GameXXK\Saved\Balance\20260907-final-matrix\hell-Guard-Guard-TusiChief\seed-20260906.json,15,7,1639
hell-Guard-Guard-TusiChief,20260907,Training.Hell.3-1,7,Guard,Guard,TusiChief,3,10,True,stalemate,baseline,True,34,5102,150.05882352941177,2925,1700.6666666666667,0.0,2643,525,100648,10547,12665,0,96,78,3,75,0,625,0,,D:\UE5 demo\GameXXK\Saved\Balance\20260907-final-matrix\hell-Guard-Guard-TusiChief\seed-20260907.json,16,9,399
hell-Guard-Guard-TusiChief,20260908,Training.Hell.3-1,7,Guard,Guard,TusiChief,3,10,True,limit,baseline,False,60,5477,91.28333333333333,1190,1825.6666666666667,0.0,6294,525,168284,6896,12665,0,165,98,15,122,0,613,0,Simulation reached MaxRounds before a terminal result.,D:\UE5 demo\GameXXK\Saved\Balance\20260907-final-matrix\hell-Guard-Guard-TusiChief\seed-20260908.json,30,17,748
hell-Guard-Guard-TusiChief,20260909,Training.Hell.3-1,7,Guard,Guard,TusiChief,3,10,True,limit,baseline,False,60,5462,91.03333333333333,1190,1282.0,28.350877192982455,5091,450,172276,8024,12665,0,169,125,11,123,0,615,0,Simulation reached MaxRounds before a terminal result.,D:\UE5 demo\GameXXK\Saved\Balance\20260907-final-matrix\hell-Guard-Guard-TusiChief\seed-20260909.json,25,13,967
hell-Guard-Guard-TusiChief,20260910,Training.Hell.3-1,7,Guard,Guard,TusiChief,3,10,True,stalemate,baseline,True,24,5463,227.625,4309,1821.0,0.0,3228,225,67803,9662,12665,0,63,48,6,49,0,762,0,,D:\UE5 demo\GameXXK\Saved\Balance\20260907-final-matrix\hell-Guard-Guard-TusiChief\seed-20260910.json,12,7,202
hell-Guard-Guard-SongJinBao,20260906,Training.Hell.3-1,7,Guard,Guard,SongJinBao,3,10,True,stalemate,baseline,True,8,5508,688.5,3849,1836.0,0.0,0,0,32006,12488,12488,0,33,38,1,31,8,554,0,,D:\UE5 demo\GameXXK\Saved\Balance\20260907-final-matrix\hell-Guard-Guard-SongJinBao\seed-20260906.json,2,2,4
hell-Guard-Guard-SongJinBao,20260907,Training.Hell.3-1,7,Guard,Guard,SongJinBao,3,10,True,stalemate,baseline,True,45,5451,121.13333333333334,1591,1817.0,0.0,488,488,174213,12488,12488,0,168,69,11,138,5,632,262,,D:\UE5 demo\GameXXK\Saved\Balance\20260907-final-matrix\hell-Guard-Guard-SongJinBao\seed-20260907.json,18,18,28
hell-Guard-Guard-SongJinBao,20260908,Training.Hell.3-1,7,Guard,Guard,SongJinBao,3,10,True,limit,baseline,False,60,5457,90.95,2985,1819.0,0.0,1446,1082,227783,12124,12488,0,219,166,28,182,4,2262,118,Simulation reached MaxRounds before a terminal result.,D:\UE5 demo\GameXXK\Saved\Balance\20260907-final-matrix\hell-Guard-Guard-SongJinBao\seed-20260908.json,37,30,218
hell-Guard-Guard-SongJinBao,20260909,Training.Hell.3-1,7,Guard,Guard,SongJinBao,3,10,True,stalemate,baseline,True,56,5414,96.67857142857143,1190,1804.6666666666667,0.0,1184,1182,228499,12486,12488,0,221,168,18,205,4,106,93,,D:\UE5 demo\GameXXK\Saved\Balance\20260907-final-matrix\hell-Guard-Guard-SongJinBao\seed-20260909.json,24,23,176
hell-Guard-Guard-SongJinBao,20260910,Training.Hell.3-1,7,Guard,Guard,SongJinBao,3,10,True,stalemate,baseline,True,16,5392,337.0,4326,1797.3333333333333,0.0,4,0,52675,12484,12488,0,55,61,6,45,4,895,75,,D:\UE5 demo\GameXXK\Saved\Balance\20260907-final-matrix\hell-Guard-Guard-SongJinBao\seed-20260910.json,7,6,223
hell-Guard-Guard-YueBai,20260906,Training.Hell.3-1,7,Guard,Guard,YueBai,3,10,True,stalemate,baseline,True,9,5276,586.2222222222222,4772,1758.6666666666667,0.0,0,0,33959,11910,11910,0,22,46,2,24,0,1271,0,,D:\UE5 demo\GameXXK\Saved\Balance\20260907-final-matrix\hell-Guard-Guard-YueBai\seed-20260906.json,3,2,136
hell-Guard-Guard-YueBai,20260907,Training.Hell.3-1,7,Guard,Guard,YueBai,3,10,True,stalemate,baseline,True,11,8290,753.6363636363636,5573,2179.0,219.125,0,0,39687,11910,11910,0,30,80,0,32,8,16307,0,,D:\UE5 demo\GameXXK\Saved\Balance\20260907-final-matrix\hell-Guard-Guard-YueBai\seed-20260907.json,6,4,102
hell-Guard-Guard-YueBai,20260908,Training.Hell.3-1,7,Guard,Guard,YueBai,3,10,True,stalemate,baseline,True,23,5728,249.04347826086956,692,1563.3333333333333,51.9,1590,300,85072,10620,11910,0,63,64,3,61,4,13,0,,D:\UE5 demo\GameXXK\Saved\Balance\20260907-final-matrix\hell-Guard-Guard-YueBai\seed-20260908.json,16,10,1308
hell-Guard-Guard-YueBai,20260909,Training.Hell.3-1,7,Guard,Guard,YueBai,3,10,True,stalemate,baseline,True,24,8264,344.3333333333333,662,1857.6666666666667,128.14285714285714,1950,225,108447,10185,11910,0,69,134,0,72,20,13041,0,,D:\UE5 demo\GameXXK\Saved\Balance\20260907-final-matrix\hell-Guard-Guard-YueBai\seed-20260909.json,18,12,347
hell-Guard-Guard-YueBai,20260910,Training.Hell.3-1,7,Guard,Guard,YueBai,3,10,True,stalemate,baseline,True,7,5471,781.5714285714286,5471,1823.6666666666667,0.0,0,0,23660,11910,11910,0,18,27,0,23,0,1271,0,,D:\UE5 demo\GameXXK\Saved\Balance\20260907-final-matrix\hell-Guard-Guard-YueBai\seed-20260910.json,3,2,136
hell-Guard-Guard-ZhouGuangZu,20260906,Training.Hell.3-1,7,Guard,Guard,ZhouGuangZu,3,10,True,victory,baseline,True,12,11176,931.3333333333334,3439,1808.6666666666667,638.8888888888889,1349,950,46382,11106,11505,0,44,79,0,48,0,773,835,,D:\UE5 demo\GameXXK\Saved\Balance\20260907-final-matrix\hell-Guard-Guard-ZhouGuangZu\seed-20260906.json,10,6,533
hell-Guard-Guard-ZhouGuangZu,20260907,Training.Hell.3-1,7,Guard,Guard,ZhouGuangZu,3,10,True,victory,baseline,True,14,11157,796.9285714285714,1245,1281.3333333333333,664.8181818181819,1950,1630,47910,11185,11505,0,52,98,1,52,0,13722,728,,D:\UE5 demo\GameXXK\Saved\Balance\20260907-final-matrix\hell-Guard-Guard-ZhouGuangZu\seed-20260907.json,9,6,420
hell-Guard-Guard-ZhouGuangZu,20260908,Training.Hell.3-1,7,Guard,Guard,ZhouGuangZu,3,10,True,victory,baseline,True,15,11174,744.9333333333333,540,1282.0,610.6666666666666,1916,1523,51897,11112,11505,0,56,116,0,57,0,5153,910,,D:\UE5 demo\GameXXK\Saved\Balance\20260907-final-matrix\hell-Guard-Guard-ZhouGuangZu\seed-20260908.json,13,7,1259
hell-Guard-Guard-ZhouGuangZu,20260909,Training.Hell.3-1,7,Guard,Guard,ZhouGuangZu,3,10,True,stalemate,baseline,True,21,5501,261.95238095238096,1190,1450.0,63.94444444444444,1483,1483,75612,11505,11505,0,69,99,5,71,0,300,1976,,D:\UE5 demo\GameXXK\Saved\Balance\20260907-final-matrix\hell-Guard-Guard-ZhouGuangZu\seed-20260909.json,15,10,690
hell-Guard-Guard-ZhouGuangZu,20260910,Training.Hell.3-1,7,Guard,Guard,ZhouGuangZu,3,10,True,victory,baseline,True,29,11151,384.51724137931035,3773,1808.6666666666667,220.19230769230768,4794,3171,106645,9882,11505,0,102,154,2,99,0,94,798,,D:\UE5 demo\GameXXK\Saved\Balance\20260907-final-matrix\hell-Guard-Guard-ZhouGuangZu\seed-20260910.json,22,11,1413
hell-Guard-Guard-JinGui,20260906,Training.Hell.3-1,7,Guard,Guard,JinGui,0,10,True,stalemate,baseline,True,12,5398,449.8333333333333,3773,1799.3333333333333,0.0,30,30,34054,11739,11739,0,35,38,0,26,0,2,45,,D:\UE5 demo\GameXXK\Saved\Balance\20260907-final-matrix\hell-Guard-Guard-JinGui\seed-20260906.json,7,4,721
hell-Guard-Guard-JinGui,20260907,Training.Hell.3-1,7,Guard,Guard,JinGui,0,10,True,stalemate,baseline,True,21,5399,257.0952380952381,3905,1799.6666666666667,0.0,109,103,57786,11733,11739,0,58,45,3,45,0,1350,47,,D:\UE5 demo\GameXXK\Saved\Balance\20260907-final-matrix\hell-Guard-Guard-JinGui\seed-20260907.json,12,8,539
hell-Guard-Guard-JinGui,20260908,Training.Hell.3-1,7,Guard,Guard,JinGui,0,10,True,stalemate,baseline,True,31,5174,166.90322580645162,540,1724.6666666666667,0.0,1968,450,92867,10221,11739,0,85,42,6,67,0,1643,0,,D:\UE5 demo\GameXXK\Saved\Balance\20260907-final-matrix\hell-Guard-Guard-JinGui\seed-20260908.json,21,14,952
hell-Guard-Guard-JinGui,20260909,Training.Hell.3-1,7,Guard,Guard,JinGui,0,10,True,stalemate,baseline,True,44,5469,124.29545454545455,1190,1823.0,0.0,5680,225,128098,6284,11739,0,120,65,10,89,0,112,0,,D:\UE5 demo\GameXXK\Saved\Balance\20260907-final-matrix\hell-Guard-Guard-JinGui\seed-20260909.json,27,18,1404
hell-Guard-Guard-JinGui,20260910,Training.Hell.3-1,7,Guard,Guard,JinGui,0,10,True,stalemate,baseline,True,11,5232,475.6363636363636,4670,1582.0,60.75,32,0,31035,11707,11739,0,31,35,1,24,0,2,0,,D:\UE5 demo\GameXXK\Saved\Balance\20260907-final-matrix\hell-Guard-Guard-JinGui\seed-20260910.json,7,4,719
hell-Guard-Guard-QiongMeiEr,20260906,Training.Hell.3-1,7,Guard,Guard,QiongMeiEr,3,10,True,victory,baseline,True,18,11144,619.1111111111111,3773,1743.0,394.3333333333333,175,75,62587,12098,12198,0,68,53,6,58,0,6828,0,,D:\UE5 demo\GameXXK\Saved\Balance\20260907-final-matrix\hell-Guard-Guard-QiongMeiEr\seed-20260906.json,7,4,135
hell-Guard-Guard-QiongMeiEr,20260907,Training.Hell.3-1,7,Guard,Guard,QiongMeiEr,3,10,True,victory,baseline,True,18,11142,619.0,1528,1282.0,486.4,1136,535,56806,11597,12198,0,67,56,5,60,0,476,155,,D:\UE5 demo\GameXXK\Saved\Balance\20260907-final-matrix\hell-Guard-Guard-QiongMeiEr\seed-20260907.json,9,3,781
hell-Guard-Guard-QiongMeiEr,20260908,Training.Hell.3-1,7,Guard,Guard,QiongMeiEr,3,10,True,limit,baseline,False,60,5721,95.35,1300,1739.0,8.842105263157896,2741,2181,211971,11638,12198,0,205,142,21,149,0,118,894,Simulation reached MaxRounds before a terminal result.,D:\UE5 demo\GameXXK\Saved\Balance\20260907-final-matrix\hell-Guard-Guard-QiongMeiEr\seed-20260908.json,38,24,1352
hell-Guard-Guard-QiongMeiEr,20260909,Training.Hell.3-1,7,Guard,Guard,QiongMeiEr,3,10,True,victory,baseline,True,11,11152,1013.8181818181819,1190,1450.0,850.25,1839,735,35482,11094,12198,0,42,39,1,36,0,335,195,,D:\UE5 demo\GameXXK\Saved\Balance\20260907-final-matrix\hell-Guard-Guard-QiongMeiEr\seed-20260909.json,5,3,91
hell-Guard-Guard-QiongMeiEr,20260910,Training.Hell.3-1,7,Guard,Guard,QiongMeiEr,3,10,True,victory,baseline,True,13,11150,857.6923076923077,4108,1599.0,635.3,175,75,53559,12098,12198,0,55,43,1,50,0,1959,75,,D:\UE5 demo\GameXXK\Saved\Balance\20260907-final-matrix\hell-Guard-Guard-QiongMeiEr\seed-20260910.json,7,3,220
hell-Guard-Healer-TusiChief,20260906,Training.Hell.3-1,7,Guard,Healer,TusiChief,3,10,True,victory,baseline,True,3,5574,1858.0,4309,1858.0,,530,15,4223,11887,12402,0,9,20,1,10,0,1536,3,,D:\UE5 demo\GameXXK\Saved\Balance\20260907-final-matrix\hell-Guard-Healer-TusiChief\seed-20260906.json,3,1,4
hell-Guard-Healer-TusiChief,20260907,Training.Hell.3-1,7,Guard,Healer,TusiChief,3,10,True,victory,baseline,True,6,5574,929.0,2925,1746.6666666666667,111.33333333333333,521,95,8057,11976,12402,0,17,30,4,16,0,671,4,,D:\UE5 demo\GameXXK\Saved\Balance\20260907-final-matrix\hell-Guard-Healer-TusiChief\seed-20260907.json,4,2,199
hell-Guard-Healer-TusiChief,20260908,Training.Hell.3-1,7,Guard,Healer,TusiChief,3,10,True,victory,baseline,True,3,5574,1858.0,5348,1858.0,,9,9,1099,12402,12402,0,9,19,1,8,0,2337,9,,D:\UE5 demo\GameXXK\Saved\Balance\20260907-final-matrix\hell-Guard-Healer-TusiChief\seed-20260908.json,0,0,0
hell-Guard-Healer-TusiChief,20260909,Training.Hell.3-1,7,Guard,Healer,TusiChief,3,10,True,victory,baseline,True,4,5574,1393.5,1190,1671.6666666666667,559.0,339,43,4933,12106,12402,0,13,26,1,13,0,424,50,,D:\UE5 demo\GameXXK\Saved\Balance\20260907-final-matrix\hell-Guard-Healer-TusiChief\seed-20260909.json,3,1,255
hell-Guard-Healer-TusiChief,20260910,Training.Hell.3-1,7,Guard,Healer,TusiChief,3,10,True,victory,baseline,True,2,5574,2787.0,4808,2787.0,,6,6,426,12402,12402,0,7,24,0,5,0,228,6,,D:\UE5 demo\GameXXK\Saved\Balance\20260907-final-matrix\hell-Guard-Healer-TusiChief\seed-20260910.json,0,0,0
hell-Guard-Healer-SongJinBao,20260906,Training.Hell.3-1,7,Guard,Healer,SongJinBao,3,10,True,victory,baseline,True,3,5574,1858.0,5493,1858.0,,9,9,5964,12225,12225,0,14,23,2,13,4,139,9,,D:\UE5 demo\GameXXK\Saved\Balance\20260907-final-matrix\hell-Guard-Healer-SongJinBao\seed-20260906.json,0,0,0
hell-Guard-Healer-SongJinBao,20260907,Training.Hell.3-1,7,Guard,Healer,SongJinBao,3,10,True,victory,baseline,True,4,5574,1393.5,1825,1836.0,66.0,524,165,4118,11866,12225,0,21,52,0,22,4,812,3,,D:\UE5 demo\GameXXK\Saved\Balance\20260907-final-matrix\hell-Guard-Healer-SongJinBao\seed-20260907.json,3,1,4
hell-Guard-Healer-SongJinBao,20260908,Training.Hell.3-1,7,Guard,Healer,SongJinBao,3,10,True,victory,baseline,True,3,8375,2791.6666666666665,7922,2791.6666666666665,,9,9,9798,12225,12225,0,14,17,0,14,4,4288,9,,D:\UE5 demo\GameXXK\Saved\Balance\20260907-final-matrix\hell-Guard-Healer-SongJinBao\seed-20260908.json,2,2,4
hell-Guard-Healer-SongJinBao,20260909,Training.Hell.3-1,7,Guard,Healer,SongJinBao,3,10,True,victory,baseline,True,3,5574,1858.0,1827,1858.0,,279,15,4402,11961,12225,0,15,34,0,14,2,315,3,,D:\UE5 demo\GameXXK\Saved\Balance\20260907-final-matrix\hell-Guard-Healer-SongJinBao\seed-20260909.json,3,1,249
hell-Guard-Healer-SongJinBao,20260910,Training.Hell.3-1,7,Guard,Healer,SongJinBao,3,10,True,victory,baseline,True,4,5574,1393.5,3849,1833.0,75.0,6,6,5538,12225,12225,0,20,40,0,22,4,583,81,,D:\UE5 demo\GameXXK\Saved\Balance\20260907-final-matrix\hell-Guard-Healer-SongJinBao\seed-20260910.json,0,0,0
hell-Guard-Healer-YueBai,20260906,Training.Hell.3-1,7,Guard,Healer,YueBai,3,10,True,victory,baseline,True,3,5574,1858.0,4897,1858.0,,9,9,7438,11647,11647,0,12,34,0,13,0,1392,9,,D:\UE5 demo\GameXXK\Saved\Balance\20260907-final-matrix\hell-Guard-Healer-YueBai\seed-20260906.json,0,0,0
hell-Guard-Healer-YueBai,20260907,Training.Hell.3-1,7,Guard,Healer,YueBai,3,10,True,victory,baseline,True,5,8375,1675.0,5573,2560.3333333333335,347.0,12,12,19468,11647,11647,0,16,69,1,25,16,7621,237,,D:\UE5 demo\GameXXK\Saved\Balance\20260907-final-matrix\hell-Guard-Healer-YueBai\seed-20260907.json,3,1,111
hell-Guard-Healer-YueBai,20260908,Training.Hell.3-1,7,Guard,Healer,YueBai,3,10,True,victory,baseline,True,3,5574,1858.0,5261,1858.0,,9,9,10070,11647,11647,0,10,38,1,12,4,2963,9,,D:\UE5 demo\GameXXK\Saved\Balance\20260907-final-matrix\hell-Guard-Healer-YueBai\seed-20260908.json,0,0,0
hell-Guard-Healer-YueBai,20260909,Training.Hell.3-1,7,Guard,Healer,YueBai,3,10,True,victory,baseline,True,7,8375,1196.4285714285713,662,2234.3333333333335,418.0,702,171,19480,11116,11647,0,22,56,1,27,0,1483,3,,D:\UE5 demo\GameXXK\Saved\Balance\20260907-final-matrix\hell-Guard-Healer-YueBai\seed-20260909.json,6,2,304
hell-Guard-Healer-YueBai,20260910,Training.Hell.3-1,7,Guard,Healer,YueBai,3,10,True,victory,baseline,True,4,5574,1393.5,5250,1791.6666666666667,199.0,12,12,11190,11647,11647,0,15,37,1,14,0,1367,12,,D:\UE5 demo\GameXXK\Saved\Balance\20260907-final-matrix\hell-Guard-Healer-YueBai\seed-20260910.json,0,0,0
hell-Guard-Healer-ZhouGuangZu,20260906,Training.Hell.3-1,7,Guard,Healer,ZhouGuangZu,3,10,True,victory,baseline,True,3,5574,1858.0,3350,1858.0,,457,279,2489,11064,11242,0,11,31,0,13,0,111,123,,D:\UE5 demo\GameXXK\Saved\Balance\20260907-final-matrix\hell-Guard-Healer-ZhouGuangZu\seed-20260906.json,3,1,2
hell-Guard-Healer-ZhouGuangZu,20260907,Training.Hell.3-1,7,Guard,Healer,ZhouGuangZu,3,10,True,victory,baseline,True,10,8361,836.1,1245,1281.3333333333333,645.2857142857143,1143,667,16039,10766,11242,0,33,81,2,34,0,1128,710,,D:\UE5 demo\GameXXK\Saved\Balance\20260907-final-matrix\hell-Guard-Healer-ZhouGuangZu\seed-20260907.json,6,2,398
hell-Guard-Healer-ZhouGuangZu,20260908,Training.Hell.3-1,7,Guard,Healer,ZhouGuangZu,3,10,True,victory,baseline,True,12,11176,931.3333333333334,5146,1857.6666666666667,622.5555555555555,201,201,22706,11242,11242,0,40,113,4,42,0,2706,1434,,D:\UE5 demo\GameXXK\Saved\Balance\20260907-final-matrix\hell-Guard-Healer-ZhouGuangZu\seed-20260908.json,6,2,437
hell-Guard-Healer-ZhouGuangZu,20260909,Training.Hell.3-1,7,Guard,Healer,ZhouGuangZu,3,10,True,victory,baseline,True,7,5574,796.2857142857143,1190,1450.0,306.0,534,401,10187,11109,11242,0,22,59,4,23,0,380,724,,D:\UE5 demo\GameXXK\Saved\Balance\20260907-final-matrix\hell-Guard-Healer-ZhouGuangZu\seed-20260909.json,6,2,568
hell-Guard-Healer-ZhouGuangZu,20260910,Training.Hell.3-1,7,Guard,Healer,ZhouGuangZu,3,10,True,victory,baseline,True,5,5574,1114.8,3773,1785.3333333333333,109.0,474,474,5516,11242,11242,0,19,71,0,20,0,246,951,,D:\UE5 demo\GameXXK\Saved\Balance\20260907-final-matrix\hell-Guard-Healer-ZhouGuangZu\seed-20260910.json,3,1,240
hell-Guard-Healer-JinGui,20260906,Training.Hell.3-1,7,Guard,Healer,JinGui,0,10,True,victory,baseline,True,5,5574,1114.8,3849,1838.6666666666667,29.0,12,12,7464,11476,11476,0,17,31,3,15,0,163,12,,D:\UE5 demo\GameXXK\Saved\Balance\20260907-final-matrix\hell-Guard-Healer-JinGui\seed-20260906.json,0,0,0
hell-Guard-Healer-JinGui,20260907,Training.Hell.3-1,7,Guard,Healer,JinGui,0,10,True,victory,baseline,True,3,5574,1858.0,4030,1858.0,,9,9,3732,11476,11476,0,12,25,0,12,0,1441,9,,D:\UE5 demo\GameXXK\Saved\Balance\20260907-final-matrix\hell-Guard-Healer-JinGui\seed-20260907.json,0,0,0
hell-Guard-Healer-JinGui,20260908,Training.Hell.3-1,7,Guard,Healer,JinGui,0,10,True,victory,baseline,True,3,5574,1858.0,540,1858.0,,491,12,4434,10997,11476,0,10,26,1,10,0,1201,0,,D:\UE5 demo\GameXXK\Saved\Balance\20260907-final-matrix\hell-Guard-Healer-JinGui\seed-20260908.json,3,1,4
hell-Guard-Healer-JinGui,20260909,Training.Hell.3-1,7,Guard,Healer,JinGui,0,10,True,victory,baseline,True,3,5574,1858.0,1190,1858.0,,279,15,6248,11212,11476,0,10,20,1,11,0,132,3,,D:\UE5 demo\GameXXK\Saved\Balance\20260907-final-matrix\hell-Guard-Healer-JinGui\seed-20260909.json,3,1,219
hell-Guard-Healer-JinGui,20260910,Training.Hell.3-1,7,Guard,Healer,JinGui,0,10,True,victory,baseline,True,6,5574,929.0,5027,1751.0,107.0,18,18,8782,11476,11476,0,24,49,0,19,0,897,18,,D:\UE5 demo\GameXXK\Saved\Balance\20260907-final-matrix\hell-Guard-Healer-JinGui\seed-20260910.json,3,1,307
hell-Guard-Healer-QiongMeiEr,20260906,Training.Hell.3-1,7,Guard,Healer,QiongMeiEr,3,10,True,victory,baseline,True,4,5574,1393.5,3999,1790.6666666666667,202.0,12,12,9798,11935,11935,0,18,34,1,12,0,196,12,,D:\UE5 demo\GameXXK\Saved\Balance\20260907-final-matrix\hell-Guard-Healer-QiongMeiEr\seed-20260906.json,0,0,0
hell-Guard-Healer-QiongMeiEr,20260907,Training.Hell.3-1,7,Guard,Healer,QiongMeiEr,3,10,True,victory,baseline,True,2,5574,2787.0,5468,2787.0,,6,6,284,11935,11935,0,9,26,0,7,0,1627,6,,D:\UE5 demo\GameXXK\Saved\Balance\20260907-final-matrix\hell-Guard-Healer-QiongMeiEr\seed-20260907.json,0,0,0
hell-Guard-Healer-QiongMeiEr,20260908,Training.Hell.3-1,7,Guard,Healer,QiongMeiEr,3,10,True,victory,baseline,True,2,5574,2787.0,5466,2787.0,,6,6,284,11935,11935,0,6,11,2,6,0,3266,6,,D:\UE5 demo\GameXXK\Saved\Balance\20260907-final-matrix\hell-Guard-Healer-QiongMeiEr\seed-20260908.json,0,0,0
hell-Guard-Healer-QiongMeiEr,20260909,Training.Hell.3-1,7,Guard,Healer,QiongMeiEr,3,10,True,victory,baseline,True,5,8375,1675.0,1990,2490.6666666666665,451.5,315,258,11502,11878,11935,0,28,41,0,25,0,405,7,,D:\UE5 demo\GameXXK\Saved\Balance\20260907-final-matrix\hell-Guard-Healer-QiongMeiEr\seed-20260909.json,4,0,294
hell-Guard-Healer-QiongMeiEr,20260910,Training.Hell.3-1,7,Guard,Healer,QiongMeiEr,3,10,True,victory,baseline,True,3,5574,1858.0,4709,1858.0,,9,9,3266,11935,11935,0,15,39,0,14,0,1074,9,,D:\UE5 demo\GameXXK\Saved\Balance\20260907-final-matrix\hell-Guard-Healer-QiongMeiEr\seed-20260910.json,0,0,0
hell-Guard-Hunter-TusiChief,20260906,Training.Hell.3-1,7,Guard,Hunter,TusiChief,3,10,True,victory,baseline,True,9,11176,1241.7777777777778,5240,1746.6666666666667,989.3333333333334,196,150,11440,12307,12353,0,24,30,10,25,0,536,0,,D:\UE5 demo\GameXXK\Saved\Balance\20260907-final-matrix\hell-Guard-Hunter-TusiChief\seed-20260906.json,2,1,0
hell-Guard-Hunter-TusiChief,20260907,Training.Hell.3-1,7,Guard,Hunter,TusiChief,3,10,True,victory,baseline,True,11,11176,1016.0,3462,1829.6666666666667,710.875,526,300,22439,12127,12353,0,31,40,13,36,0,2012,0,,D:\UE5 demo\GameXXK\Saved\Balance\20260907-final-matrix\hell-Guard-Hunter-TusiChief\seed-20260907.json,6,3,198
hell-Guard-Hunter-TusiChief,20260908,Training.Hell.3-1,7,Guard,Hunter,TusiChief,3,10,True,victory,baseline,True,9,11176,1241.7777777777778,5178,1726.0,999.6666666666666,0,0,13107,12353,12353,0,27,37,8,29,0,3941,225,,D:\UE5 demo\GameXXK\Saved\Balance\20260907-final-matrix\hell-Guard-Hunter-TusiChief\seed-20260908.json,2,1,111
hell-Guard-Hunter-TusiChief,20260909,Training.Hell.3-1,7,Guard,Hunter,TusiChief,3,10,True,victory,baseline,True,10,11176,1117.6,2772,2727.6666666666665,427.57142857142856,111,0,14487,12242,12353,0,33,53,7,34,0,612,0,,D:\UE5 demo\GameXXK\Saved\Balance\20260907-final-matrix\hell-Guard-Hunter-TusiChief\seed-20260909.json,4,2,111
hell-Guard-Hunter-TusiChief,20260910,Training.Hell.3-1,7,Guard,Hunter,TusiChief,3,10,True,stalemate,baseline,True,7,5240,748.5714285714286,5240,1746.6666666666667,0.0,0,0,12780,12353,12353,0,23,20,2,23,0,466,75,,D:\UE5 demo\GameXXK\Saved\Balance\20260907-final-matrix\hell-Guard-Hunter-TusiChief\seed-20260910.json,2,1,196
hell-Guard-Hunter-SongJinBao,20260906,Training.Hell.3-1,7,Guard,Hunter,SongJinBao,3,10,True,victory,baseline,True,6,11132,1855.3333333333333,4760,2575.3333333333335,1135.3333333333333,105,75,7668,12146,12176,0,20,45,5,25,1,948,0,,D:\UE5 demo\GameXXK\Saved\Balance\20260907-final-matrix\hell-Guard-Hunter-SongJinBao\seed-20260906.json,2,1,0
hell-Guard-Hunter-SongJinBao,20260907,Training.Hell.3-1,7,Guard,Hunter,SongJinBao,3,10,True,victory,baseline,True,11,11149,1013.5454545454545,2289,1825.3333333333333,709.125,1212,225,14484,11189,12176,0,26,51,15,31,0,435,0,,D:\UE5 demo\GameXXK\Saved\Balance\20260907-final-matrix\hell-Guard-Hunter-SongJinBao\seed-20260907.json,7,4,198
hell-Guard-Hunter-SongJinBao,20260908,Training.Hell.3-1,7,Guard,Hunter,SongJinBao,3,10,True,stalemate,baseline,True,10,5258,525.8,3959,1752.6666666666667,0.0,90,90,18886,12176,12176,0,33,54,7,41,0,1045,60,,D:\UE5 demo\GameXXK\Saved\Balance\20260907-final-matrix\hell-Guard-Hunter-SongJinBao\seed-20260908.json,2,2,4
hell-Guard-Hunter-SongJinBao,20260909,Training.Hell.3-1,7,Guard,Hunter,SongJinBao,3,10,True,stalemate,baseline,True,8,5541,692.625,2772,1847.0,0.0,0,0,14484,12176,12176,0,24,52,8,28,4,360,0,,D:\UE5 demo\GameXXK\Saved\Balance\20260907-final-matrix\hell-Guard-Hunter-SongJinBao\seed-20260909.json,1,1,2
hell-Guard-Hunter-SongJinBao,20260910,Training.Hell.3-1,7,Guard,Hunter,SongJinBao,3,10,True,victory,baseline,True,3,11150,3716.6666666666665,4959,3716.6666666666665,,0,0,4686,12176,12176,0,14,33,0,20,5,499,0,,D:\UE5 demo\GameXXK\Saved\Balance\20260907-final-matrix\hell-Guard-Hunter-SongJinBao\seed-20260910.json,0,0,0
hell-Guard-Hunter-YueBai,20260906,Training.Hell.3-1,7,Guard,Hunter,YueBai,3,10,True,victory,baseline,True,4,11176,2794.0,5513,1844.3333333333333,5643.0,0,0,19802,11598,11598,0,16,67,0,30,0,2229,0,,D:\UE5 demo\GameXXK\Saved\Balance\20260907-final-matrix\hell-Guard-Hunter-YueBai\seed-20260906.json,0,0,0
hell-Guard-Hunter-YueBai,20260907,Training.Hell.3-1,7,Guard,Hunter,YueBai,3,10,True,victory,baseline,True,4,11176,2794.0,6178,2770.3333333333335,2865.0,0,0,20774,11598,11598,0,16,71,1,26,8,10556,0,,D:\UE5 demo\GameXXK\Saved\Balance\20260907-final-matrix\hell-Guard-Hunter-YueBai\seed-20260907.json,3,1,88
hell-Guard-Hunter-YueBai,20260908,Training.Hell.3-1,7,Guard,Hunter,YueBai,3,10,True,victory,baseline,True,4,11176,2794.0,5261,1847.0,5635.0,0,0,15728,11598,11598,0,16,55,3,27,4,3212,150,,D:\UE5 demo\GameXXK\Saved\Balance\20260907-final-matrix\hell-Guard-Hunter-YueBai\seed-20260908.json,0,0,0
hell-Guard-Hunter-YueBai,20260909,Training.Hell.3-1,7,Guard,Hunter,YueBai,3,10,True,victory,baseline,True,6,11153,1858.8333333333333,2952,1845.0,1872.6666666666667,0,0,35246,11598,11598,0,28,104,0,47,8,276,225,,D:\UE5 demo\GameXXK\Saved\Balance\20260907-final-matrix\hell-Guard-Hunter-YueBai\seed-20260909.json,0,0,0
hell-Guard-Hunter-YueBai,20260910,Training.Hell.3-1,7,Guard,Hunter,YueBai,3,10,True,victory,baseline,True,4,11176,2794.0,5513,1844.3333333333333,5643.0,0,0,20534,11598,11598,0,20,53,0,30,0,2229,0,,D:\UE5 demo\GameXXK\Saved\Balance\20260907-final-matrix\hell-Guard-Hunter-YueBai\seed-20260910.json,0,0,0
hell-Guard-Hunter-ZhouGuangZu,20260906,Training.Hell.3-1,7,Guard,Hunter,ZhouGuangZu,3,10,True,victory,baseline,True,3,11175,3725.0,5542,3725.0,,15,15,6196,11193,11193,0,15,49,3,21,0,829,633,,D:\UE5 demo\GameXXK\Saved\Balance\20260907-final-matrix\hell-Guard-Hunter-ZhouGuangZu\seed-20260906.json,0,0,0
hell-Guard-Hunter-ZhouGuangZu,20260907,Training.Hell.3-1,7,Guard,Hunter,ZhouGuangZu,3,10,True,victory,baseline,True,6,11176,1862.6666666666667,3352,1651.0,2074.3333333333335,510,510,17205,11193,11193,0,29,78,2,42,0,531,1698,,D:\UE5 demo\GameXXK\Saved\Balance\20260907-final-matrix\hell-Guard-Hunter-ZhouGuangZu\seed-20260907.json,5,2,185
hell-Guard-Hunter-ZhouGuangZu,20260908,Training.Hell.3-1,7,Guard,Hunter,ZhouGuangZu,3,10,True,victory,baseline,True,4,11146,2786.5,5146,2781.3333333333335,2802.0,18,18,13767,11193,11193,0,21,60,0,26,0,4200,786,,D:\UE5 demo\GameXXK\Saved\Balance\20260907-final-matrix\hell-Guard-Hunter-ZhouGuangZu\seed-20260908.json,2,1,96
hell-Guard-Hunter-ZhouGuangZu,20260909,Training.Hell.3-1,7,Guard,Hunter,ZhouGuangZu,3,10,True,victory,baseline,True,7,11176,1596.5714285714287,2374,1857.6666666666667,1400.75,1034,715,19776,10874,11193,0,38,86,1,38,0,1126,347,,D:\UE5 demo\GameXXK\Saved\Balance\20260907-final-matrix\hell-Guard-Hunter-ZhouGuangZu\seed-20260909.json,8,3,453
hell-Guard-Hunter-ZhouGuangZu,20260910,Training.Hell.3-1,7,Guard,Hunter,ZhouGuangZu,3,10,True,victory,baseline,True,5,11176,2235.2,5121,1857.6666666666667,2801.5,18,18,13244,11193,11193,0,21,62,2,31,0,494,1020,,D:\UE5 demo\GameXXK\Saved\Balance\20260907-final-matrix\hell-Guard-Hunter-ZhouGuangZu\seed-20260910.json,0,0,0
hell-Guard-Hunter-JinGui,20260906,Training.Hell.3-1,7,Guard,Hunter,JinGui,0,10,True,victory,baseline,True,6,11176,1862.6666666666667,5364,1828.0,1897.3333333333333,0,0,8134,11427,11427,0,21,38,4,22,0,407,150,,D:\UE5 demo\GameXXK\Saved\Balance\20260907-final-matrix\hell-Guard-Hunter-JinGui\seed-20260906.json,0,0,0
hell-Guard-Hunter-JinGui,20260907,Training.Hell.3-1,7,Guard,Hunter,JinGui,0,10,True,victory,baseline,True,7,11176,1596.5714285714287,4387,1857.6666666666667,1400.75,2,0,10802,11425,11427,0,23,54,5,28,0,397,0,,D:\UE5 demo\GameXXK\Saved\Balance\20260907-final-matrix\hell-Guard-Hunter-JinGui\seed-20260907.json,2,1,73
hell-Guard-Hunter-JinGui,20260908,Training.Hell.3-1,7,Guard,Hunter,JinGui,0,10,True,victory,baseline,True,6,11176,1862.6666666666667,4020,1816.0,1909.3333333333333,0,0,13832,11427,11427,0,26,34,2,28,0,1018,150,,D:\UE5 demo\GameXXK\Saved\Balance\20260907-final-matrix\hell-Guard-Hunter-JinGui\seed-20260908.json,2,1,160
hell-Guard-Hunter-JinGui,20260909,Training.Hell.3-1,7,Guard,Hunter,JinGui,0,10,True,stalemate,baseline,True,8,5263,657.875,3527,1754.3333333333333,0.0,0,0,11764,11427,11427,0,22,46,7,23,0,360,75,,D:\UE5 demo\GameXXK\Saved\Balance\20260907-final-matrix\hell-Guard-Hunter-JinGui\seed-20260909.json,2,1,160
hell-Guard-Hunter-JinGui,20260910,Training.Hell.3-1,7,Guard,Hunter,JinGui,0,10,True,victory,baseline,True,7,11176,1596.5714285714287,5099,1699.6666666666667,1519.25,2,0,14068,11425,11427,0,24,30,7,27,0,913,75,,D:\UE5 demo\GameXXK\Saved\Balance\20260907-final-matrix\hell-Guard-Hunter-JinGui\seed-20260910.json,2,1,158
hell-Guard-Hunter-QiongMeiEr,20260906,Training.Hell.3-1,7,Guard,Hunter,QiongMeiEr,3,10,True,victory,baseline,True,5,11176,2235.2,4945,1833.3333333333333,2838.0,0,0,6532,11886,11886,0,19,41,2,20,0,571,465,,D:\UE5 demo\GameXXK\Saved\Balance\20260907-final-matrix\hell-Guard-Hunter-QiongMeiEr\seed-20260906.json,0,0,0
hell-Guard-Hunter-QiongMeiEr,20260907,Training.Hell.3-1,7,Guard,Hunter,QiongMeiEr,3,10,True,victory,baseline,True,6,11164,1860.6666666666667,2772,2267.6666666666665,1453.6666666666667,46,46,2272,11886,11886,0,22,64,1,23,0,450,419,,D:\UE5 demo\GameXXK\Saved\Balance\20260907-final-matrix\hell-Guard-Hunter-QiongMeiEr\seed-20260907.json,2,1,0
hell-Guard-Hunter-QiongMeiEr,20260908,Training.Hell.3-1,7,Guard,Hunter,QiongMeiEr,3,10,True,victory,baseline,True,4,11149,2787.25,5466,1848.6666666666667,5603.0,0,0,4970,11886,11886,0,17,36,2,21,0,3505,75,,D:\UE5 demo\GameXXK\Saved\Balance\20260907-final-matrix\hell-Guard-Hunter-QiongMeiEr\seed-20260908.json,0,0,0
hell-Guard-Hunter-QiongMeiEr,20260909,Training.Hell.3-1,7,Guard,Hunter,QiongMeiEr,3,10,True,victory,baseline,True,9,11175,1241.6666666666667,2772,1845.6666666666667,939.6666666666666,229,44,15336,11701,11886,0,34,64,3,32,0,797,31,,D:\UE5 demo\GameXXK\Saved\Balance\20260907-final-matrix\hell-Guard-Hunter-QiongMeiEr\seed-20260909.json,4,2,2
hell-Guard-Hunter-QiongMeiEr,20260910,Training.Hell.3-1,7,Guard,Hunter,QiongMeiEr,3,10,True,stalemate,baseline,True,11,8322,756.5454545454545,4958,2640.6666666666665,50.0,0,0,15336,11886,11886,0,28,50,12,31,0,305,225,,D:\UE5 demo\GameXXK\Saved\Balance\20260907-final-matrix\hell-Guard-Hunter-QiongMeiEr\seed-20260910.json,4,2,92
hell-Guard-Sorcerer-TusiChief,20260906,Training.Hell.3-1,7,Guard,Sorcerer,TusiChief,3,10,True,limit,baseline,False,60,5400,90.0,4907,1800.0,0.0,2288,1800,89944,12171,12659,0,129,92,100,135,0,1202,0,Simulation reached MaxRounds before a terminal result.,D:\UE5 demo\GameXXK\Saved\Balance\20260907-final-matrix\hell-Guard-Sorcerer-TusiChief\seed-20260906.json,27,13,1324
hell-Guard-Sorcerer-TusiChief,20260907,Training.Hell.3-1,7,Guard,Sorcerer,TusiChief,3,10,True,limit,baseline,False,60,5431,90.51666666666667,4394,1810.3333333333333,0.0,1892,1418,87304,12185,12659,0,128,104,99,126,0,571,232,Simulation reached MaxRounds before a terminal result.,D:\UE5 demo\GameXXK\Saved\Balance\20260907-final-matrix\hell-Guard-Sorcerer-TusiChief\seed-20260907.json,24,12,460
hell-Guard-Sorcerer-TusiChief,20260908,Training.Hell.3-1,7,Guard,Sorcerer,TusiChief,3,10,True,limit,baseline,False,60,5330,88.83333333333333,4606,1776.6666666666667,0.0,1564,1397,86477,12492,12659,0,131,108,106,141,0,281,253,Simulation reached MaxRounds before a terminal result.,D:\UE5 demo\GameXXK\Saved\Balance\20260907-final-matrix\hell-Guard-Sorcerer-TusiChief\seed-20260908.json,24,12,788
hell-Guard-Sorcerer-TusiChief,20260909,Training.Hell.3-1,7,Guard,Sorcerer,TusiChief,3,10,True,limit,baseline,False,60,5465,91.08333333333333,3887,1821.6666666666667,0.0,2154,1575,88462,12080,12659,0,111,21,111,114,0,139,0,Simulation reached MaxRounds before a terminal result.,D:\UE5 demo\GameXXK\Saved\Balance\20260907-final-matrix\hell-Guard-Sorcerer-TusiChief\seed-20260909.json,24,12,198
hell-Guard-Sorcerer-TusiChief,20260910,Training.Hell.3-1,7,Guard,Sorcerer,TusiChief,3,10,True,stalemate,baseline,True,8,5466,683.25,4808,1822.0,0.0,0,0,9186,12659,12659,0,19,27,8,20,0,317,75,,D:\UE5 demo\GameXXK\Saved\Balance\20260907-final-matrix\hell-Guard-Sorcerer-TusiChief\seed-20260910.json,2,0,356
hell-Guard-Sorcerer-SongJinBao,20260906,Training.Hell.3-1,7,Guard,Sorcerer,SongJinBao,3,10,True,stalemate,baseline,True,7,5468,781.1428571428571,5468,1822.6666666666667,0.0,0,0,7100,12482,12482,0,13,24,11,18,0,397,150,,D:\UE5 demo\GameXXK\Saved\Balance\20260907-final-matrix\hell-Guard-Sorcerer-SongJinBao\seed-20260906.json,3,1,352
hell-Guard-Sorcerer-SongJinBao,20260907,Training.Hell.3-1,7,Guard,Sorcerer,SongJinBao,3,10,True,stalemate,baseline,True,9,5493,610.3333333333334,5371,1831.0,0.0,0,0,13348,12482,12482,0,21,26,12,24,4,181,0,,D:\UE5 demo\GameXXK\Saved\Balance\20260907-final-matrix\hell-Guard-Sorcerer-SongJinBao\seed-20260907.json,2,2,4
hell-Guard-Sorcerer-SongJinBao,20260908,Training.Hell.3-1,7,Guard,Sorcerer,SongJinBao,3,10,True,stalemate,baseline,True,15,5427,361.8,5427,1809.0,0.0,6,4,19082,12480,12482,0,28,49,26,32,0,951,146,,D:\UE5 demo\GameXXK\Saved\Balance\20260907-final-matrix\hell-Guard-Sorcerer-SongJinBao\seed-20260908.json,6,4,352
hell-Guard-Sorcerer-SongJinBao,20260909,Training.Hell.3-1,7,Guard,Sorcerer,SongJinBao,3,10,True,limit,baseline,False,60,5542,92.36666666666666,4391,1847.3333333333333,0.0,3224,1500,88466,10758,12482,0,105,43,112,101,1,139,0,Simulation reached MaxRounds before a terminal result.,D:\UE5 demo\GameXXK\Saved\Balance\20260907-final-matrix\hell-Guard-Sorcerer-SongJinBao\seed-20260909.json,36,12,1000
hell-Guard-Sorcerer-SongJinBao,20260910,Training.Hell.3-1,7,Guard,Sorcerer,SongJinBao,3,10,True,stalemate,baseline,True,8,5512,689.0,4329,1837.3333333333333,0.0,0,0,10636,12482,12482,0,20,45,10,25,0,591,150,,D:\UE5 demo\GameXXK\Saved\Balance\20260907-final-matrix\hell-Guard-Sorcerer-SongJinBao\seed-20260910.json,3,3,6
hell-Guard-Sorcerer-YueBai,20260906,Training.Hell.3-1,7,Guard,Sorcerer,YueBai,3,10,True,stalemate,baseline,True,7,5450,778.5714285714286,5450,1816.6666666666667,0.0,0,0,22232,11904,11904,0,22,56,9,33,0,1271,150,,D:\UE5 demo\GameXXK\Saved\Balance\20260907-final-matrix\hell-Guard-Sorcerer-YueBai\seed-20260906.json,3,1,296
hell-Guard-Sorcerer-YueBai,20260907,Training.Hell.3-1,7,Guard,Sorcerer,YueBai,3,10,True,stalemate,baseline,True,8,5389,673.625,5149,1796.3333333333333,0.0,0,0,30484,11904,11904,0,26,66,5,39,0,831,150,,D:\UE5 demo\GameXXK\Saved\Balance\20260907-final-matrix\hell-Guard-Sorcerer-YueBai\seed-20260907.json,3,1,296
hell-Guard-Sorcerer-YueBai,20260908,Training.Hell.3-1,7,Guard,Sorcerer,YueBai,3,10,True,stalemate,baseline,True,7,5500,785.7142857142857,5500,1833.3333333333333,0.0,0,0,21926,11904,11904,0,18,58,8,31,0,1813,150,,D:\UE5 demo\GameXXK\Saved\Balance\20260907-final-matrix\hell-Guard-Sorcerer-YueBai\seed-20260908.json,3,1,296
hell-Guard-Sorcerer-YueBai,20260909,Training.Hell.3-1,7,Guard,Sorcerer,YueBai,3,10,True,stalemate,baseline,True,21,5408,257.5238095238095,3444,1802.6666666666667,0.0,570,570,75430,11904,11904,0,52,108,36,73,0,1088,180,,D:\UE5 demo\GameXXK\Saved\Balance\20260907-final-matrix\hell-Guard-Sorcerer-YueBai\seed-20260909.json,15,5,1392
hell-Guard-Sorcerer-YueBai,20260910,Training.Hell.3-1,7,Guard,Sorcerer,YueBai,3,10,True,stalemate,baseline,True,7,5510,787.1428571428571,5510,1836.6666666666667,0.0,0,0,26104,11904,11904,0,22,63,7,35,0,1271,150,,D:\UE5 demo\GameXXK\Saved\Balance\20260907-final-matrix\hell-Guard-Sorcerer-YueBai\seed-20260910.json,3,1,296
hell-Guard-Sorcerer-ZhouGuangZu,20260906,Training.Hell.3-1,7,Guard,Sorcerer,ZhouGuangZu,3,10,True,stalemate,baseline,True,14,5537,395.5,5537,1845.6666666666667,0.0,391,391,37504,11499,11499,0,36,69,30,49,0,398,2402,,D:\UE5 demo\GameXXK\Saved\Balance\20260907-final-matrix\hell-Guard-Sorcerer-ZhouGuangZu\seed-20260906.json,6,2,343
hell-Guard-Sorcerer-ZhouGuangZu,20260907,Training.Hell.3-1,7,Guard,Sorcerer,ZhouGuangZu,3,10,True,victory,baseline,True,6,11152,1858.6666666666667,4555,2721.3333333333335,996.0,113,28,22065,11414,11499,0,35,88,0,44,12,400,1262,,D:\UE5 demo\GameXXK\Saved\Balance\20260907-final-matrix\hell-Guard-Sorcerer-ZhouGuangZu\seed-20260907.json,6,2,537
hell-Guard-Sorcerer-ZhouGuangZu,20260908,Training.Hell.3-1,7,Guard,Sorcerer,ZhouGuangZu,3,10,True,victory,baseline,True,7,11166,1595.142857142857,5337,2558.6666666666665,872.5,39,39,24264,11499,11499,0,41,108,1,48,13,1070,1893,,D:\UE5 demo\GameXXK\Saved\Balance\20260907-final-matrix\hell-Guard-Sorcerer-ZhouGuangZu\seed-20260908.json,6,2,623
hell-Guard-Sorcerer-ZhouGuangZu,20260909,Training.Hell.3-1,7,Guard,Sorcerer,ZhouGuangZu,3,10,True,victory,baseline,True,12,11154,929.5,3887,2761.6666666666665,318.77777777777777,173,119,39235,11445,11499,0,46,111,16,66,13,509,2044,,D:\UE5 demo\GameXXK\Saved\Balance\20260907-final-matrix\hell-Guard-Sorcerer-ZhouGuangZu\seed-20260909.json,6,2,215
hell-Guard-Sorcerer-ZhouGuangZu,20260910,Training.Hell.3-1,7,Guard,Sorcerer,ZhouGuangZu,3,10,True,stalemate,baseline,True,16,8329,520.5625,5467,1857.6666666666667,212.0,185,185,43159,11499,11499,0,55,129,26,74,7,284,3004,,D:\UE5 demo\GameXXK\Saved\Balance\20260907-final-matrix\hell-Guard-Sorcerer-ZhouGuangZu\seed-20260910.json,9,3,388
hell-Guard-Sorcerer-JinGui,20260906,Training.Hell.3-1,7,Guard,Sorcerer,JinGui,0,10,True,stalemate,baseline,True,8,5504,688.0,5192,1834.6666666666667,0.0,0,0,8678,11733,11733,0,17,19,10,17,0,397,0,,D:\UE5 demo\GameXXK\Saved\Balance\20260907-final-matrix\hell-Guard-Sorcerer-JinGui\seed-20260906.json,3,1,322
hell-Guard-Sorcerer-JinGui,20260907,Training.Hell.3-1,7,Guard,Sorcerer,JinGui,0,10,True,stalemate,baseline,True,20,5428,271.4,5428,1809.3333333333333,0.0,164,162,29098,11731,11733,0,38,18,32,38,0,181,63,,D:\UE5 demo\GameXXK\Saved\Balance\20260907-final-matrix\hell-Guard-Sorcerer-JinGui\seed-20260907.json,9,3,802
hell-Guard-Sorcerer-JinGui,20260908,Training.Hell.3-1,7,Guard,Sorcerer,JinGui,0,10,True,stalemate,baseline,True,8,5508,688.5,5196,1836.0,0.0,0,0,10400,11733,11733,0,23,27,8,25,0,951,150,,D:\UE5 demo\GameXXK\Saved\Balance\20260907-final-matrix\hell-Guard-Sorcerer-JinGui\seed-20260908.json,3,1,322
hell-Guard-Sorcerer-JinGui,20260909,Training.Hell.3-1,7,Guard,Sorcerer,JinGui,0,10,True,stalemate,baseline,True,16,5423,338.9375,4499,1807.6666666666667,0.0,166,162,23938,11729,11733,0,35,20,23,33,0,139,63,,D:\UE5 demo\GameXXK\Saved\Balance\20260907-final-matrix\hell-Guard-Sorcerer-JinGui\seed-20260909.json,9,3,800
hell-Guard-Sorcerer-JinGui,20260910,Training.Hell.3-1,7,Guard,Sorcerer,JinGui,0,10,True,stalemate,baseline,True,20,5533,276.65,5533,1844.3333333333333,0.0,164,162,27916,11731,11733,0,39,39,34,40,0,181,63,,D:\UE5 demo\GameXXK\Saved\Balance\20260907-final-matrix\hell-Guard-Sorcerer-JinGui\seed-20260910.json,9,3,802
hell-Guard-Sorcerer-QiongMeiEr,20260906,Training.Hell.3-1,7,Guard,Sorcerer,QiongMeiEr,3,10,True,stalemate,baseline,True,11,8332,757.4545454545455,5567,2536.0,90.5,121,121,13916,12192,12192,0,25,38,12,24,0,397,344,,D:\UE5 demo\GameXXK\Saved\Balance\20260907-final-matrix\hell-Guard-Sorcerer-QiongMeiEr\seed-20260906.json,4,0,121
hell-Guard-Sorcerer-QiongMeiEr,20260907,Training.Hell.3-1,7,Guard,Sorcerer,QiongMeiEr,3,10,True,stalemate,baseline,True,13,5524,424.9230769230769,5524,1841.3333333333333,0.0,291,291,13916,12192,12192,0,21,23,20,21,0,181,324,,D:\UE5 demo\GameXXK\Saved\Balance\20260907-final-matrix\hell-Guard-Sorcerer-QiongMeiEr\seed-20260907.json,5,1,293
hell-Guard-Sorcerer-QiongMeiEr,20260908,Training.Hell.3-1,7,Guard,Sorcerer,QiongMeiEr,3,10,True,victory,baseline,True,5,11152,2230.4,5315,1857.6666666666667,2789.5,0,0,5076,12192,12192,0,16,33,2,21,7,1016,0,,D:\UE5 demo\GameXXK\Saved\Balance\20260907-final-matrix\hell-Guard-Sorcerer-QiongMeiEr\seed-20260908.json,0,0,0
hell-Guard-Sorcerer-QiongMeiEr,20260909,Training.Hell.3-1,7,Guard,Sorcerer,QiongMeiEr,3,10,True,stalemate,baseline,True,13,8294,638.0,4977,1832.6666666666667,279.6,0,0,23710,12192,12192,0,38,56,12,42,7,139,225,,D:\UE5 demo\GameXXK\Saved\Balance\20260907-final-matrix\hell-Guard-Sorcerer-QiongMeiEr\seed-20260909.json,4,0,242
hell-Guard-Sorcerer-QiongMeiEr,20260910,Training.Hell.3-1,7,Guard,Sorcerer,QiongMeiEr,3,10,True,victory,baseline,True,9,11144,1238.2222222222222,4441,1842.6666666666667,936.0,0,0,12975,12192,12192,0,28,53,5,32,7,458,0,,D:\UE5 demo\GameXXK\Saved\Balance\20260907-final-matrix\hell-Guard-Sorcerer-QiongMeiEr\seed-20260910.json,4,0,519
hell-Guard-FormationMaster-TusiChief,20260906,Training.Hell.3-1,7,Guard,FormationMaster,TusiChief,3,10,True,stalemate,baseline,True,8,5514,689.25,4899,1838.0,0.0,0,0,20720,12661,12661,0,21,9,0,21,0,1525,900,,D:\UE5 demo\GameXXK\Saved\Balance\20260907-final-matrix\hell-Guard-FormationMaster-TusiChief\seed-20260906.json,2,1,196
hell-Guard-FormationMaster-TusiChief,20260907,Training.Hell.3-1,7,Guard,FormationMaster,TusiChief,3,10,True,stalemate,baseline,True,32,5330,166.5625,4040,1776.6666666666667,0.0,2834,2834,90681,12661,12661,0,91,24,2,86,0,38,1591,,D:\UE5 demo\GameXXK\Saved\Balance\20260907-final-matrix\hell-Guard-FormationMaster-TusiChief\seed-20260907.json,15,7,1411
hell-Guard-FormationMaster-TusiChief,20260908,Training.Hell.3-1,7,Guard,FormationMaster,TusiChief,3,10,True,stalemate,baseline,True,27,5406,200.22222222222223,1639,1633.6666666666667,21.041666666666668,2070,2070,71460,12661,12661,0,76,15,2,78,0,808,1755,,D:\UE5 demo\GameXXK\Saved\Balance\20260907-final-matrix\hell-Guard-FormationMaster-TusiChief\seed-20260908.json,9,1,1419
hell-Guard-FormationMaster-TusiChief,20260909,Training.Hell.3-1,7,Guard,FormationMaster,TusiChief,3,10,True,stalemate,baseline,True,37,5425,146.6216216216216,1832,1808.3333333333333,0.0,2902,2902,95387,12661,12661,0,99,21,9,99,0,773,2798,,D:\UE5 demo\GameXXK\Saved\Balance\20260907-final-matrix\hell-Guard-FormationMaster-TusiChief\seed-20260909.json,12,1,1745
hell-Guard-FormationMaster-TusiChief,20260910,Training.Hell.3-1,7,Guard,FormationMaster,TusiChief,3,10,True,stalemate,baseline,True,8,5402,675.25,4899,1800.6666666666667,0.0,0,0,22068,12661,12661,0,21,6,0,20,0,1525,900,,D:\UE5 demo\GameXXK\Saved\Balance\20260907-final-matrix\hell-Guard-FormationMaster-TusiChief\seed-20260910.json,2,1,196
hell-Guard-FormationMaster-SongJinBao,20260906,Training.Hell.3-1,7,Guard,FormationMaster,SongJinBao,3,10,True,stalemate,baseline,True,7,5328,761.1428571428571,5328,1776.0,0.0,0,0,14401,12484,12484,0,26,15,2,30,0,1375,1500,,D:\UE5 demo\GameXXK\Saved\Balance\20260907-final-matrix\hell-Guard-FormationMaster-SongJinBao\seed-20260906.json,2,1,190
hell-Guard-FormationMaster-SongJinBao,20260907,Training.Hell.3-1,7,Guard,FormationMaster,SongJinBao,3,10,True,stalemate,baseline,True,9,5507,611.8888888888889,2567,1835.6666666666667,0.0,0,0,29994,12484,12484,0,41,36,0,48,4,329,1275,,D:\UE5 demo\GameXXK\Saved\Balance\20260907-final-matrix\hell-Guard-FormationMaster-SongJinBao\seed-20260907.json,1,1,2
hell-Guard-FormationMaster-SongJinBao,20260908,Training.Hell.3-1,7,Guard,FormationMaster,SongJinBao,3,10,True,stalemate,baseline,True,7,5459,779.8571428571429,5459,1819.6666666666667,0.0,0,0,26331,12484,12484,0,29,24,0,31,0,3410,1500,,D:\UE5 demo\GameXXK\Saved\Balance\20260907-final-matrix\hell-Guard-FormationMaster-SongJinBao\seed-20260908.json,1,1,2
hell-Guard-FormationMaster-SongJinBao,20260909,Training.Hell.3-1,7,Guard,FormationMaster,SongJinBao,3,10,True,stalemate,baseline,True,13,5543,426.38461538461536,2037,1847.6666666666667,0.0,750,750,44753,12484,12484,0,55,15,0,54,1,1511,1875,,D:\UE5 demo\GameXXK\Saved\Balance\20260907-final-matrix\hell-Guard-FormationMaster-SongJinBao\seed-20260909.json,5,3,277
hell-Guard-FormationMaster-SongJinBao,20260910,Training.Hell.3-1,7,Guard,FormationMaster,SongJinBao,3,10,True,stalemate,baseline,True,9,5538,615.3333333333334,5328,1846.0,0.0,0,0,24419,12484,12484,0,37,6,1,40,0,1375,1275,,D:\UE5 demo\GameXXK\Saved\Balance\20260907-final-matrix\hell-Guard-FormationMaster-SongJinBao\seed-20260910.json,1,1,2
hell-Guard-FormationMaster-YueBai,20260906,Training.Hell.3-1,7,Guard,FormationMaster,YueBai,3,10,True,stalemate,baseline,True,7,5144,734.8571428571429,5144,1714.6666666666667,0.0,0,0,25583,11906,11906,0,18,36,0,28,0,2015,1200,,D:\UE5 demo\GameXXK\Saved\Balance\20260907-final-matrix\hell-Guard-FormationMaster-YueBai\seed-20260906.json,2,1,134
hell-Guard-FormationMaster-YueBai,20260907,Training.Hell.3-1,7,Guard,FormationMaster,YueBai,3,10,True,victory,baseline,True,4,11168,2792.0,5573,2755.3333333333335,2902.0,0,0,13568,11906,11906,0,12,45,0,23,12,20231,300,,D:\UE5 demo\GameXXK\Saved\Balance\20260907-final-matrix\hell-Guard-FormationMaster-YueBai\seed-20260907.json,3,1,134
hell-Guard-FormationMaster-YueBai,20260908,Training.Hell.3-1,7,Guard,FormationMaster,YueBai,3,10,True,stalemate,baseline,True,7,5510,787.1428571428571,5510,1836.6666666666667,0.0,0,0,51272,11906,11906,0,18,213,0,86,0,3512,900,,D:\UE5 demo\GameXXK\Saved\Balance\20260907-final-matrix\hell-Guard-FormationMaster-YueBai\seed-20260908.json,2,1,134
hell-Guard-FormationMaster-YueBai,20260909,Training.Hell.3-1,7,Guard,FormationMaster,YueBai,3,10,True,victory,baseline,True,3,11176,3725.3333333333335,1832,3725.3333333333335,,270,270,10936,11906,11906,0,9,36,0,16,8,18115,330,,D:\UE5 demo\GameXXK\Saved\Balance\20260907-final-matrix\hell-Guard-FormationMaster-YueBai\seed-20260909.json,3,1,217
hell-Guard-FormationMaster-YueBai,20260910,Training.Hell.3-1,7,Guard,FormationMaster,YueBai,3,10,True,stalemate,baseline,True,7,5144,734.8571428571429,5144,1714.6666666666667,0.0,0,0,53312,11906,11906,0,18,198,0,82,0,2015,1200,,D:\UE5 demo\GameXXK\Saved\Balance\20260907-final-matrix\hell-Guard-FormationMaster-YueBai\seed-20260910.json,2,1,134
hell-Guard-FormationMaster-ZhouGuangZu,20260906,Training.Hell.3-1,7,Guard,FormationMaster,ZhouGuangZu,3,10,True,victory,baseline,True,12,11176,931.3333333333334,5174,1857.6666666666667,622.5555555555555,48,48,37870,11501,11501,0,40,111,1,56,0,2649,5229,,D:\UE5 demo\GameXXK\Saved\Balance\20260907-final-matrix\hell-Guard-FormationMaster-ZhouGuangZu\seed-20260906.json,5,2,555
hell-Guard-FormationMaster-ZhouGuangZu,20260907,Training.Hell.3-1,7,Guard,FormationMaster,ZhouGuangZu,3,10,True,stalemate,baseline,True,11,5509,500.8181818181818,2506,1836.3333333333333,0.0,1758,1578,30134,11321,11501,0,32,66,5,45,0,4914,3099,,D:\UE5 demo\GameXXK\Saved\Balance\20260907-final-matrix\hell-Guard-FormationMaster-ZhouGuangZu\seed-20260907.json,8,3,796
hell-Guard-FormationMaster-ZhouGuangZu,20260908,Training.Hell.3-1,7,Guard,FormationMaster,ZhouGuangZu,3,10,True,victory,baseline,True,7,11176,1596.5714285714287,5573,2674.6666666666665,788.0,30,30,18343,11501,11501,0,25,66,0,33,0,5196,2775,,D:\UE5 demo\GameXXK\Saved\Balance\20260907-final-matrix\hell-Guard-FormationMaster-ZhouGuangZu\seed-20260908.json,3,1,181
hell-Guard-FormationMaster-ZhouGuangZu,20260909,Training.Hell.3-1,7,Guard,FormationMaster,ZhouGuangZu,3,10,True,victory,baseline,True,4,11174,2793.5,1832,2790.6666666666665,2802.0,459,102,6634,11144,11501,0,13,45,0,17,0,6911,525,,D:\UE5 demo\GameXXK\Saved\Balance\20260907-final-matrix\hell-Guard-FormationMaster-ZhouGuangZu\seed-20260909.json,3,1,264
hell-Guard-FormationMaster-ZhouGuangZu,20260910,Training.Hell.3-1,7,Guard,FormationMaster,ZhouGuangZu,3,10,True,stalemate,baseline,True,11,8335,757.7272727272727,5174,1857.6666666666667,345.25,80,80,29790,11501,11501,0,38,84,0,51,0,1745,4303,,D:\UE5 demo\GameXXK\Saved\Balance\20260907-final-matrix\hell-Guard-FormationMaster-ZhouGuangZu\seed-20260910.json,5,2,248
hell-Guard-FormationMaster-JinGui,20260906,Training.Hell.3-1,7,Guard,FormationMaster,JinGui,0,10,True,stalemate,baseline,True,7,5537,791.0,5537,1845.6666666666667,0.0,0,0,13827,11735,11735,0,18,9,1,20,0,1835,600,,D:\UE5 demo\GameXXK\Saved\Balance\20260907-final-matrix\hell-Guard-FormationMaster-JinGui\seed-20260906.json,2,1,160
hell-Guard-FormationMaster-JinGui,20260907,Training.Hell.3-1,7,Guard,FormationMaster,JinGui,0,10,True,stalemate,baseline,True,8,5460,682.5,3039,1820.0,0.0,0,0,17065,11735,11735,0,22,21,0,25,0,2166,900,,D:\UE5 demo\GameXXK\Saved\Balance\20260907-final-matrix\hell-Guard-FormationMaster-JinGui\seed-20260907.json,2,1,160
hell-Guard-FormationMaster-JinGui,20260908,Training.Hell.3-1,7,Guard,FormationMaster,JinGui,0,10,True,stalemate,baseline,True,7,5459,779.8571428571429,5459,1819.6666666666667,0.0,0,0,11920,11735,11735,0,15,9,3,17,0,3410,600,,D:\UE5 demo\GameXXK\Saved\Balance\20260907-final-matrix\hell-Guard-FormationMaster-JinGui\seed-20260908.json,2,1,160
hell-Guard-FormationMaster-JinGui,20260909,Training.Hell.3-1,7,Guard,FormationMaster,JinGui,0,10,True,stalemate,baseline,True,24,5531,230.45833333333334,1832,1843.6666666666667,0.0,2490,2490,58122,11735,11735,0,66,21,4,63,0,4031,1335,,D:\UE5 demo\GameXXK\Saved\Balance\20260907-final-matrix\hell-Guard-FormationMaster-JinGui\seed-20260909.json,11,5,883
hell-Guard-FormationMaster-JinGui,20260910,Training.Hell.3-1,7,Guard,FormationMaster,JinGui,0,10,True,stalemate,baseline,True,7,5537,791.0,5537,1845.6666666666667,0.0,0,0,16243,11735,11735,0,18,9,1,19,0,1835,900,,D:\UE5 demo\GameXXK\Saved\Balance\20260907-final-matrix\hell-Guard-FormationMaster-JinGui\seed-20260910.json,2,1,160
hell-Guard-FormationMaster-QiongMeiEr,20260906,Training.Hell.3-1,7,Guard,FormationMaster,QiongMeiEr,3,10,True,victory,baseline,True,8,11175,1396.875,5370,2657.6666666666665,640.4,0,0,22963,12194,12194,0,36,30,0,38,0,1532,600,,D:\UE5 demo\GameXXK\Saved\Balance\20260907-final-matrix\hell-Guard-FormationMaster-QiongMeiEr\seed-20260906.json,1,0,44
hell-Guard-FormationMaster-QiongMeiEr,20260907,Training.Hell.3-1,7,Guard,FormationMaster,QiongMeiEr,3,10,True,victory,baseline,True,6,11172,1862.0,5459,2539.3333333333335,1184.6666666666667,0,0,13845,12194,12194,0,24,33,1,22,0,2742,900,,D:\UE5 demo\GameXXK\Saved\Balance\20260907-final-matrix\hell-Guard-FormationMaster-QiongMeiEr\seed-20260907.json,1,0,44
hell-Guard-FormationMaster-QiongMeiEr,20260908,Training.Hell.3-1,7,Guard,FormationMaster,QiongMeiEr,3,10,True,victory,baseline,True,8,11172,1396.5,5569,2669.6666666666665,632.6,183,0,16420,12011,12194,0,30,33,3,33,0,3707,300,,D:\UE5 demo\GameXXK\Saved\Balance\20260907-final-matrix\hell-Guard-FormationMaster-QiongMeiEr\seed-20260908.json,2,0,44
hell-Guard-FormationMaster-QiongMeiEr,20260909,Training.Hell.3-1,7,Guard,FormationMaster,QiongMeiEr,3,10,True,stalemate,baseline,True,14,8346,596.1428571428571,2507,1857.6666666666667,252.0909090909091,420,420,48628,12194,12194,0,61,33,0,60,0,3875,1905,,D:\UE5 demo\GameXXK\Saved\Balance\20260907-final-matrix\hell-Guard-FormationMaster-QiongMeiEr\seed-20260909.json,5,1,302
hell-Guard-FormationMaster-QiongMeiEr,20260910,Training.Hell.3-1,7,Guard,FormationMaster,QiongMeiEr,3,10,True,victory,baseline,True,9,11140,1237.7777777777778,5370,1830.0,941.6666666666666,0,0,30040,12194,12194,0,40,30,0,37,0,3238,1200,,D:\UE5 demo\GameXXK\Saved\Balance\20260907-final-matrix\hell-Guard-FormationMaster-QiongMeiEr\seed-20260910.json,2,0,129
hell-Healer-Blade-TusiChief,20260906,Training.Hell.3-1,7,Healer,Blade,TusiChief,3,10,True,victory,baseline,True,8,11149,1393.625,3406,2010.0,1023.8,1261,481,2692,11832,12612,0,24,47,0,22,0,883,44,,D:\UE5 demo\GameXXK\Saved\Balance\20260907-final-matrix\hell-Healer-Blade-TusiChief\seed-20260906.json,8,3,4
hell-Healer-Blade-TusiChief,20260907,Training.Hell.3-1,7,Healer,Blade,TusiChief,3,10,True,victory,baseline,True,15,5574,371.6,2654,1646.6666666666667,52.833333333333336,910,910,2290,12612,12612,0,28,44,17,31,0,259,660,,D:\UE5 demo\GameXXK\Saved\Balance\20260907-final-matrix\hell-Healer-Blade-TusiChief\seed-20260907.json,6,3,3
hell-Healer-Blade-TusiChief,20260908,Training.Hell.3-1,7,Healer,Blade,TusiChief,3,10,True,victory,baseline,True,9,5574,619.3333333333334,1190,1754.0,52.0,1093,682,750,12201,12612,0,19,28,5,19,1,174,53,,D:\UE5 demo\GameXXK\Saved\Balance\20260907-final-matrix\hell-Healer-Blade-TusiChief\seed-20260908.json,5,2,3
hell-Healer-Blade-TusiChief,20260909,Training.Hell.3-1,7,Healer,Blade,TusiChief,3,10,True,victory,baseline,True,11,8357,759.7272727272727,2375,1765.0,382.75,1445,1123,1602,12290,12612,0,29,43,4,30,1,261,247,,D:\UE5 demo\GameXXK\Saved\Balance\20260907-final-matrix\hell-Healer-Blade-TusiChief\seed-20260909.json,7,3,5
hell-Healer-Blade-TusiChief,20260910,Training.Hell.3-1,7,Healer,Blade,TusiChief,3,10,True,victory,baseline,True,5,11364,2272.8,2292,2776.6666666666665,1517.0,1744,90,815,10958,12612,0,15,34,0,14,2,344,0,,D:\UE5 demo\GameXXK\Saved\Balance\20260907-final-matrix\hell-Healer-Blade-TusiChief\seed-20260910.json,7,2,268
hell-Healer-Blade-SongJinBao,20260906,Training.Hell.3-1,7,Healer,Blade,SongJinBao,3,10,True,victory,baseline,True,6,8375,1395.8333333333333,4049,1846.0,945.6666666666666,256,249,0,12428,12435,0,26,44,1,27,8,146,442,,D:\UE5 demo\GameXXK\Saved\Balance\20260907-final-matrix\hell-Healer-Blade-SongJinBao\seed-20260906.json,3,3,2
hell-Healer-Blade-SongJinBao,20260907,Training.Hell.3-1,7,Healer,Blade,SongJinBao,3,10,True,victory,baseline,True,2,5574,2787.0,2736,2787.0,,0,0,0,12435,12435,0,12,23,0,12,5,774,15,,D:\UE5 demo\GameXXK\Saved\Balance\20260907-final-matrix\hell-Healer-Blade-SongJinBao\seed-20260907.json,0,0,0
hell-Healer-Blade-SongJinBao,20260908,Training.Hell.3-1,7,Healer,Blade,SongJinBao,3,10,True,victory,baseline,True,7,8375,1196.4285714285713,2279,1787.6666666666667,753.0,504,256,0,12187,12435,0,21,39,10,32,0,230,74,,D:\UE5 demo\GameXXK\Saved\Balance\20260907-final-matrix\hell-Healer-Blade-SongJinBao\seed-20260908.json,5,4,3
hell-Healer-Blade-SongJinBao,20260909,Training.Hell.3-1,7,Healer,Blade,SongJinBao,3,10,True,victory,baseline,True,4,5574,1393.5,2772,1683.0,525.0,591,179,0,12023,12435,0,12,19,3,16,2,197,21,,D:\UE5 demo\GameXXK\Saved\Balance\20260907-final-matrix\hell-Healer-Blade-SongJinBao\seed-20260909.json,3,1,3
hell-Healer-Blade-SongJinBao,20260910,Training.Hell.3-1,7,Healer,Blade,SongJinBao,3,10,True,victory,baseline,True,4,8375,2093.75,3007,2557.0,704.0,188,185,0,12432,12435,0,20,47,0,28,5,446,375,,D:\UE5 demo\GameXXK\Saved\Balance\20260907-final-matrix\hell-Healer-Blade-SongJinBao\seed-20260910.json,2,2,2
hell-Healer-Blade-YueBai,20260906,Training.Hell.3-1,7,Healer,Blade,YueBai,3,10,True,victory,baseline,True,5,11169,2233.8,5573,2727.3333333333335,1493.5,0,0,9720,11857,11857,0,14,48,1,22,8,9133,0,,D:\UE5 demo\GameXXK\Saved\Balance\20260907-final-matrix\hell-Healer-Blade-YueBai\seed-20260906.json,2,1,49
hell-Healer-Blade-YueBai,20260907,Training.Hell.3-1,7,Healer,Blade,YueBai,3,10,True,victory,baseline,True,6,11160,1860.0,5573,2502.0,1218.0,12,0,12150,11845,11857,0,12,50,3,22,12,14263,0,,D:\UE5 demo\GameXXK\Saved\Balance\20260907-final-matrix\hell-Healer-Blade-YueBai\seed-20260907.json,3,1,119
hell-Healer-Blade-YueBai,20260908,Training.Hell.3-1,7,Healer,Blade,YueBai,3,10,True,victory,baseline,True,4,11176,2794.0,1737,1857.6666666666667,5603.0,450,0,13122,11407,11857,0,12,49,0,20,12,3211,0,,D:\UE5 demo\GameXXK\Saved\Balance\20260907-final-matrix\hell-Healer-Blade-YueBai\seed-20260908.json,3,1,202
hell-Healer-Blade-YueBai,20260909,Training.Hell.3-1,7,Healer,Blade,YueBai,3,10,True,victory,baseline,True,5,8375,1675.0,2375,1857.6666666666667,1401.0,456,31,4860,11432,11857,0,14,33,0,20,1,224,104,,D:\UE5 demo\GameXXK\Saved\Balance\20260907-final-matrix\hell-Healer-Blade-YueBai\seed-20260909.json,3,1,202
hell-Healer-Blade-YueBai,20260910,Training.Hell.3-1,7,Healer,Blade,YueBai,3,10,True,victory,baseline,True,6,11176,1862.6666666666667,6024,2791.3333333333335,934.0,3,0,17982,11854,11857,0,17,62,1,27,17,13076,105,,D:\UE5 demo\GameXXK\Saved\Balance\20260907-final-matrix\hell-Healer-Blade-YueBai\seed-20260910.json,6,2,515
hell-Healer-Blade-ZhouGuangZu,20260906,Training.Hell.3-1,7,Healer,Blade,ZhouGuangZu,3,10,True,victory,baseline,True,9,11176,1241.7777777777778,2411,1857.6666666666667,933.8333333333334,2002,1340,4410,10790,11452,0,29,77,1,37,2,146,375,,D:\UE5 demo\GameXXK\Saved\Balance\20260907-final-matrix\hell-Healer-Blade-ZhouGuangZu\seed-20260906.json,9,3,249
hell-Healer-Blade-ZhouGuangZu,20260907,Training.Hell.3-1,7,Healer,Blade,ZhouGuangZu,3,10,True,victory,baseline,True,10,8565,856.5,1190,1413.3333333333333,617.8571428571429,2160,1601,6174,10893,11452,0,25,66,7,40,0,468,443,,D:\UE5 demo\GameXXK\Saved\Balance\20260907-final-matrix\hell-Healer-Blade-ZhouGuangZu\seed-20260907.json,13,4,732
hell-Healer-Blade-ZhouGuangZu,20260908,Training.Hell.3-1,7,Healer,Blade,ZhouGuangZu,3,10,True,victory,baseline,True,6,11176,1862.6666666666667,1817,1857.6666666666667,1867.6666666666667,828,603,4851,11227,11452,0,19,47,0,24,2,218,360,,D:\UE5 demo\GameXXK\Saved\Balance\20260907-final-matrix\hell-Healer-Blade-ZhouGuangZu\seed-20260908.json,3,1,249
hell-Healer-Blade-ZhouGuangZu,20260909,Training.Hell.3-1,7,Healer,Blade,ZhouGuangZu,3,10,True,victory,baseline,True,4,5574,1393.5,2730,1804.6666666666667,160.0,711,519,2205,11260,11452,0,12,28,1,13,0,168,129,,D:\UE5 demo\GameXXK\Saved\Balance\20260907-final-matrix\hell-Healer-Blade-ZhouGuangZu\seed-20260909.json,3,1,3
hell-Healer-Blade-ZhouGuangZu,20260910,Training.Hell.3-1,7,Healer,Blade,ZhouGuangZu,3,10,True,victory,baseline,True,8,11344,1418.0,760,1370.3333333333333,1446.6,548,548,4410,11452,11452,0,32,81,0,40,0,348,1255,,D:\UE5 demo\GameXXK\Saved\Balance\20260907-final-matrix\hell-Healer-Blade-ZhouGuangZu\seed-20260910.json,7,2,425
hell-Healer-Blade-JinGui,20260906,Training.Hell.3-1,7,Healer,Blade,JinGui,0,10,True,victory,baseline,True,14,11162,797.2857142857143,1190,1734.0,541.8181818181819,1093,515,5138,11108,11686,0,34,62,6,36,2,171,25,,D:\UE5 demo\GameXXK\Saved\Balance\20260907-final-matrix\hell-Healer-Blade-JinGui\seed-20260906.json,10,4,445
hell-Healer-Blade-JinGui,20260907,Training.Hell.3-1,7,Healer,Blade,JinGui,0,10,True,victory,baseline,True,4,5574,1393.5,2460,1825.3333333333333,98.0,846,0,2802,10840,11686,0,12,28,0,12,0,101,0,,D:\UE5 demo\GameXXK\Saved\Balance\20260907-final-matrix\hell-Healer-Blade-JinGui\seed-20260907.json,4,1,586
hell-Healer-Blade-JinGui,20260908,Training.Hell.3-1,7,Healer,Blade,JinGui,0,10,True,victory,baseline,True,8,11176,1397.0,1190,1787.3333333333333,1162.8,1216,175,3268,10645,11686,0,23,52,2,25,0,461,0,,D:\UE5 demo\GameXXK\Saved\Balance\20260907-final-matrix\hell-Healer-Blade-JinGui\seed-20260908.json,5,2,77
hell-Healer-Blade-JinGui,20260909,Training.Hell.3-1,7,Healer,Blade,JinGui,0,10,True,victory,baseline,True,5,5574,1114.8,2375,1654.3333333333333,305.5,855,300,702,11131,11686,0,15,32,0,13,1,149,0,,D:\UE5 demo\GameXXK\Saved\Balance\20260907-final-matrix\hell-Healer-Blade-JinGui\seed-20260909.json,3,1,3
hell-Healer-Blade-JinGui,20260910,Training.Hell.3-1,7,Healer,Blade,JinGui,0,10,True,victory,baseline,True,6,11176,1862.6666666666667,2760,1857.6666666666667,1867.6666666666667,427,0,1168,11259,11686,0,16,41,0,17,0,900,15,,D:\UE5 demo\GameXXK\Saved\Balance\20260907-final-matrix\hell-Healer-Blade-JinGui\seed-20260910.json,1,0,0
hell-Healer-Blade-QiongMeiEr,20260906,Training.Hell.3-1,7,Healer,Blade,QiongMeiEr,3,10,True,victory,baseline,True,5,11176,2235.2,2192,1857.6666666666667,2801.5,435,251,0,11961,12145,0,21,46,0,21,2,290,299,,D:\UE5 demo\GameXXK\Saved\Balance\20260907-final-matrix\hell-Healer-Blade-QiongMeiEr\seed-20260906.json,2,0,2
hell-Healer-Blade-QiongMeiEr,20260907,Training.Hell.3-1,7,Healer,Blade,QiongMeiEr,3,10,True,victory,baseline,True,7,8375,1196.4285714285713,2109,1857.6666666666667,700.5,1115,1115,0,12145,12145,0,27,58,3,29,1,531,950,,D:\UE5 demo\GameXXK\Saved\Balance\20260907-final-matrix\hell-Healer-Blade-QiongMeiEr\seed-20260907.json,5,0,2
hell-Healer-Blade-QiongMeiEr,20260908,Training.Hell.3-1,7,Healer,Blade,QiongMeiEr,3,10,True,victory,baseline,True,8,11161,1395.125,2677,1852.6666666666667,1120.6,620,620,0,12145,12145,0,30,51,4,32,1,59,595,,D:\UE5 demo\GameXXK\Saved\Balance\20260907-final-matrix\hell-Healer-Blade-QiongMeiEr\seed-20260908.json,5,1,2
hell-Healer-Blade-QiongMeiEr,20260909,Training.Hell.3-1,7,Healer,Blade,QiongMeiEr,3,10,True,victory,baseline,True,4,8375,2093.75,3725,2774.6666666666665,51.0,6,1,0,12140,12145,0,16,25,0,19,0,374,29,,D:\UE5 demo\GameXXK\Saved\Balance\20260907-final-matrix\hell-Healer-Blade-QiongMeiEr\seed-20260909.json,0,0,0
hell-Healer-Blade-QiongMeiEr,20260910,Training.Hell.3-1,7,Healer,Blade,QiongMeiEr,3,10,True,victory,baseline,True,5,8375,1675.0,1190,1821.3333333333333,1455.5,501,338,0,11982,12145,0,21,39,2,23,0,378,142,,D:\UE5 demo\GameXXK\Saved\Balance\20260907-final-matrix\hell-Healer-Blade-QiongMeiEr\seed-20260910.json,2,0,2
hell-Healer-Guard-TusiChief,20260906,Training.Hell.3-1,7,Healer,Guard,TusiChief,3,10,True,victory,baseline,True,16,8540,533.75,1190,1245.3333333333333,369.53846153846155,758,210,33974,12117,12665,0,43,65,3,40,0,22,45,,D:\UE5 demo\GameXXK\Saved\Balance\20260907-final-matrix\hell-Healer-Guard-TusiChief\seed-20260906.json,9,5,444
hell-Healer-Guard-TusiChief,20260907,Training.Hell.3-1,7,Healer,Guard,TusiChief,3,10,True,victory,baseline,True,7,5764,823.4285714285714,2202,1371.0,412.75,569,75,17444,12171,12665,0,20,35,0,19,0,96,0,,D:\UE5 demo\GameXXK\Saved\Balance\20260907-final-matrix\hell-Healer-Guard-TusiChief\seed-20260907.json,5,2,512
hell-Healer-Guard-TusiChief,20260908,Training.Hell.3-1,7,Healer,Guard,TusiChief,3,10,True,victory,baseline,True,12,5764,480.3333333333333,757,1379.0,180.77777777777777,2115,390,25823,10940,12665,0,33,44,2,26,0,67,0,,D:\UE5 demo\GameXXK\Saved\Balance\20260907-final-matrix\hell-Healer-Guard-TusiChief\seed-20260908.json,7,5,158
hell-Healer-Guard-TusiChief,20260909,Training.Hell.3-1,7,Healer,Guard,TusiChief,3,10,True,victory,baseline,True,32,8538,266.8125,810,1362.0,153.51724137931035,4518,2734,67143,10881,12665,0,90,138,8,75,0,772,161,,D:\UE5 demo\GameXXK\Saved\Balance\20260907-final-matrix\hell-Healer-Guard-TusiChief\seed-20260909.json,14,8,8
hell-Healer-Guard-TusiChief,20260910,Training.Hell.3-1,7,Healer,Guard,TusiChief,3,10,True,victory,baseline,True,13,8745,672.6923076923077,1190,1046.3333333333333,560.6,1711,205,20809,11159,12665,0,36,64,1,34,0,99,0,,D:\UE5 demo\GameXXK\Saved\Balance\20260907-final-matrix\hell-Healer-Guard-TusiChief\seed-20260910.json,9,4,794
hell-Healer-Guard-SongJinBao,20260906,Training.Hell.3-1,7,Healer,Guard,SongJinBao,3,10,True,victory,baseline,True,5,5764,1152.8,541,1182.3333333333333,1108.5,331,106,16955,12263,12488,0,22,38,0,26,6,140,44,,D:\UE5 demo\GameXXK\Saved\Balance\20260907-final-matrix\hell-Healer-Guard-SongJinBao\seed-20260906.json,4,2,460
hell-Healer-Guard-SongJinBao,20260907,Training.Hell.3-1,7,Healer,Guard,SongJinBao,3,10,True,victory,baseline,True,5,5574,1114.8,1686,1770.6666666666667,131.0,280,62,14951,12270,12488,0,22,15,0,30,5,115,118,,D:\UE5 demo\GameXXK\Saved\Balance\20260907-final-matrix\hell-Healer-Guard-SongJinBao\seed-20260907.json,4,3,149
hell-Healer-Guard-SongJinBao,20260908,Training.Hell.3-1,7,Healer,Guard,SongJinBao,3,10,True,victory,baseline,True,11,5574,506.72727272727275,713,1688.6666666666667,63.5,882,410,30567,12016,12488,0,44,53,5,46,5,648,0,,D:\UE5 demo\GameXXK\Saved\Balance\20260907-final-matrix\hell-Healer-Guard-SongJinBao\seed-20260908.json,7,7,8
hell-Healer-Guard-SongJinBao,20260909,Training.Hell.3-1,7,Healer,Guard,SongJinBao,3,10,True,victory,baseline,True,5,8375,1675.0,1190,1857.6666666666667,1401.0,310,92,19632,12270,12488,0,26,34,1,35,11,364,133,,D:\UE5 demo\GameXXK\Saved\Balance\20260907-final-matrix\hell-Healer-Guard-SongJinBao\seed-20260909.json,2,2,3
hell-Healer-Guard-SongJinBao,20260910,Training.Hell.3-1,7,Healer,Guard,SongJinBao,3,10,True,victory,baseline,True,7,8549,1221.2857142857142,2234,1603.3333333333333,934.75,681,0,33683,11807,12488,0,37,64,1,47,14,677,0,,D:\UE5 demo\GameXXK\Saved\Balance\20260907-final-matrix\hell-Healer-Guard-SongJinBao\seed-20260910.json,4,4,5
hell-Healer-Guard-YueBai,20260906,Training.Hell.3-1,7,Healer,Guard,YueBai,3,10,True,victory,baseline,True,7,8375,1196.4285714285713,5573,2136.0,491.75,0,0,23705,11910,11910,0,20,65,0,24,8,12429,0,,D:\UE5 demo\GameXXK\Saved\Balance\20260907-final-matrix\hell-Healer-Guard-YueBai\seed-20260906.json,3,2,51
hell-Healer-Guard-YueBai,20260907,Training.Hell.3-1,7,Healer,Guard,YueBai,3,10,True,victory,baseline,True,8,8375,1046.875,5573,2136.0,393.4,0,0,30386,11910,11910,0,24,87,0,29,12,25982,0,,D:\UE5 demo\GameXXK\Saved\Balance\20260907-final-matrix\hell-Healer-Guard-YueBai\seed-20260907.json,6,4,102
hell-Healer-Guard-YueBai,20260908,Training.Hell.3-1,7,Healer,Guard,YueBai,3,10,True,victory,baseline,True,14,11348,810.5714285714286,30,987.3333333333334,762.3636363636364,2142,400,56009,10168,11910,0,41,119,1,62,24,1667,0,,D:\UE5 demo\GameXXK\Saved\Balance\20260907-final-matrix\hell-Healer-Guard-YueBai\seed-20260908.json,14,8,1659
hell-Healer-Guard-YueBai,20260909,Training.Hell.3-1,7,Healer,Guard,YueBai,3,10,True,victory,baseline,True,10,11165,1116.5,810,2116.0,688.1428571428571,1362,332,35744,10880,11910,0,28,87,0,41,16,13231,13,,D:\UE5 demo\GameXXK\Saved\Balance\20260907-final-matrix\hell-Healer-Guard-YueBai\seed-20260909.json,9,5,363
hell-Healer-Guard-YueBai,20260910,Training.Hell.3-1,7,Healer,Guard,YueBai,3,10,True,victory,baseline,True,10,11176,1117.6,5573,2348.0,590.2857142857143,9,0,40138,11901,11910,0,29,100,0,46,24,12440,0,,D:\UE5 demo\GameXXK\Saved\Balance\20260907-final-matrix\hell-Healer-Guard-YueBai\seed-20260910.json,6,3,271
hell-Healer-Guard-ZhouGuangZu,20260906,Training.Hell.3-1,7,Healer,Guard,ZhouGuangZu,3,10,True,victory,baseline,True,20,11161,558.05,0,1250.6666666666667,435.8235294117647,1587,1351,59896,11269,11505,0,66,137,5,77,0,60,1785,,D:\UE5 demo\GameXXK\Saved\Balance\20260907-final-matrix\hell-Healer-Guard-ZhouGuangZu\seed-20260906.json,16,8,1072
hell-Healer-Guard-ZhouGuangZu,20260907,Training.Hell.3-1,7,Healer,Guard,ZhouGuangZu,3,10,True,victory,baseline,True,13,8539,656.8461538461538,705,1175.0,501.4,2339,2339,41641,11505,11505,0,48,105,1,56,0,339,655,,D:\UE5 demo\GameXXK\Saved\Balance\20260907-final-matrix\hell-Healer-Guard-ZhouGuangZu\seed-20260907.json,11,6,1275
hell-Healer-Guard-ZhouGuangZu,20260908,Training.Hell.3-1,7,Healer,Guard,ZhouGuangZu,3,10,True,victory,baseline,True,21,11176,532.1904761904761,165,979.0,457.72222222222223,3300,1946,63022,10151,11505,0,72,151,1,81,0,74,1309,,D:\UE5 demo\GameXXK\Saved\Balance\20260907-final-matrix\hell-Healer-Guard-ZhouGuangZu\seed-20260908.json,19,10,964
hell-Healer-Guard-ZhouGuangZu,20260909,Training.Hell.3-1,7,Healer,Guard,ZhouGuangZu,3,10,True,victory,baseline,True,28,11339,404.9642857142857,810,1155.6666666666667,314.88,1842,1842,85738,11505,11505,0,93,173,4,115,0,162,1676,,D:\UE5 demo\GameXXK\Saved\Balance\20260907-final-matrix\hell-Healer-Guard-ZhouGuangZu\seed-20260909.json,19,11,1229
hell-Healer-Guard-ZhouGuangZu,20260910,Training.Hell.3-1,7,Healer,Guard,ZhouGuangZu,3,10,True,victory,baseline,True,9,5764,640.4444444444445,165,913.3333333333334,504.0,919,770,26492,11356,11505,0,29,62,1,34,0,75,734,,D:\UE5 demo\GameXXK\Saved\Balance\20260907-final-matrix\hell-Healer-Guard-ZhouGuangZu\seed-20260910.json,8,4,947
hell-Healer-Guard-JinGui,20260906,Training.Hell.3-1,7,Healer,Guard,JinGui,0,10,True,victory,baseline,True,6,5764,960.6666666666666,594,1166.3333333333333,755.0,1060,0,13389,10679,11739,0,20,44,0,20,0,238,0,,D:\UE5 demo\GameXXK\Saved\Balance\20260907-final-matrix\hell-Healer-Guard-JinGui\seed-20260906.json,7,4,705
hell-Healer-Guard-JinGui,20260907,Training.Hell.3-1,7,Healer,Guard,JinGui,0,10,True,victory,baseline,True,18,5764,320.22222222222223,1763,1313.0,121.66666666666667,2020,560,40657,10279,11739,0,51,77,3,44,0,57,0,,D:\UE5 demo\GameXXK\Saved\Balance\20260907-final-matrix\hell-Healer-Guard-JinGui\seed-20260907.json,14,8,1392
hell-Healer-Guard-JinGui,20260908,Training.Hell.3-1,7,Healer,Guard,JinGui,0,10,True,victory,baseline,True,9,8557,950.7777777777778,0,1380.3333333333333,736.0,2220,825,15436,10344,11739,0,30,65,0,29,0,244,0,,D:\UE5 demo\GameXXK\Saved\Balance\20260907-final-matrix\hell-Healer-Guard-JinGui\seed-20260908.json,11,6,1377
hell-Healer-Guard-JinGui,20260909,Training.Hell.3-1,7,Healer,Guard,JinGui,0,10,True,victory,baseline,True,8,5764,720.5,810,1607.6666666666667,188.2,1420,510,14056,10829,11739,0,24,44,1,20,0,215,0,,D:\UE5 demo\GameXXK\Saved\Balance\20260907-final-matrix\hell-Healer-Guard-JinGui\seed-20260909.json,7,4,705
hell-Healer-Guard-JinGui,20260910,Training.Hell.3-1,7,Healer,Guard,JinGui,0,10,True,victory,baseline,True,13,8354,642.6153846153846,1763,1215.3333333333333,470.8,2074,75,25451,9740,11739,0,39,85,2,38,0,170,0,,D:\UE5 demo\GameXXK\Saved\Balance\20260907-final-matrix\hell-Healer-Guard-JinGui\seed-20260910.json,10,6,719
hell-Healer-Guard-QiongMeiEr,20260906,Training.Hell.3-1,7,Healer,Guard,QiongMeiEr,3,10,True,victory,baseline,True,11,11365,1033.1818181818182,510,846.6666666666666,1103.125,605,393,34807,11986,12198,0,46,81,0,47,0,80,332,,D:\UE5 demo\GameXXK\Saved\Balance\20260907-final-matrix\hell-Healer-Guard-QiongMeiEr\seed-20260906.json,7,2,122
hell-Healer-Guard-QiongMeiEr,20260907,Training.Hell.3-1,7,Healer,Guard,QiongMeiEr,3,10,True,victory,baseline,True,7,8551,1221.5714285714287,1050,1276.6666666666667,1180.25,481,145,20757,11862,12198,0,30,24,1,36,0,553,45,,D:\UE5 demo\GameXXK\Saved\Balance\20260907-final-matrix\hell-Healer-Guard-QiongMeiEr\seed-20260907.json,8,3,519
hell-Healer-Guard-QiongMeiEr,20260908,Training.Hell.3-1,7,Healer,Guard,QiongMeiEr,3,10,True,victory,baseline,True,5,5764,1152.8,878,1377.0,816.5,426,0,13385,11772,12198,0,21,28,0,24,0,128,75,,D:\UE5 demo\GameXXK\Saved\Balance\20260907-final-matrix\hell-Healer-Guard-QiongMeiEr\seed-20260908.json,3,1,759
hell-Healer-Guard-QiongMeiEr,20260909,Training.Hell.3-1,7,Healer,Guard,QiongMeiEr,3,10,True,victory,baseline,True,9,8565,951.6666666666666,810,1245.6666666666667,804.6666666666666,1366,1121,25439,11953,12198,0,39,56,2,36,0,248,139,,D:\UE5 demo\GameXXK\Saved\Balance\20260907-final-matrix\hell-Healer-Guard-QiongMeiEr\seed-20260909.json,6,3,762
hell-Healer-Guard-QiongMeiEr,20260910,Training.Hell.3-1,7,Healer,Guard,QiongMeiEr,3,10,True,victory,baseline,True,10,8565,856.5,620,1155.6666666666667,728.2857142857143,986,742,29007,11954,12198,0,41,53,2,41,0,65,378,,D:\UE5 demo\GameXXK\Saved\Balance\20260907-final-matrix\hell-Healer-Guard-QiongMeiEr\seed-20260910.json,8,3,1336
hell-Healer-Healer-TusiChief,20260906,Training.Hell.3-1,7,Healer,Healer,TusiChief,3,10,True,victory,baseline,True,7,5574,796.2857142857143,1190,924.0,700.5,1245,585,1346,11742,12402,0,21,58,2,19,0,212,0,,D:\UE5 demo\GameXXK\Saved\Balance\20260907-final-matrix\hell-Healer-Healer-TusiChief\seed-20260906.json,6,2,4
hell-Healer-Healer-TusiChief,20260907,Training.Hell.3-1,7,Healer,Healer,TusiChief,3,10,True,victory,baseline,True,7,8565,1223.5714285714287,2202,1439.0,1062.0,1043,796,2198,12155,12402,0,24,49,1,25,0,283,224,,D:\UE5 demo\GameXXK\Saved\Balance\20260907-final-matrix\hell-Healer-Healer-TusiChief\seed-20260907.json,5,2,114
hell-Healer-Healer-TusiChief,20260908,Training.Hell.3-1,7,Healer,Healer,TusiChief,3,10,True,victory,baseline,True,5,5574,1114.8,1345,1232.3333333333333,938.5,459,330,2482,12273,12402,0,15,36,1,14,0,220,3,,D:\UE5 demo\GameXXK\Saved\Balance\20260907-final-matrix\hell-Healer-Healer-TusiChief\seed-20260908.json,3,1,255
hell-Healer-Healer-TusiChief,20260909,Training.Hell.3-1,7,Healer,Healer,TusiChief,3,10,True,victory,baseline,True,4,5574,1393.5,965,1672.6666666666667,556.0,588,84,1383,11898,12402,0,13,26,0,13,0,651,3,,D:\UE5 demo\GameXXK\Saved\Balance\20260907-final-matrix\hell-Healer-Healer-TusiChief\seed-20260909.json,3,1,3
hell-Healer-Healer-TusiChief,20260910,Training.Hell.3-1,7,Healer,Healer,TusiChief,3,10,True,victory,baseline,True,5,5764,1152.8,1190,1664.3333333333333,385.5,873,15,2198,11544,12402,0,15,48,2,14,0,258,9,,D:\UE5 demo\GameXXK\Saved\Balance\20260907-final-matrix\hell-Healer-Healer-TusiChief\seed-20260910.json,3,0,0
hell-Healer-Healer-SongJinBao,20260906,Training.Hell.3-1,7,Healer,Healer,SongJinBao,3,10,True,victory,baseline,True,4,5574,1393.5,2801,1787.3333333333333,212.0,257,243,0,12211,12225,0,23,59,1,21,6,377,16,,D:\UE5 demo\GameXXK\Saved\Balance\20260907-final-matrix\hell-Healer-Healer-SongJinBao\seed-20260906.json,2,2,2
hell-Healer-Healer-SongJinBao,20260907,Training.Hell.3-1,7,Healer,Healer,SongJinBao,3,10,True,victory,baseline,True,3,5574,1858.0,2036,1858.0,,465,84,0,11844,12225,0,16,41,0,19,5,331,3,,D:\UE5 demo\GameXXK\Saved\Balance\20260907-final-matrix\hell-Healer-Healer-SongJinBao\seed-20260907.json,3,1,3
hell-Healer-Healer-SongJinBao,20260908,Training.Hell.3-1,7,Healer,Healer,SongJinBao,3,10,True,victory,baseline,True,3,5574,1858.0,2506,1858.0,,9,9,0,12225,12225,0,16,43,0,15,4,340,9,,D:\UE5 demo\GameXXK\Saved\Balance\20260907-final-matrix\hell-Healer-Healer-SongJinBao\seed-20260908.json,0,0,0
hell-Healer-Healer-SongJinBao,20260909,Training.Hell.3-1,7,Healer,Healer,SongJinBao,3,10,True,victory,baseline,True,3,5574,1858.0,1345,1858.0,,298,15,0,11942,12225,0,17,47,0,17,4,252,3,,D:\UE5 demo\GameXXK\Saved\Balance\20260907-final-matrix\hell-Healer-Healer-SongJinBao\seed-20260909.json,2,1,2
hell-Healer-Healer-SongJinBao,20260910,Training.Hell.3-1,7,Healer,Healer,SongJinBao,3,10,True,victory,baseline,True,3,5574,1858.0,1885,1858.0,,191,73,0,12107,12225,0,20,59,0,19,6,316,245,,D:\UE5 demo\GameXXK\Saved\Balance\20260907-final-matrix\hell-Healer-Healer-SongJinBao\seed-20260910.json,2,2,2
hell-Healer-Healer-YueBai,20260906,Training.Hell.3-1,7,Healer,Healer,YueBai,3,10,True,victory,baseline,True,5,8375,1675.0,6076,2429.6666666666665,543.0,15,15,11664,11647,11647,0,19,84,1,24,8,12941,240,,D:\UE5 demo\GameXXK\Saved\Balance\20260907-final-matrix\hell-Healer-Healer-YueBai\seed-20260906.json,3,1,111
hell-Healer-Healer-YueBai,20260907,Training.Hell.3-1,7,Healer,Healer,YueBai,3,10,True,victory,baseline,True,5,8375,1675.0,5573,2480.3333333333335,467.0,21,18,10206,11644,11647,0,17,71,0,25,8,13176,6,,D:\UE5 demo\GameXXK\Saved\Balance\20260907-final-matrix\hell-Healer-Healer-YueBai\seed-20260907.json,3,1,111
hell-Healer-Healer-YueBai,20260908,Training.Hell.3-1,7,Healer,Healer,YueBai,3,10,True,victory,baseline,True,6,5574,929.0,1080,1109.0,749.0,771,405,17010,11281,11647,0,22,89,0,31,12,216,95,,D:\UE5 demo\GameXXK\Saved\Balance\20260907-final-matrix\hell-Healer-Healer-YueBai\seed-20260908.json,6,2,474
hell-Healer-Healer-YueBai,20260909,Training.Hell.3-1,7,Healer,Healer,YueBai,3,10,True,victory,baseline,True,5,8375,1675.0,965,2426.0,548.5,576,118,7290,11189,11647,0,15,46,0,22,4,7973,3,,D:\UE5 demo\GameXXK\Saved\Balance\20260907-final-matrix\hell-Healer-Healer-YueBai\seed-20260909.json,6,2,304
hell-Healer-Healer-YueBai,20260910,Training.Hell.3-1,7,Healer,Healer,YueBai,3,10,True,victory,baseline,True,4,11176,2794.0,5573,2653.0,3217.0,15,12,16038,11644,11647,0,15,66,0,25,16,12839,6,,D:\UE5 demo\GameXXK\Saved\Balance\20260907-final-matrix\hell-Healer-Healer-YueBai\seed-20260910.json,3,1,111
hell-Healer-Healer-ZhouGuangZu,20260906,Training.Hell.3-1,7,Healer,Healer,ZhouGuangZu,3,10,True,victory,baseline,True,6,5574,929.0,615,1192.3333333333333,665.6666666666666,443,277,2646,11076,11242,0,19,64,1,21,0,147,872,,D:\UE5 demo\GameXXK\Saved\Balance\20260907-final-matrix\hell-Healer-Healer-ZhouGuangZu\seed-20260906.json,7,2,933
hell-Healer-Healer-ZhouGuangZu,20260907,Training.Hell.3-1,7,Healer,Healer,ZhouGuangZu,3,10,True,victory,baseline,True,7,5764,823.4285714285714,930,987.3333333333334,700.5,504,504,4410,11242,11242,0,24,78,1,30,0,16,1122,,D:\UE5 demo\GameXXK\Saved\Balance\20260907-final-matrix\hell-Healer-Healer-ZhouGuangZu\seed-20260907.json,8,2,883
hell-Healer-Healer-ZhouGuangZu,20260908,Training.Hell.3-1,7,Healer,Healer,ZhouGuangZu,3,10,True,victory,baseline,True,8,8350,1043.75,615,1014.6666666666666,1061.2,1500,1314,5733,11056,11242,0,31,109,0,37,0,178,1038,,D:\UE5 demo\GameXXK\Saved\Balance\20260907-final-matrix\hell-Healer-Healer-ZhouGuangZu\seed-20260908.json,10,3,818
hell-Healer-Healer-ZhouGuangZu,20260909,Training.Hell.3-1,7,Healer,Healer,ZhouGuangZu,3,10,True,victory,baseline,True,7,5764,823.4285714285714,965,1155.6666666666667,574.25,1213,753,3087,10782,11242,0,19,52,2,23,0,176,370,,D:\UE5 demo\GameXXK\Saved\Balance\20260907-final-matrix\hell-Healer-Healer-ZhouGuangZu\seed-20260909.json,7,2,413
hell-Healer-Healer-ZhouGuangZu,20260910,Training.Hell.3-1,7,Healer,Healer,ZhouGuangZu,3,10,True,victory,baseline,True,11,8375,761.3636363636364,290,1030.6666666666667,660.375,1389,1357,9261,11210,11242,0,41,143,2,51,0,272,2498,,D:\UE5 demo\GameXXK\Saved\Balance\20260907-final-matrix\hell-Healer-Healer-ZhouGuangZu\seed-20260910.json,10,3,1123
hell-Healer-Healer-JinGui,20260906,Training.Hell.3-1,7,Healer,Healer,JinGui,0,10,True,victory,baseline,True,12,11351,945.9166666666666,1044,1846.6666666666667,645.6666666666666,1093,1093,5604,11476,11476,0,47,124,1,54,0,339,450,,D:\UE5 demo\GameXXK\Saved\Balance\20260907-final-matrix\hell-Healer-Healer-JinGui\seed-20260906.json,10,3,813
hell-Healer-Healer-JinGui,20260907,Training.Hell.3-1,7,Healer,Healer,JinGui,0,10,True,victory,baseline,True,4,5574,1393.5,1775,1447.0,1233.0,624,386,1168,11238,11476,0,16,28,0,19,0,230,593,,D:\UE5 demo\GameXXK\Saved\Balance\20260907-final-matrix\hell-Healer-Healer-JinGui\seed-20260907.json,3,1,3
hell-Healer-Healer-JinGui,20260908,Training.Hell.3-1,7,Healer,Healer,JinGui,0,10,True,victory,baseline,True,11,11162,1014.7272727272727,450,1768.0,732.25,967,910,3970,11419,11476,0,45,130,0,52,0,279,168,,D:\UE5 demo\GameXXK\Saved\Balance\20260907-final-matrix\hell-Healer-Healer-JinGui\seed-20260908.json,9,3,289
hell-Healer-Healer-JinGui,20260909,Training.Hell.3-1,7,Healer,Healer,JinGui,0,10,True,victory,baseline,True,11,11149,1013.5454545454545,965,1496.6666666666667,832.375,599,466,4436,11343,11476,0,42,114,1,48,0,495,270,,D:\UE5 demo\GameXXK\Saved\Balance\20260907-final-matrix\hell-Healer-Healer-JinGui\seed-20260909.json,9,3,288
hell-Healer-Healer-JinGui,20260910,Training.Hell.3-1,7,Healer,Healer,JinGui,0,10,True,victory,baseline,True,12,11175,931.25,2075,1678.6666666666667,682.1111111111111,829,719,4436,11366,11476,0,44,135,1,58,0,518,312,,D:\UE5 demo\GameXXK\Saved\Balance\20260907-final-matrix\hell-Healer-Healer-JinGui\seed-20260910.json,9,3,244
hell-Healer-Healer-QiongMeiEr,20260906,Training.Hell.3-1,7,Healer,Healer,QiongMeiEr,3,10,True,victory,baseline,True,4,5574,1393.5,1085,1702.3333333333333,467.0,498,168,0,11605,11935,0,21,60,0,16,0,371,81,,D:\UE5 demo\GameXXK\Saved\Balance\20260907-final-matrix\hell-Healer-Healer-QiongMeiEr\seed-20260906.json,2,0,2
hell-Healer-Healer-QiongMeiEr,20260907,Training.Hell.3-1,7,Healer,Healer,QiongMeiEr,3,10,True,victory,baseline,True,5,5764,1152.8,1315,1453.3333333333333,702.0,885,248,0,11298,11935,0,25,60,1,21,0,269,82,,D:\UE5 demo\GameXXK\Saved\Balance\20260907-final-matrix\hell-Healer-Healer-QiongMeiEr\seed-20260907.json,3,0,2
hell-Healer-Healer-QiongMeiEr,20260908,Training.Hell.3-1,7,Healer,Healer,QiongMeiEr,3,10,True,victory,baseline,True,5,5574,1114.8,1195,1464.0,591.0,621,619,0,11933,11935,0,24,69,2,21,0,139,440,,D:\UE5 demo\GameXXK\Saved\Balance\20260907-final-matrix\hell-Healer-Healer-QiongMeiEr\seed-20260908.json,2,0,2
hell-Healer-Healer-QiongMeiEr,20260909,Training.Hell.3-1,7,Healer,Healer,QiongMeiEr,3,10,True,victory,baseline,True,4,5574,1393.5,1855,1842.0,48.0,387,153,0,11701,11935,0,21,57,0,21,0,294,51,,D:\UE5 demo\GameXXK\Saved\Balance\20260907-final-matrix\hell-Healer-Healer-QiongMeiEr\seed-20260909.json,2,0,2
hell-Healer-Healer-QiongMeiEr,20260910,Training.Hell.3-1,7,Healer,Healer,QiongMeiEr,3,10,True,victory,baseline,True,4,5574,1393.5,1410,1607.6666666666667,751.0,315,268,0,11888,11935,0,19,37,0,20,0,193,4,,D:\UE5 demo\GameXXK\Saved\Balance\20260907-final-matrix\hell-Healer-Healer-QiongMeiEr\seed-20260910.json,2,0,2
hell-Healer-Hunter-TusiChief,20260906,Training.Hell.3-1,7,Healer,Hunter,TusiChief,3,10,True,victory,baseline,True,5,5574,1114.8,3033,1773.6666666666667,126.5,396,185,1241,12142,12353,0,18,37,3,22,0,409,0,,D:\UE5 demo\GameXXK\Saved\Balance\20260907-final-matrix\hell-Healer-Hunter-TusiChief\seed-20260906.json,2,1,2
hell-Healer-Hunter-TusiChief,20260907,Training.Hell.3-1,7,Healer,Hunter,TusiChief,3,10,True,victory,baseline,True,4,5574,1393.5,3275,1797.3333333333333,182.0,9,0,1488,12344,12353,0,15,36,0,16,0,427,0,,D:\UE5 demo\GameXXK\Saved\Balance\20260907-final-matrix\hell-Healer-Hunter-TusiChief\seed-20260907.json,0,0,0
hell-Healer-Hunter-TusiChief,20260908,Training.Hell.3-1,7,Healer,Hunter,TusiChief,3,10,True,victory,baseline,True,6,5574,929.0,1064,1787.6666666666667,70.33333333333333,959,615,1772,12009,12353,0,22,56,3,23,0,452,435,,D:\UE5 demo\GameXXK\Saved\Balance\20260907-final-matrix\hell-Healer-Hunter-TusiChief\seed-20260908.json,6,2,409
hell-Healer-Hunter-TusiChief,20260909,Training.Hell.3-1,7,Healer,Hunter,TusiChief,3,10,True,victory,baseline,True,4,5574,1393.5,2772,1816.6666666666667,124.0,3,0,957,12350,12353,0,15,39,1,14,0,365,0,,D:\UE5 demo\GameXXK\Saved\Balance\20260907-final-matrix\hell-Healer-Hunter-TusiChief\seed-20260909.json,0,0,0
hell-Healer-Hunter-TusiChief,20260910,Training.Hell.3-1,7,Healer,Hunter,TusiChief,3,10,True,victory,baseline,True,6,11162,1860.3333333333333,2189,1783.0,1937.6666666666667,1080,390,1914,11663,12353,0,23,56,2,26,0,338,0,,D:\UE5 demo\GameXXK\Saved\Balance\20260907-final-matrix\hell-Healer-Hunter-TusiChief\seed-20260910.json,5,2,82
hell-Healer-Hunter-SongJinBao,20260906,Training.Hell.3-1,7,Healer,Hunter,SongJinBao,3,10,True,victory,baseline,True,4,8375,2093.75,5362,1857.6666666666667,2802.0,9,0,0,12167,12176,0,18,46,3,29,9,1219,0,,D:\UE5 demo\GameXXK\Saved\Balance\20260907-final-matrix\hell-Healer-Hunter-SongJinBao\seed-20260906.json,0,0,0
hell-Healer-Hunter-SongJinBao,20260907,Training.Hell.3-1,7,Healer,Hunter,SongJinBao,3,10,True,victory,baseline,True,4,5574,1393.5,2656,1811.6666666666667,139.0,267,264,0,12173,12176,0,17,47,1,21,0,245,216,,D:\UE5 demo\GameXXK\Saved\Balance\20260907-final-matrix\hell-Healer-Hunter-SongJinBao\seed-20260907.json,2,1,2
hell-Healer-Hunter-SongJinBao,20260908,Training.Hell.3-1,7,Healer,Hunter,SongJinBao,3,10,True,victory,baseline,True,2,5574,2787.0,3363,2787.0,,3,0,0,12173,12176,0,10,21,0,14,4,843,0,,D:\UE5 demo\GameXXK\Saved\Balance\20260907-final-matrix\hell-Healer-Hunter-SongJinBao\seed-20260908.json,0,0,0
hell-Healer-Hunter-SongJinBao,20260909,Training.Hell.3-1,7,Healer,Hunter,SongJinBao,3,10,True,victory,baseline,True,4,5574,1393.5,2772,1845.6666666666667,37.0,6,0,0,12170,12176,0,13,36,4,18,1,497,0,,D:\UE5 demo\GameXXK\Saved\Balance\20260907-final-matrix\hell-Healer-Hunter-SongJinBao\seed-20260909.json,0,0,0
hell-Healer-Hunter-SongJinBao,20260910,Training.Hell.3-1,7,Healer,Hunter,SongJinBao,3,10,True,victory,baseline,True,4,5574,1393.5,5041,1832.0,78.0,9,9,0,12176,12176,0,15,34,2,22,5,403,381,,D:\UE5 demo\GameXXK\Saved\Balance\20260907-final-matrix\hell-Healer-Hunter-SongJinBao\seed-20260910.json,0,0,0
hell-Healer-Hunter-YueBai,20260906,Training.Hell.3-1,7,Healer,Hunter,YueBai,3,10,True,victory,baseline,True,2,11165,5582.5,7599,5582.5,,3,0,8748,11595,11598,0,9,54,0,18,8,16190,0,,D:\UE5 demo\GameXXK\Saved\Balance\20260907-final-matrix\hell-Healer-Hunter-YueBai\seed-20260906.json,0,0,0
hell-Healer-Hunter-YueBai,20260907,Training.Hell.3-1,7,Healer,Hunter,YueBai,3,10,True,victory,baseline,True,2,11176,5588.0,5573,5588.0,,0,0,7776,11598,11598,0,8,61,0,17,8,6355,0,,D:\UE5 demo\GameXXK\Saved\Balance\20260907-final-matrix\hell-Healer-Hunter-YueBai\seed-20260907.json,0,0,0
hell-Healer-Hunter-YueBai,20260908,Training.Hell.3-1,7,Healer,Hunter,YueBai,3,10,True,victory,baseline,True,3,5574,1858.0,1939,1858.0,,270,0,12636,11328,11598,0,13,70,0,24,12,398,0,,D:\UE5 demo\GameXXK\Saved\Balance\20260907-final-matrix\hell-Healer-Hunter-YueBai\seed-20260908.json,3,1,170
hell-Healer-Hunter-YueBai,20260909,Training.Hell.3-1,7,Healer,Hunter,YueBai,3,10,True,victory,baseline,True,2,5574,2787.0,2952,2787.0,,0,0,8748,11598,11598,0,10,57,0,18,8,369,0,,D:\UE5 demo\GameXXK\Saved\Balance\20260907-final-matrix\hell-Healer-Hunter-YueBai\seed-20260909.json,0,0,0
hell-Healer-Hunter-YueBai,20260910,Training.Hell.3-1,7,Healer,Hunter,YueBai,3,10,True,victory,baseline,True,2,11170,5585.0,6649,5585.0,,9,0,8262,11589,11598,0,9,50,0,21,8,16414,0,,D:\UE5 demo\GameXXK\Saved\Balance\20260907-final-matrix\hell-Healer-Hunter-YueBai\seed-20260910.json,0,0,0
hell-Healer-Hunter-ZhouGuangZu,20260906,Training.Hell.3-1,7,Healer,Hunter,ZhouGuangZu,3,10,True,victory,baseline,True,4,5574,1393.5,1677,1835.0,69.0,198,138,3528,11133,11193,0,16,58,1,25,0,504,1374,,D:\UE5 demo\GameXXK\Saved\Balance\20260907-final-matrix\hell-Healer-Hunter-ZhouGuangZu\seed-20260906.json,2,1,137
hell-Healer-Hunter-ZhouGuangZu,20260907,Training.Hell.3-1,7,Healer,Hunter,ZhouGuangZu,3,10,True,victory,baseline,True,6,8375,1395.8333333333333,2772,1857.6666666666667,934.0,63,63,4851,11193,11193,0,28,95,3,46,0,541,2742,,D:\UE5 demo\GameXXK\Saved\Balance\20260907-final-matrix\hell-Healer-Hunter-ZhouGuangZu\seed-20260907.json,2,1,96
hell-Healer-Hunter-ZhouGuangZu,20260908,Training.Hell.3-1,7,Healer,Hunter,ZhouGuangZu,3,10,True,victory,baseline,True,3,5574,1858.0,2224,1858.0,,15,15,4410,11193,11193,0,16,56,0,21,0,194,423,,D:\UE5 demo\GameXXK\Saved\Balance\20260907-final-matrix\hell-Healer-Hunter-ZhouGuangZu\seed-20260908.json,0,0,0
hell-Healer-Hunter-ZhouGuangZu,20260909,Training.Hell.3-1,7,Healer,Hunter,ZhouGuangZu,3,10,True,victory,baseline,True,3,5574,1858.0,2772,1858.0,,15,15,1764,11193,11193,0,15,50,0,18,0,349,633,,D:\UE5 demo\GameXXK\Saved\Balance\20260907-final-matrix\hell-Healer-Hunter-ZhouGuangZu\seed-20260909.json,0,0,0
hell-Healer-Hunter-ZhouGuangZu,20260910,Training.Hell.3-1,7,Healer,Hunter,ZhouGuangZu,3,10,True,victory,baseline,True,4,8375,2093.75,1315,1857.6666666666667,2802.0,276,217,7497,11134,11193,0,23,78,0,38,0,3899,842,,D:\UE5 demo\GameXXK\Saved\Balance\20260907-final-matrix\hell-Healer-Hunter-ZhouGuangZu\seed-20260910.json,2,1,137
hell-Healer-Hunter-JinGui,20260906,Training.Hell.3-1,7,Healer,Hunter,JinGui,0,10,True,victory,baseline,True,3,5574,1858.0,5508,1858.0,,0,0,932,11427,11427,0,13,36,0,18,0,613,300,,D:\UE5 demo\GameXXK\Saved\Balance\20260907-final-matrix\hell-Healer-Hunter-JinGui\seed-20260906.json,0,0,0
hell-Healer-Hunter-JinGui,20260907,Training.Hell.3-1,7,Healer,Hunter,JinGui,0,10,True,victory,baseline,True,5,5574,1114.8,4782,1734.0,186.0,6,3,932,11424,11427,0,19,56,2,24,0,233,372,,D:\UE5 demo\GameXXK\Saved\Balance\20260907-final-matrix\hell-Healer-Hunter-JinGui\seed-20260907.json,0,0,0
hell-Healer-Hunter-JinGui,20260908,Training.Hell.3-1,7,Healer,Hunter,JinGui,0,10,True,victory,baseline,True,3,5574,1858.0,4727,1858.0,,233,75,1168,11269,11427,0,10,30,1,16,0,312,0,,D:\UE5 demo\GameXXK\Saved\Balance\20260907-final-matrix\hell-Healer-Hunter-JinGui\seed-20260908.json,2,1,3
hell-Healer-Hunter-JinGui,20260909,Training.Hell.3-1,7,Healer,Hunter,JinGui,0,10,True,victory,baseline,True,6,8375,1395.8333333333333,3527,1787.0,1004.6666666666666,82,0,2100,11345,11427,0,19,52,4,25,0,383,0,,D:\UE5 demo\GameXXK\Saved\Balance\20260907-final-matrix\hell-Healer-Hunter-JinGui\seed-20260909.json,2,1,2
hell-Healer-Hunter-JinGui,20260910,Training.Hell.3-1,7,Healer,Hunter,JinGui,0,10,True,victory,baseline,True,9,11176,1241.7777777777778,2404,1636.6666666666667,1044.3333333333333,424,414,4200,11417,11427,0,30,79,6,39,0,3642,366,,D:\UE5 demo\GameXXK\Saved\Balance\20260907-final-matrix\hell-Healer-Hunter-JinGui\seed-20260910.json,4,2,76
hell-Healer-Hunter-QiongMeiEr,20260906,Training.Hell.3-1,7,Healer,Hunter,QiongMeiEr,3,10,True,victory,baseline,True,5,11153,2230.6,1829,2783.6666666666665,1401.0,500,323,0,11709,11886,0,21,54,0,31,0,571,217,,D:\UE5 demo\GameXXK\Saved\Balance\20260907-final-matrix\hell-Healer-Hunter-QiongMeiEr\seed-20260906.json,4,2,2
hell-Healer-Hunter-QiongMeiEr,20260907,Training.Hell.3-1,7,Healer,Hunter,QiongMeiEr,3,10,True,victory,baseline,True,7,8375,1196.4285714285713,3376,1857.6666666666667,700.5,320,320,0,11886,11886,0,30,76,3,35,0,315,835,,D:\UE5 demo\GameXXK\Saved\Balance\20260907-final-matrix\hell-Healer-Hunter-QiongMeiEr\seed-20260907.json,4,2,2
hell-Healer-Hunter-QiongMeiEr,20260908,Training.Hell.3-1,7,Healer,Hunter,QiongMeiEr,3,10,True,victory,baseline,True,3,5574,1858.0,2749,1858.0,,205,75,0,11756,11886,0,12,31,0,16,0,325,0,,D:\UE5 demo\GameXXK\Saved\Balance\20260907-final-matrix\hell-Healer-Hunter-QiongMeiEr\seed-20260908.json,2,1,2
hell-Healer-Hunter-QiongMeiEr,20260909,Training.Hell.3-1,7,Healer,Hunter,QiongMeiEr,3,10,True,victory,baseline,True,5,5574,1114.8,2772,1656.0,303.0,6,6,0,11886,11886,0,20,45,3,22,0,353,429,,D:\UE5 demo\GameXXK\Saved\Balance\20260907-final-matrix\hell-Healer-Hunter-QiongMeiEr\seed-20260909.json,0,0,0
hell-Healer-Hunter-QiongMeiEr,20260910,Training.Hell.3-1,7,Healer,Hunter,QiongMeiEr,3,10,True,victory,baseline,True,7,11176,1596.5714285714287,1305,1766.6666666666667,1469.0,263,260,0,11883,11886,0,27,67,1,33,0,263,875,,D:\UE5 demo\GameXXK\Saved\Balance\20260907-final-matrix\hell-Healer-Hunter-QiongMeiEr\seed-20260910.json,4,2,2
hell-Healer-Sorcerer-TusiChief,20260906,Training.Hell.3-1,7,Healer,Sorcerer,TusiChief,3,10,True,victory,baseline,True,4,5574,1393.5,1190,1834.0,72.0,656,145,673,12148,12659,0,12,22,3,14,0,146,0,,D:\UE5 demo\GameXXK\Saved\Balance\20260907-final-matrix\hell-Healer-Sorcerer-TusiChief\seed-20260906.json,3,1,4
hell-Healer-Sorcerer-TusiChief,20260907,Training.Hell.3-1,7,Healer,Sorcerer,TusiChief,3,10,True,victory,baseline,True,6,11163,1860.5,4390,2518.0,1203.0,9,0,2797,12650,12659,0,18,36,5,23,6,652,0,,D:\UE5 demo\GameXXK\Saved\Balance\20260907-final-matrix\hell-Healer-Sorcerer-TusiChief\seed-20260907.json,0,0,0
hell-Healer-Sorcerer-TusiChief,20260908,Training.Hell.3-1,7,Healer,Sorcerer,TusiChief,3,10,True,victory,baseline,True,5,5574,1114.8,4486,1835.3333333333333,34.0,510,290,815,12439,12659,0,13,28,4,14,0,904,85,,D:\UE5 demo\GameXXK\Saved\Balance\20260907-final-matrix\hell-Healer-Sorcerer-TusiChief\seed-20260908.json,3,1,270
hell-Healer-Sorcerer-TusiChief,20260909,Training.Hell.3-1,7,Healer,Sorcerer,TusiChief,3,10,True,victory,baseline,True,2,5574,2787.0,3471,2787.0,,0,0,673,12659,12659,0,10,21,0,12,0,501,0,,D:\UE5 demo\GameXXK\Saved\Balance\20260907-final-matrix\hell-Healer-Sorcerer-TusiChief\seed-20260909.json,0,0,0
hell-Healer-Sorcerer-TusiChief,20260910,Training.Hell.3-1,7,Healer,Sorcerer,TusiChief,3,10,True,victory,baseline,True,7,11152,1593.142857142857,1315,1857.0,1395.25,6,0,3125,12653,12659,0,21,47,7,28,6,398,0,,D:\UE5 demo\GameXXK\Saved\Balance\20260907-final-matrix\hell-Healer-Sorcerer-TusiChief\seed-20260910.json,0,0,0
hell-Healer-Sorcerer-SongJinBao,20260906,Training.Hell.3-1,7,Healer,Sorcerer,SongJinBao,3,10,True,victory,baseline,True,4,8375,2093.75,4662,2770.3333333333335,64.0,8,0,630,12474,12482,0,14,30,3,22,12,275,0,,D:\UE5 demo\GameXXK\Saved\Balance\20260907-final-matrix\hell-Healer-Sorcerer-SongJinBao\seed-20260906.json,1,1,0
hell-Healer-Sorcerer-SongJinBao,20260907,Training.Hell.3-1,7,Healer,Sorcerer,SongJinBao,3,10,True,victory,baseline,True,3,5574,1858.0,5451,1858.0,,18,0,0,12464,12482,0,11,21,3,25,4,393,0,,D:\UE5 demo\GameXXK\Saved\Balance\20260907-final-matrix\hell-Healer-Sorcerer-SongJinBao\seed-20260907.json,0,0,0
hell-Healer-Sorcerer-SongJinBao,20260908,Training.Hell.3-1,7,Healer,Sorcerer,SongJinBao,3,10,True,victory,baseline,True,2,5574,2787.0,4012,2787.0,,0,0,0,12482,12482,0,9,26,0,13,0,301,0,,D:\UE5 demo\GameXXK\Saved\Balance\20260907-final-matrix\hell-Healer-Sorcerer-SongJinBao\seed-20260908.json,0,0,0
hell-Healer-Sorcerer-SongJinBao,20260909,Training.Hell.3-1,7,Healer,Sorcerer,SongJinBao,3,10,True,victory,baseline,True,2,5574,2787.0,3887,2787.0,,0,0,660,12482,12482,0,9,24,0,12,7,245,0,,D:\UE5 demo\GameXXK\Saved\Balance\20260907-final-matrix\hell-Healer-Sorcerer-SongJinBao\seed-20260909.json,0,0,0
hell-Healer-Sorcerer-SongJinBao,20260910,Training.Hell.3-1,7,Healer,Sorcerer,SongJinBao,3,10,True,victory,baseline,True,5,5574,1114.8,4215,1841.6666666666667,24.5,9,9,180,12482,12482,0,17,47,4,23,5,573,426,,D:\UE5 demo\GameXXK\Saved\Balance\20260907-final-matrix\hell-Healer-Sorcerer-SongJinBao\seed-20260910.json,0,0,0
hell-Healer-Sorcerer-YueBai,20260906,Training.Hell.3-1,7,Healer,Sorcerer,YueBai,3,10,True,victory,baseline,True,2,5574,2787.0,4587,2787.0,,0,0,4860,11904,11904,0,8,37,0,18,0,218,0,,D:\UE5 demo\GameXXK\Saved\Balance\20260907-final-matrix\hell-Healer-Sorcerer-YueBai\seed-20260906.json,0,0,0
hell-Healer-Sorcerer-YueBai,20260907,Training.Hell.3-1,7,Healer,Sorcerer,YueBai,3,10,True,victory,baseline,True,4,5574,1393.5,4325,1824.6666666666667,100.0,3,3,6318,11904,11904,0,15,51,1,21,0,205,387,,D:\UE5 demo\GameXXK\Saved\Balance\20260907-final-matrix\hell-Healer-Sorcerer-YueBai\seed-20260907.json,0,0,0
hell-Healer-Sorcerer-YueBai,20260908,Training.Hell.3-1,7,Healer,Sorcerer,YueBai,3,10,True,victory,baseline,True,2,5574,2787.0,4527,2787.0,,90,0,7776,11814,11904,0,9,47,0,18,8,388,0,,D:\UE5 demo\GameXXK\Saved\Balance\20260907-final-matrix\hell-Healer-Sorcerer-YueBai\seed-20260908.json,3,1,208
hell-Healer-Sorcerer-YueBai,20260909,Training.Hell.3-1,7,Healer,Sorcerer,YueBai,3,10,True,victory,baseline,True,3,5574,1858.0,3444,1858.0,,273,0,4860,11631,11904,0,12,45,0,20,0,258,0,,D:\UE5 demo\GameXXK\Saved\Balance\20260907-final-matrix\hell-Healer-Sorcerer-YueBai\seed-20260909.json,3,1,208
hell-Healer-Sorcerer-YueBai,20260910,Training.Hell.3-1,7,Healer,Sorcerer,YueBai,3,10,True,victory,baseline,True,3,8375,2791.6666666666665,7089,2791.6666666666665,,0,0,6318,11904,11904,0,8,40,2,16,4,12631,0,,D:\UE5 demo\GameXXK\Saved\Balance\20260907-final-matrix\hell-Healer-Sorcerer-YueBai\seed-20260910.json,3,1,126
hell-Healer-Sorcerer-ZhouGuangZu,20260906,Training.Hell.3-1,7,Healer,Sorcerer,ZhouGuangZu,3,10,True,victory,baseline,True,2,5574,2787.0,5345,2787.0,,9,9,3336,11499,11499,0,10,35,0,16,7,164,312,,D:\UE5 demo\GameXXK\Saved\Balance\20260907-final-matrix\hell-Healer-Sorcerer-ZhouGuangZu\seed-20260906.json,0,0,0
hell-Healer-Sorcerer-ZhouGuangZu,20260907,Training.Hell.3-1,7,Healer,Sorcerer,ZhouGuangZu,3,10,True,victory,baseline,True,2,5574,2787.0,4052,2787.0,,12,12,2205,11499,11499,0,10,27,0,17,0,278,309,,D:\UE5 demo\GameXXK\Saved\Balance\20260907-final-matrix\hell-Healer-Sorcerer-ZhouGuangZu\seed-20260907.json,0,0,0
hell-Healer-Sorcerer-ZhouGuangZu,20260908,Training.Hell.3-1,7,Healer,Sorcerer,ZhouGuangZu,3,10,True,victory,baseline,True,3,5574,1858.0,3609,1858.0,,300,123,3969,11322,11499,0,13,49,0,27,0,207,1149,,D:\UE5 demo\GameXXK\Saved\Balance\20260907-final-matrix\hell-Healer-Sorcerer-ZhouGuangZu\seed-20260908.json,3,1,255
hell-Healer-Sorcerer-ZhouGuangZu,20260909,Training.Hell.3-1,7,Healer,Sorcerer,ZhouGuangZu,3,10,True,victory,baseline,True,4,8352,2088.0,3444,2645.3333333333335,416.0,363,360,5070,11496,11499,0,23,71,0,36,7,209,1368,,D:\UE5 demo\GameXXK\Saved\Balance\20260907-final-matrix\hell-Healer-Sorcerer-ZhouGuangZu\seed-20260909.json,6,2,428
hell-Healer-Sorcerer-ZhouGuangZu,20260910,Training.Hell.3-1,7,Healer,Sorcerer,ZhouGuangZu,3,10,True,victory,baseline,True,2,5574,2787.0,4215,2787.0,,6,6,3588,11499,11499,0,10,38,0,16,0,459,315,,D:\UE5 demo\GameXXK\Saved\Balance\20260907-final-matrix\hell-Healer-Sorcerer-ZhouGuangZu\seed-20260910.json,0,0,0
hell-Healer-Sorcerer-JinGui,20260906,Training.Hell.3-1,7,Healer,Sorcerer,JinGui,0,10,True,victory,baseline,True,5,8352,1670.4,5275,1850.0,1401.0,6,3,1592,11730,11733,0,17,42,3,23,7,197,372,,D:\UE5 demo\GameXXK\Saved\Balance\20260907-final-matrix\hell-Healer-Sorcerer-JinGui\seed-20260906.json,3,1,152
hell-Healer-Sorcerer-JinGui,20260907,Training.Hell.3-1,7,Healer,Sorcerer,JinGui,0,10,True,victory,baseline,True,2,5574,2787.0,5246,2787.0,,0,0,0,11733,11733,0,9,26,0,11,0,209,0,,D:\UE5 demo\GameXXK\Saved\Balance\20260907-final-matrix\hell-Healer-Sorcerer-JinGui\seed-20260907.json,0,0,0
hell-Healer-Sorcerer-JinGui,20260908,Training.Hell.3-1,7,Healer,Sorcerer,JinGui,0,10,True,victory,baseline,True,4,5574,1393.5,4784,1848.0,30.0,0,0,932,11733,11733,0,12,29,4,15,0,274,0,,D:\UE5 demo\GameXXK\Saved\Balance\20260907-final-matrix\hell-Healer-Sorcerer-JinGui\seed-20260908.json,0,0,0
hell-Healer-Sorcerer-JinGui,20260909,Training.Hell.3-1,7,Healer,Sorcerer,JinGui,0,10,True,victory,baseline,True,4,8368,2092.0,3887,1855.3333333333333,2802.0,0,0,1126,11733,11733,0,14,41,3,18,7,218,0,,D:\UE5 demo\GameXXK\Saved\Balance\20260907-final-matrix\hell-Healer-Sorcerer-JinGui\seed-20260909.json,0,0,0
hell-Healer-Sorcerer-JinGui,20260910,Training.Hell.3-1,7,Healer,Sorcerer,JinGui,0,10,True,victory,baseline,True,3,5574,1858.0,5523,1858.0,,0,0,1398,11733,11733,0,10,24,2,16,0,454,0,,D:\UE5 demo\GameXXK\Saved\Balance\20260907-final-matrix\hell-Healer-Sorcerer-JinGui\seed-20260910.json,0,0,0
hell-Healer-Sorcerer-QiongMeiEr,20260906,Training.Hell.3-1,7,Healer,Sorcerer,QiongMeiEr,3,10,True,victory,baseline,True,2,5574,2787.0,4500,2787.0,,3,0,0,12189,12192,0,8,20,0,13,0,138,0,,D:\UE5 demo\GameXXK\Saved\Balance\20260907-final-matrix\hell-Healer-Sorcerer-QiongMeiEr\seed-20260906.json,0,0,0
hell-Healer-Sorcerer-QiongMeiEr,20260907,Training.Hell.3-1,7,Healer,Sorcerer,QiongMeiEr,3,10,True,victory,baseline,True,5,8375,1675.0,4500,2726.0,98.5,130,80,570,12142,12192,0,15,28,6,22,6,157,175,,D:\UE5 demo\GameXXK\Saved\Balance\20260907-final-matrix\hell-Healer-Sorcerer-QiongMeiEr\seed-20260907.json,2,0,0
hell-Healer-Sorcerer-QiongMeiEr,20260908,Training.Hell.3-1,7,Healer,Sorcerer,QiongMeiEr,3,10,True,victory,baseline,True,4,5574,1393.5,5176,1847.0,33.0,3,0,0,12189,12192,0,10,28,3,15,0,310,0,,D:\UE5 demo\GameXXK\Saved\Balance\20260907-final-matrix\hell-Healer-Sorcerer-QiongMeiEr\seed-20260908.json,0,0,0
hell-Healer-Sorcerer-QiongMeiEr,20260909,Training.Hell.3-1,7,Healer,Sorcerer,QiongMeiEr,3,10,True,victory,baseline,True,3,5574,1858.0,3887,1858.0,,3,0,0,12189,12192,0,10,26,2,15,0,228,0,,D:\UE5 demo\GameXXK\Saved\Balance\20260907-final-matrix\hell-Healer-Sorcerer-QiongMeiEr\seed-20260909.json,0,0,0
hell-Healer-Sorcerer-QiongMeiEr,20260910,Training.Hell.3-1,7,Healer,Sorcerer,QiongMeiEr,3,10,True,victory,baseline,True,3,5574,1858.0,2311,1858.0,,284,284,60,12192,12192,0,15,36,0,20,0,968,286,,D:\UE5 demo\GameXXK\Saved\Balance\20260907-final-matrix\hell-Healer-Sorcerer-QiongMeiEr\seed-20260910.json,2,0,42
hell-Healer-FormationMaster-TusiChief,20260906,Training.Hell.3-1,7,Healer,FormationMaster,TusiChief,3,10,True,victory,baseline,True,5,5764,1152.8,1190,1562.0,539.0,30,30,7050,12661,12661,0,14,27,0,15,0,90,345,,D:\UE5 demo\GameXXK\Saved\Balance\20260907-final-matrix\hell-Healer-FormationMaster-TusiChief\seed-20260906.json,1,0,127
hell-Healer-FormationMaster-TusiChief,20260907,Training.Hell.3-1,7,Healer,FormationMaster,TusiChief,3,10,True,victory,baseline,True,6,5574,929.0,3601,1779.3333333333333,78.66666666666667,549,384,7206,12496,12661,0,16,18,0,21,0,258,516,,D:\UE5 demo\GameXXK\Saved\Balance\20260907-final-matrix\hell-Healer-FormationMaster-TusiChief\seed-20260907.json,4,2,348
hell-Healer-FormationMaster-TusiChief,20260908,Training.Hell.3-1,7,Healer,FormationMaster,TusiChief,3,10,True,victory,baseline,True,6,5574,929.0,896,1821.3333333333333,36.666666666666664,633,461,6734,12489,12661,0,15,24,1,22,0,1381,29,,D:\UE5 demo\GameXXK\Saved\Balance\20260907-final-matrix\hell-Healer-FormationMaster-TusiChief\seed-20260908.json,5,1,643
hell-Healer-FormationMaster-TusiChief,20260909,Training.Hell.3-1,7,Healer,FormationMaster,TusiChief,3,10,True,victory,baseline,True,6,5574,929.0,1764,1801.6666666666667,56.333333333333336,810,630,9231,12481,12661,0,16,27,0,17,0,798,270,,D:\UE5 demo\GameXXK\Saved\Balance\20260907-final-matrix\hell-Healer-FormationMaster-TusiChief\seed-20260909.json,5,1,643
hell-Healer-FormationMaster-TusiChief,20260910,Training.Hell.3-1,7,Healer,FormationMaster,TusiChief,3,10,True,victory,baseline,True,6,5574,929.0,1190,1801.6666666666667,56.333333333333336,0,0,5997,12661,12661,0,15,27,1,18,0,166,300,,D:\UE5 demo\GameXXK\Saved\Balance\20260907-final-matrix\hell-Healer-FormationMaster-TusiChief\seed-20260910.json,2,1,225
hell-Healer-FormationMaster-SongJinBao,20260906,Training.Hell.3-1,7,Healer,FormationMaster,SongJinBao,3,10,True,victory,baseline,True,4,5574,1393.5,2768,1805.0,159.0,96,93,6372,12481,12484,0,22,24,0,30,6,638,1212,,D:\UE5 demo\GameXXK\Saved\Balance\20260907-final-matrix\hell-Healer-FormationMaster-SongJinBao\seed-20260906.json,1,1,2
hell-Healer-FormationMaster-SongJinBao,20260907,Training.Hell.3-1,7,Healer,FormationMaster,SongJinBao,3,10,True,victory,baseline,True,3,5574,1858.0,1824,1858.0,,270,270,3186,12484,12484,0,13,24,0,18,0,532,330,,D:\UE5 demo\GameXXK\Saved\Balance\20260907-final-matrix\hell-Healer-FormationMaster-SongJinBao\seed-20260907.json,3,1,273
hell-Healer-FormationMaster-SongJinBao,20260908,Training.Hell.3-1,7,Healer,FormationMaster,SongJinBao,3,10,True,victory,baseline,True,3,5574,1858.0,3190,1858.0,,0,0,4518,12484,12484,0,12,27,0,18,4,197,375,,D:\UE5 demo\GameXXK\Saved\Balance\20260907-final-matrix\hell-Healer-FormationMaster-SongJinBao\seed-20260908.json,0,0,0
hell-Healer-FormationMaster-SongJinBao,20260909,Training.Hell.3-1,7,Healer,FormationMaster,SongJinBao,3,10,True,victory,baseline,True,5,11174,2234.8,1969,1857.0,2801.5,630,450,6579,12304,12484,0,26,48,0,31,9,843,450,,D:\UE5 demo\GameXXK\Saved\Balance\20260907-final-matrix\hell-Healer-FormationMaster-SongJinBao\seed-20260909.json,3,1,273
hell-Healer-FormationMaster-SongJinBao,20260910,Training.Hell.3-1,7,Healer,FormationMaster,SongJinBao,3,10,True,victory,baseline,True,4,5574,1393.5,1207,1844.6666666666667,40.0,300,300,4779,12484,12484,0,21,39,0,24,5,723,990,,D:\UE5 demo\GameXXK\Saved\Balance\20260907-final-matrix\hell-Healer-FormationMaster-SongJinBao\seed-20260910.json,2,2,4
hell-Healer-FormationMaster-YueBai,20260906,Training.Hell.3-1,7,Healer,FormationMaster,YueBai,3,10,True,victory,baseline,True,5,8375,1675.0,6346,2512.0,419.5,0,0,15327,11906,11906,0,13,48,0,22,8,18877,900,,D:\UE5 demo\GameXXK\Saved\Balance\20260907-final-matrix\hell-Healer-FormationMaster-YueBai\seed-20260906.json,3,1,134
hell-Healer-FormationMaster-YueBai,20260907,Training.Hell.3-1,7,Healer,FormationMaster,YueBai,3,10,True,victory,baseline,True,3,8375,2791.6666666666665,5573,2791.6666666666665,,0,0,7389,11906,11906,0,9,36,0,17,8,18208,0,,D:\UE5 demo\GameXXK\Saved\Balance\20260907-final-matrix\hell-Healer-FormationMaster-YueBai\seed-20260907.json,3,1,134
hell-Healer-FormationMaster-YueBai,20260908,Training.Hell.3-1,7,Healer,FormationMaster,YueBai,3,10,True,victory,baseline,True,7,5764,823.4285714285714,125,980.6666666666666,705.5,1331,1061,11880,11636,11906,0,20,69,0,32,8,197,514,,D:\UE5 demo\GameXXK\Saved\Balance\20260907-final-matrix\hell-Healer-FormationMaster-YueBai\seed-20260908.json,10,3,1140
hell-Healer-FormationMaster-YueBai,20260909,Training.Hell.3-1,7,Healer,FormationMaster,YueBai,3,10,True,victory,baseline,True,4,11161,2790.25,1764,2571.0,3448.0,453,330,11943,11783,11906,0,12,39,0,23,8,21811,455,,D:\UE5 demo\GameXXK\Saved\Balance\20260907-final-matrix\hell-Healer-FormationMaster-YueBai\seed-20260909.json,6,2,351
hell-Healer-FormationMaster-YueBai,20260910,Training.Hell.3-1,7,Healer,FormationMaster,YueBai,3,10,True,victory,baseline,True,3,8375,2791.6666666666665,6076,2791.6666666666665,,0,0,10368,11906,11906,0,9,36,0,17,8,14562,600,,D:\UE5 demo\GameXXK\Saved\Balance\20260907-final-matrix\hell-Healer-FormationMaster-YueBai\seed-20260910.json,3,1,134
hell-Healer-FormationMaster-ZhouGuangZu,20260906,Training.Hell.3-1,7,Healer,FormationMaster,ZhouGuangZu,3,10,True,victory,baseline,True,10,11158,1115.8,165,819.6666666666666,1242.7142857142858,600,468,17088,11369,11501,0,33,132,0,62,0,507,3021,,D:\UE5 demo\GameXXK\Saved\Balance\20260907-final-matrix\hell-Healer-FormationMaster-ZhouGuangZu\seed-20260906.json,15,5,2126
hell-Healer-FormationMaster-ZhouGuangZu,20260907,Training.Hell.3-1,7,Healer,FormationMaster,ZhouGuangZu,3,10,True,victory,baseline,True,10,11176,1117.6,1659,1277.6666666666667,1049.0,1131,888,12357,11258,11501,0,34,135,0,59,0,600,2631,,D:\UE5 demo\GameXXK\Saved\Balance\20260907-final-matrix\hell-Healer-FormationMaster-ZhouGuangZu\seed-20260907.json,10,3,1283
hell-Healer-FormationMaster-ZhouGuangZu,20260908,Training.Hell.3-1,7,Healer,FormationMaster,ZhouGuangZu,3,10,True,victory,baseline,True,10,11176,1117.6,290,979.0,1177.0,1363,1243,16374,11381,11501,0,30,111,0,45,0,373,1644,,D:\UE5 demo\GameXXK\Saved\Balance\20260907-final-matrix\hell-Healer-FormationMaster-ZhouGuangZu\seed-20260908.json,9,3,1197
hell-Healer-FormationMaster-ZhouGuangZu,20260909,Training.Hell.3-1,7,Healer,FormationMaster,ZhouGuangZu,3,10,True,victory,baseline,True,5,5574,1114.8,1764,1498.6666666666667,539.0,678,498,8982,11321,11501,0,15,39,0,22,0,14,744,,D:\UE5 demo\GameXXK\Saved\Balance\20260907-final-matrix\hell-Healer-FormationMaster-ZhouGuangZu\seed-20260909.json,4,1,661
hell-Healer-FormationMaster-ZhouGuangZu,20260910,Training.Hell.3-1,7,Healer,FormationMaster,ZhouGuangZu,3,10,True,victory,baseline,True,4,5574,1393.5,951,1800.0,174.0,593,329,3801,11237,11501,0,12,45,0,20,0,71,628,,D:\UE5 demo\GameXXK\Saved\Balance\20260907-final-matrix\hell-Healer-FormationMaster-ZhouGuangZu\seed-20260910.json,4,1,563
hell-Healer-FormationMaster-JinGui,20260906,Training.Hell.3-1,7,Healer,FormationMaster,JinGui,0,10,True,victory,baseline,True,6,5574,929.0,594,1288.3333333333333,569.6666666666666,480,360,9552,11615,11735,0,18,30,0,22,0,335,645,,D:\UE5 demo\GameXXK\Saved\Balance\20260907-final-matrix\hell-Healer-FormationMaster-JinGui\seed-20260906.json,4,2,276
hell-Healer-FormationMaster-JinGui,20260907,Training.Hell.3-1,7,Healer,FormationMaster,JinGui,0,10,True,victory,baseline,True,4,5764,1441.0,2509,1763.3333333333333,474.0,450,270,5902,11555,11735,0,12,27,0,18,0,213,330,,D:\UE5 demo\GameXXK\Saved\Balance\20260907-final-matrix\hell-Healer-FormationMaster-JinGui\seed-20260907.json,4,1,653
hell-Healer-FormationMaster-JinGui,20260908,Training.Hell.3-1,7,Healer,FormationMaster,JinGui,0,10,True,victory,baseline,True,8,8375,1046.875,125,1786.6666666666667,603.0,1140,1140,14070,11735,11735,0,25,54,0,28,0,134,135,,D:\UE5 demo\GameXXK\Saved\Balance\20260907-final-matrix\hell-Healer-FormationMaster-JinGui\seed-20260908.json,6,2,715
hell-Healer-FormationMaster-JinGui,20260909,Training.Hell.3-1,7,Healer,FormationMaster,JinGui,0,10,True,victory,baseline,True,7,5574,796.2857142857143,1764,1776.3333333333333,61.25,1020,840,8859,11555,11735,0,23,45,0,24,0,100,450,,D:\UE5 demo\GameXXK\Saved\Balance\20260907-final-matrix\hell-Healer-FormationMaster-JinGui\seed-20260909.json,6,2,800
hell-Healer-FormationMaster-JinGui,20260910,Training.Hell.3-1,7,Healer,FormationMaster,JinGui,0,10,True,victory,baseline,True,12,11158,929.8333333333334,1775,1613.0,702.1111111111111,1301,1099,8920,11533,11735,0,37,84,0,47,0,376,426,,D:\UE5 demo\GameXXK\Saved\Balance\20260907-final-matrix\hell-Healer-FormationMaster-JinGui\seed-20260910.json,7,3,530
hell-Healer-FormationMaster-QiongMeiEr,20260906,Training.Hell.3-1,7,Healer,FormationMaster,QiongMeiEr,3,10,True,victory,baseline,True,4,5574,1393.5,1160,1544.6666666666667,940.0,150,90,2736,12134,12194,0,17,27,0,21,0,149,930,,D:\UE5 demo\GameXXK\Saved\Balance\20260907-final-matrix\hell-Healer-FormationMaster-QiongMeiEr\seed-20260906.json,1,0,85
hell-Healer-FormationMaster-QiongMeiEr,20260907,Training.Hell.3-1,7,Healer,FormationMaster,QiongMeiEr,3,10,True,victory,baseline,True,3,5574,1858.0,1699,1858.0,,180,0,3168,12014,12194,0,13,30,0,17,0,437,300,,D:\UE5 demo\GameXXK\Saved\Balance\20260907-final-matrix\hell-Healer-FormationMaster-QiongMeiEr\seed-20260907.json,2,0,212
hell-Healer-FormationMaster-QiongMeiEr,20260908,Training.Hell.3-1,7,Healer,FormationMaster,QiongMeiEr,3,10,True,victory,baseline,True,4,5574,1393.5,1952,1838.3333333333333,59.0,120,120,6786,12194,12194,0,19,30,0,24,0,132,670,,D:\UE5 demo\GameXXK\Saved\Balance\20260907-final-matrix\hell-Healer-FormationMaster-QiongMeiEr\seed-20260908.json,2,0,212
hell-Healer-FormationMaster-QiongMeiEr,20260909,Training.Hell.3-1,7,Healer,FormationMaster,QiongMeiEr,3,10,True,victory,baseline,True,5,5574,1114.8,2439,1746.6666666666667,167.0,423,420,4986,12191,12194,0,23,45,0,24,0,205,1020,,D:\UE5 demo\GameXXK\Saved\Balance\20260907-final-matrix\hell-Healer-FormationMaster-QiongMeiEr\seed-20260909.json,2,0,212
hell-Healer-FormationMaster-QiongMeiEr,20260910,Training.Hell.3-1,7,Healer,FormationMaster,QiongMeiEr,3,10,True,victory,baseline,True,7,8375,1196.4285714285713,2020,1814.6666666666667,732.75,663,500,7272,12031,12194,0,30,54,0,35,0,171,1000,,D:\UE5 demo\GameXXK\Saved\Balance\20260907-final-matrix\hell-Healer-FormationMaster-QiongMeiEr\seed-20260910.json,3,0,256
hell-Hunter-Blade-TusiChief,20260906,Training.Hell.3-1,7,Hunter,Blade,TusiChief,3,10,True,victory,baseline,True,12,11176,931.3333333333334,3406,2630.3333333333335,365.0,1108,375,3235,11879,12612,0,16,49,19,26,0,721,0,,D:\UE5 demo\GameXXK\Saved\Balance\20260907-final-matrix\hell-Hunter-Blade-TusiChief\seed-20260906.json,5,1,4
hell-Hunter-Blade-TusiChief,20260907,Training.Hell.3-1,7,Hunter,Blade,TusiChief,3,10,True,victory,baseline,True,30,11176,372.53333333333336,3542,1757.0,218.7037037037037,970,825,3790,12467,12612,0,23,48,65,41,0,693,40,,D:\UE5 demo\GameXXK\Saved\Balance\20260907-final-matrix\hell-Hunter-Blade-TusiChief\seed-20260907.json,5,0,0
hell-Hunter-Blade-TusiChief,20260908,Training.Hell.3-1,7,Hunter,Blade,TusiChief,3,10,True,victory,baseline,True,30,11176,372.53333333333336,2772,1777.3333333333333,216.44444444444446,1881,1050,4802,11781,12612,0,27,43,61,53,0,750,0,,D:\UE5 demo\GameXXK\Saved\Balance\20260907-final-matrix\hell-Hunter-Blade-TusiChief\seed-20260908.json,8,1,43
hell-Hunter-Blade-TusiChief,20260909,Training.Hell.3-1,7,Hunter,Blade,TusiChief,3,10,True,victory,baseline,True,30,11176,372.53333333333336,2772,1765.0,217.8148148148148,2061,675,5330,11226,12612,0,28,41,60,50,2,713,0,,D:\UE5 demo\GameXXK\Saved\Balance\20260907-final-matrix\hell-Hunter-Blade-TusiChief\seed-20260909.json,8,1,43
hell-Hunter-Blade-TusiChief,20260910,Training.Hell.3-1,7,Hunter,Blade,TusiChief,3,10,True,victory,baseline,True,18,11366,631.4444444444445,2770,2697.3333333333335,218.26666666666668,967,450,3349,12095,12612,0,21,53,31,30,0,1313,75,,D:\UE5 demo\GameXXK\Saved\Balance\20260907-final-matrix\hell-Hunter-Blade-TusiChief\seed-20260910.json,6,1,192
hell-Hunter-Blade-SongJinBao,20260906,Training.Hell.3-1,7,Hunter,Blade,SongJinBao,3,10,True,victory,baseline,True,8,11169,1396.125,4473,1825.3333333333333,1138.6,0,0,0,12435,12435,0,25,80,16,42,5,723,0,,D:\UE5 demo\GameXXK\Saved\Balance\20260907-final-matrix\hell-Hunter-Blade-SongJinBao\seed-20260906.json,0,0,0
hell-Hunter-Blade-SongJinBao,20260907,Training.Hell.3-1,7,Hunter,Blade,SongJinBao,3,10,True,stalemate,baseline,True,7,5534,790.5714285714286,5534,1844.6666666666667,0.0,0,0,0,12435,12435,0,8,34,15,18,4,608,0,,D:\UE5 demo\GameXXK\Saved\Balance\20260907-final-matrix\hell-Hunter-Blade-SongJinBao\seed-20260907.json,0,0,0
hell-Hunter-Blade-SongJinBao,20260908,Training.Hell.3-1,7,Hunter,Blade,SongJinBao,3,10,True,victory,baseline,True,21,11155,531.1904761904761,4630,1759.3333333333333,326.5,374,229,0,12290,12435,0,16,67,62,33,1,715,71,,D:\UE5 demo\GameXXK\Saved\Balance\20260907-final-matrix\hell-Hunter-Blade-SongJinBao\seed-20260908.json,6,4,0
hell-Hunter-Blade-SongJinBao,20260909,Training.Hell.3-1,7,Hunter,Blade,SongJinBao,3,10,True,stalemate,baseline,True,15,5221,348.06666666666666,5221,1740.3333333333333,0.0,178,178,0,12435,12435,0,16,34,37,31,4,110,47,,D:\UE5 demo\GameXXK\Saved\Balance\20260907-final-matrix\hell-Hunter-Blade-SongJinBao\seed-20260909.json,1,0,0
hell-Hunter-Blade-SongJinBao,20260910,Training.Hell.3-1,7,Hunter,Blade,SongJinBao,3,10,True,victory,baseline,True,14,11176,798.2857142857143,4568,1723.3333333333333,546.0,2,2,0,12435,12435,0,18,66,41,37,5,1195,448,,D:\UE5 demo\GameXXK\Saved\Balance\20260907-final-matrix\hell-Hunter-Blade-SongJinBao\seed-20260910.json,1,1,0
hell-Hunter-Blade-YueBai,20260906,Training.Hell.3-1,7,Hunter,Blade,YueBai,3,10,True,victory,baseline,True,3,11176,3725.3333333333335,6362,3725.3333333333335,,0,0,7290,11857,11857,0,7,46,0,15,8,8540,0,,D:\UE5 demo\GameXXK\Saved\Balance\20260907-final-matrix\hell-Hunter-Blade-YueBai\seed-20260906.json,2,0,117
hell-Hunter-Blade-YueBai,20260907,Training.Hell.3-1,7,Hunter,Blade,YueBai,3,10,True,victory,baseline,True,5,11153,2230.6,6360,2808.3333333333335,1364.0,0,0,9234,11857,11857,0,12,60,1,20,8,8257,0,,D:\UE5 demo\GameXXK\Saved\Balance\20260907-final-matrix\hell-Hunter-Blade-YueBai\seed-20260907.json,3,1,119
hell-Hunter-Blade-YueBai,20260908,Training.Hell.3-1,7,Hunter,Blade,YueBai,3,10,True,victory,baseline,True,6,11151,1858.5,2772,1856.6666666666667,1860.3333333333333,510,225,14094,11572,11857,0,14,69,4,32,9,383,0,,D:\UE5 demo\GameXXK\Saved\Balance\20260907-final-matrix\hell-Hunter-Blade-YueBai\seed-20260908.json,4,1,249
hell-Hunter-Blade-YueBai,20260909,Training.Hell.3-1,7,Hunter,Blade,YueBai,3,10,True,victory,baseline,True,17,11138,655.1764705882352,2772,1750.0,420.57142857142856,810,600,26244,11647,11857,0,18,125,31,54,4,436,0,,D:\UE5 demo\GameXXK\Saved\Balance\20260907-final-matrix\hell-Hunter-Blade-YueBai\seed-20260909.json,7,1,606
hell-Hunter-Blade-YueBai,20260910,Training.Hell.3-1,7,Hunter,Blade,YueBai,3,10,True,stalemate,baseline,True,8,8219,1027.375,5573,2739.6666666666665,0.0,0,0,12150,11857,11857,0,7,67,15,23,4,7822,0,,D:\UE5 demo\GameXXK\Saved\Balance\20260907-final-matrix\hell-Hunter-Blade-YueBai\seed-20260910.json,4,0,234
hell-Hunter-Blade-ZhouGuangZu,20260906,Training.Hell.3-1,7,Hunter,Blade,ZhouGuangZu,3,10,True,victory,baseline,True,6,11167,1861.1666666666667,2772,1844.6666666666667,1877.6666666666667,834,657,3087,11275,11452,0,18,74,5,26,0,239,627,,D:\UE5 demo\GameXXK\Saved\Balance\20260907-final-matrix\hell-Hunter-Blade-ZhouGuangZu\seed-20260906.json,3,1,249
hell-Hunter-Blade-ZhouGuangZu,20260907,Training.Hell.3-1,7,Hunter,Blade,ZhouGuangZu,3,10,True,stalemate,baseline,True,19,5487,288.7894736842105,1832,1829.0,0.0,1322,1322,6615,11452,11452,0,11,96,45,39,0,270,2374,,D:\UE5 demo\GameXXK\Saved\Balance\20260907-final-matrix\hell-Hunter-Blade-ZhouGuangZu\seed-20260907.json,8,1,606
hell-Hunter-Blade-ZhouGuangZu,20260908,Training.Hell.3-1,7,Hunter,Blade,ZhouGuangZu,3,10,True,victory,baseline,True,5,11176,2235.2,3544,2762.6666666666665,1444.0,182,20,2646,11290,11452,0,15,66,4,20,0,231,674,,D:\UE5 demo\GameXXK\Saved\Balance\20260907-final-matrix\hell-Hunter-Blade-ZhouGuangZu\seed-20260908.json,2,0,0
hell-Hunter-Blade-ZhouGuangZu,20260909,Training.Hell.3-1,7,Hunter,Blade,ZhouGuangZu,3,10,True,victory,baseline,True,25,11176,447.04,3544,1831.3333333333333,258.27272727272725,1266,1266,10584,11452,11452,0,12,112,63,50,0,967,2895,,D:\UE5 demo\GameXXK\Saved\Balance\20260907-final-matrix\hell-Hunter-Blade-ZhouGuangZu\seed-20260909.json,7,0,0
hell-Hunter-Blade-ZhouGuangZu,20260910,Training.Hell.3-1,7,Hunter,Blade,ZhouGuangZu,3,10,True,victory,baseline,True,5,11168,2233.6,1966,1855.0,2801.5,768,333,3969,11017,11452,0,16,58,1,23,1,474,389,,D:\UE5 demo\GameXXK\Saved\Balance\20260907-final-matrix\hell-Hunter-Blade-ZhouGuangZu\seed-20260910.json,3,1,3
hell-Hunter-Blade-JinGui,20260906,Training.Hell.3-1,7,Hunter,Blade,JinGui,0,10,True,victory,baseline,True,32,11168,349.0,2772,1710.3333333333333,208.17241379310346,1466,1050,10966,11270,11686,0,29,66,65,56,2,230,0,,D:\UE5 demo\GameXXK\Saved\Balance\20260907-final-matrix\hell-Hunter-Blade-JinGui\seed-20260906.json,13,1,530
hell-Hunter-Blade-JinGui,20260907,Training.Hell.3-1,7,Hunter,Blade,JinGui,0,10,True,victory,baseline,True,22,11176,508.0,3016,1791.0,305.42105263157896,1303,600,7934,10983,11686,0,25,63,41,43,0,346,0,,D:\UE5 demo\GameXXK\Saved\Balance\20260907-final-matrix\hell-Hunter-Blade-JinGui\seed-20260907.json,10,1,465
hell-Hunter-Blade-JinGui,20260908,Training.Hell.3-1,7,Hunter,Blade,JinGui,0,10,True,victory,baseline,True,28,11176,399.14285714285717,2772,1807.6666666666667,230.12,1493,900,10270,11093,11686,0,30,58,54,48,1,418,0,,D:\UE5 demo\GameXXK\Saved\Balance\20260907-final-matrix\hell-Hunter-Blade-JinGui\seed-20260908.json,13,2,623
hell-Hunter-Blade-JinGui,20260909,Training.Hell.3-1,7,Hunter,Blade,JinGui,0,10,True,victory,baseline,True,41,11176,272.5853658536585,2772,1817.6666666666667,150.60526315789474,1628,1500,14700,11558,11686,0,45,75,79,78,3,448,0,,D:\UE5 demo\GameXXK\Saved\Balance\20260907-final-matrix\hell-Hunter-Blade-JinGui\seed-20260909.json,17,1,842
hell-Hunter-Blade-JinGui,20260910,Training.Hell.3-1,7,Hunter,Blade,JinGui,0,10,True,victory,baseline,True,22,11150,506.8181818181818,3032,1779.0,305.94736842105266,1069,700,6064,11317,11686,0,27,62,38,48,0,664,0,,D:\UE5 demo\GameXXK\Saved\Balance\20260907-final-matrix\hell-Hunter-Blade-JinGui\seed-20260910.json,8,1,381
hell-Hunter-Blade-QiongMeiEr,20260906,Training.Hell.3-1,7,Hunter,Blade,QiongMeiEr,3,10,True,victory,baseline,True,6,11166,1861.0,4194,1837.0,1885.0,0,0,0,12145,12145,0,15,45,8,22,0,549,75,,D:\UE5 demo\GameXXK\Saved\Balance\20260907-final-matrix\hell-Hunter-Blade-QiongMeiEr\seed-20260906.json,0,0,0
hell-Hunter-Blade-QiongMeiEr,20260907,Training.Hell.3-1,7,Hunter,Blade,QiongMeiEr,3,10,True,victory,baseline,True,5,11156,2231.2,3223,2731.3333333333335,1481.0,0,0,0,12145,12145,0,17,40,4,22,1,786,0,,D:\UE5 demo\GameXXK\Saved\Balance\20260907-final-matrix\hell-Hunter-Blade-QiongMeiEr\seed-20260907.json,0,0,0
hell-Hunter-Blade-QiongMeiEr,20260908,Training.Hell.3-1,7,Hunter,Blade,QiongMeiEr,3,10,True,victory,baseline,True,8,11166,1395.75,4669,1804.3333333333333,1150.6,253,129,0,12021,12145,0,16,47,15,22,0,189,96,,D:\UE5 demo\GameXXK\Saved\Balance\20260907-final-matrix\hell-Hunter-Blade-QiongMeiEr\seed-20260908.json,3,0,0
hell-Hunter-Blade-QiongMeiEr,20260909,Training.Hell.3-1,7,Hunter,Blade,QiongMeiEr,3,10,True,victory,baseline,True,7,11176,1596.5714285714287,5573,2780.6666666666665,708.5,114,114,0,12145,12145,0,12,58,12,19,0,342,441,,D:\UE5 demo\GameXXK\Saved\Balance\20260907-final-matrix\hell-Hunter-Blade-QiongMeiEr\seed-20260909.json,2,0,0
hell-Hunter-Blade-QiongMeiEr,20260910,Training.Hell.3-1,7,Hunter,Blade,QiongMeiEr,3,10,True,victory,baseline,True,7,11164,1594.857142857143,2882,1857.6666666666667,1397.75,44,44,0,12145,12145,0,19,52,10,26,1,618,181,,D:\UE5 demo\GameXXK\Saved\Balance\20260907-final-matrix\hell-Hunter-Blade-QiongMeiEr\seed-20260910.json,1,0,0
hell-Hunter-Guard-TusiChief,20260906,Training.Hell.3-1,7,Hunter,Guard,TusiChief,3,10,True,victory,baseline,True,17,11359,668.1764705882352,2770,1672.3333333333333,453.0,1497,180,38712,11348,12665,0,47,80,3,47,0,841,45,,D:\UE5 demo\GameXXK\Saved\Balance\20260907-final-matrix\hell-Hunter-Guard-TusiChief\seed-20260906.json,7,3,156
hell-Hunter-Guard-TusiChief,20260907,Training.Hell.3-1,7,Hunter,Guard,TusiChief,3,10,True,victory,baseline,True,26,11366,437.15384615384613,3285,1735.6666666666667,267.7826086956522,1674,375,57467,11366,12665,0,64,97,12,64,0,983,0,,D:\UE5 demo\GameXXK\Saved\Balance\20260907-final-matrix\hell-Hunter-Guard-TusiChief\seed-20260907.json,10,3,320
hell-Hunter-Guard-TusiChief,20260908,Training.Hell.3-1,7,Hunter,Guard,TusiChief,3,10,True,victory,baseline,True,15,11176,745.0666666666667,1534,1838.0,471.8333333333333,1928,150,29207,10887,12665,0,42,90,2,43,0,1892,0,,D:\UE5 demo\GameXXK\Saved\Balance\20260907-final-matrix\hell-Hunter-Guard-TusiChief\seed-20260908.json,6,3,156
hell-Hunter-Guard-TusiChief,20260909,Training.Hell.3-1,7,Hunter,Guard,TusiChief,3,10,True,victory,baseline,True,23,11169,485.60869565217394,1576,1403.0,348.0,2617,300,49962,10348,12665,0,63,112,4,60,0,376,0,,D:\UE5 demo\GameXXK\Saved\Balance\20260907-final-matrix\hell-Hunter-Guard-TusiChief\seed-20260909.json,6,2,4
hell-Hunter-Guard-TusiChief,20260910,Training.Hell.3-1,7,Hunter,Guard,TusiChief,3,10,True,victory,baseline,True,26,11176,429.84615384615387,2770,1589.3333333333333,278.60869565217394,1599,375,60548,11441,12665,0,69,101,7,66,0,970,0,,D:\UE5 demo\GameXXK\Saved\Balance\20260907-final-matrix\hell-Hunter-Guard-TusiChief\seed-20260910.json,8,2,5
hell-Hunter-Guard-SongJinBao,20260906,Training.Hell.3-1,7,Hunter,Guard,SongJinBao,3,10,True,victory,baseline,True,6,11150,1858.3333333333333,1190,2451.0,1265.6666666666667,416,225,15175,12297,12488,0,29,74,0,38,8,493,0,,D:\UE5 demo\GameXXK\Saved\Balance\20260907-final-matrix\hell-Hunter-Guard-SongJinBao\seed-20260906.json,5,4,6
hell-Hunter-Guard-SongJinBao,20260907,Training.Hell.3-1,7,Hunter,Guard,SongJinBao,3,10,True,victory,baseline,True,11,11158,1014.3636363636364,5495,2699.6666666666665,382.375,0,0,43060,12488,12488,0,51,96,4,62,8,1117,75,,D:\UE5 demo\GameXXK\Saved\Balance\20260907-final-matrix\hell-Hunter-Guard-SongJinBao\seed-20260907.json,2,2,4
hell-Hunter-Guard-SongJinBao,20260908,Training.Hell.3-1,7,Hunter,Guard,SongJinBao,3,10,True,victory,baseline,True,18,11176,620.8888888888889,1983,1770.3333333333333,391.0,749,300,56226,12039,12488,0,62,137,15,72,0,1765,0,,D:\UE5 demo\GameXXK\Saved\Balance\20260907-final-matrix\hell-Hunter-Guard-SongJinBao\seed-20260908.json,8,6,9
hell-Hunter-Guard-SongJinBao,20260909,Training.Hell.3-1,7,Hunter,Guard,SongJinBao,3,10,True,victory,baseline,True,6,11166,1861.0,1576,1824.3333333333333,1897.6666666666667,811,75,19632,11752,12488,0,28,64,0,37,0,546,0,,D:\UE5 demo\GameXXK\Saved\Balance\20260907-final-matrix\hell-Hunter-Guard-SongJinBao\seed-20260909.json,3,2,147
hell-Hunter-Guard-SongJinBao,20260910,Training.Hell.3-1,7,Hunter,Guard,SongJinBao,3,10,True,victory,baseline,True,13,11176,859.6923076923077,3073,1830.3333333333333,568.5,305,165,45510,12348,12488,0,53,103,7,63,4,1272,210,,D:\UE5 demo\GameXXK\Saved\Balance\20260907-final-matrix\hell-Hunter-Guard-SongJinBao\seed-20260910.json,4,3,6
hell-Hunter-Guard-YueBai,20260906,Training.Hell.3-1,7,Hunter,Guard,YueBai,3,10,True,victory,baseline,True,7,11174,1596.2857142857142,5573,2790.6666666666665,700.5,23,23,23902,11910,11910,0,20,66,0,33,8,26271,52,,D:\UE5 demo\GameXXK\Saved\Balance\20260907-final-matrix\hell-Hunter-Guard-YueBai\seed-20260906.json,5,2,246
hell-Hunter-Guard-YueBai,20260907,Training.Hell.3-1,7,Hunter,Guard,YueBai,3,10,True,victory,baseline,True,6,11176,1862.6666666666667,5573,2596.0,1129.3333333333333,0,0,23975,11910,11910,0,16,67,0,30,12,18563,0,,D:\UE5 demo\GameXXK\Saved\Balance\20260907-final-matrix\hell-Hunter-Guard-YueBai\seed-20260907.json,2,1,49
hell-Hunter-Guard-YueBai,20260908,Training.Hell.3-1,7,Hunter,Guard,YueBai,3,10,True,victory,baseline,True,21,11176,532.1904761904761,837,1596.3333333333333,354.8333333333333,1890,225,73566,10245,11910,0,60,108,1,82,8,1132,0,,D:\UE5 demo\GameXXK\Saved\Balance\20260907-final-matrix\hell-Hunter-Guard-YueBai\seed-20260908.json,11,6,628
hell-Hunter-Guard-YueBai,20260909,Training.Hell.3-1,7,Hunter,Guard,YueBai,3,10,True,victory,baseline,True,6,11159,1859.8333333333333,1576,2348.3333333333335,1371.3333333333333,810,0,24563,11100,11910,0,20,76,0,32,8,14020,0,,D:\UE5 demo\GameXXK\Saved\Balance\20260907-final-matrix\hell-Hunter-Guard-YueBai\seed-20260909.json,5,3,141
hell-Hunter-Guard-YueBai,20260910,Training.Hell.3-1,7,Hunter,Guard,YueBai,3,10,True,victory,baseline,True,4,11152,2788.0,6076,3695.3333333333335,66.0,0,0,11304,11910,11910,0,11,58,0,19,8,15401,0,,D:\UE5 demo\GameXXK\Saved\Balance\20260907-final-matrix\hell-Hunter-Guard-YueBai\seed-20260910.json,2,1,49
hell-Hunter-Guard-ZhouGuangZu,20260906,Training.Hell.3-1,7,Hunter,Guard,ZhouGuangZu,3,10,True,victory,baseline,True,9,11159,1239.888888888889,989,1455.6666666666667,1132.0,1327,1119,20706,11297,11505,0,29,72,0,38,0,43,240,,D:\UE5 demo\GameXXK\Saved\Balance\20260907-final-matrix\hell-Hunter-Guard-ZhouGuangZu\seed-20260906.json,8,3,795
hell-Hunter-Guard-ZhouGuangZu,20260907,Training.Hell.3-1,7,Hunter,Guard,ZhouGuangZu,3,10,True,victory,baseline,True,17,11366,668.5882352941177,1355,1242.3333333333333,545.6428571428571,1385,1153,51433,11273,11505,0,55,130,3,72,0,204,1319,,D:\UE5 demo\GameXXK\Saved\Balance\20260907-final-matrix\hell-Hunter-Guard-ZhouGuangZu\seed-20260907.json,12,5,1217
hell-Hunter-Guard-ZhouGuangZu,20260908,Training.Hell.3-1,7,Hunter,Guard,ZhouGuangZu,3,10,True,victory,baseline,True,13,11176,859.6923076923077,1600,1341.6666666666667,715.1,2022,1421,33173,10904,11505,0,42,116,2,53,0,291,586,,D:\UE5 demo\GameXXK\Saved\Balance\20260907-final-matrix\hell-Hunter-Guard-ZhouGuangZu\seed-20260908.json,7,4,143
hell-Hunter-Guard-ZhouGuangZu,20260909,Training.Hell.3-1,7,Hunter,Guard,ZhouGuangZu,3,10,True,victory,baseline,True,11,11155,1014.0909090909091,1576,1147.0,964.25,1753,1426,28058,11178,11505,0,35,94,1,47,0,403,329,,D:\UE5 demo\GameXXK\Saved\Balance\20260907-final-matrix\hell-Hunter-Guard-ZhouGuangZu\seed-20260909.json,9,4,429
hell-Hunter-Guard-ZhouGuangZu,20260910,Training.Hell.3-1,7,Hunter,Guard,ZhouGuangZu,3,10,True,victory,baseline,True,9,11160,1240.0,989,1739.0,990.5,1554,927,26706,10878,11505,0,32,97,1,42,0,379,357,,D:\UE5 demo\GameXXK\Saved\Balance\20260907-final-matrix\hell-Hunter-Guard-ZhouGuangZu\seed-20260910.json,8,3,978
hell-Hunter-Guard-JinGui,20260906,Training.Hell.3-1,7,Hunter,Guard,JinGui,0,10,True,victory,baseline,True,8,11134,1391.75,1190,1852.0,1115.6,931,75,14750,10883,11739,0,26,57,0,32,0,36,0,,D:\UE5 demo\GameXXK\Saved\Balance\20260907-final-matrix\hell-Hunter-Guard-JinGui\seed-20260906.json,5,3,192
hell-Hunter-Guard-JinGui,20260907,Training.Hell.3-1,7,Hunter,Guard,JinGui,0,10,True,victory,baseline,True,23,11366,494.17391304347825,2503,1784.3333333333333,300.65,1998,225,58816,9966,11739,0,63,97,7,64,0,294,0,,D:\UE5 demo\GameXXK\Saved\Balance\20260907-final-matrix\hell-Hunter-Guard-JinGui\seed-20260907.json,12,6,912
hell-Hunter-Guard-JinGui,20260908,Training.Hell.3-1,7,Hunter,Guard,JinGui,0,10,True,victory,baseline,True,26,11176,429.84615384615387,807,1843.0,245.52173913043478,2175,450,68146,10014,11739,0,73,117,6,71,0,598,0,,D:\UE5 demo\GameXXK\Saved\Balance\20260907-final-matrix\hell-Hunter-Guard-JinGui\seed-20260908.json,13,7,93
hell-Hunter-Guard-JinGui,20260909,Training.Hell.3-1,7,Hunter,Guard,JinGui,0,10,True,victory,baseline,True,29,11175,385.3448275862069,1576,1807.3333333333333,221.26923076923077,2687,375,67331,9427,11739,0,78,123,7,74,0,391,0,,D:\UE5 demo\GameXXK\Saved\Balance\20260907-final-matrix\hell-Hunter-Guard-JinGui\seed-20260909.json,15,8,156
hell-Hunter-Guard-JinGui,20260910,Training.Hell.3-1,7,Hunter,Guard,JinGui,0,10,True,victory,baseline,True,38,11159,293.6578947368421,3032,1812.0,163.5142857142857,1644,750,94859,10845,11739,0,105,166,11,112,0,317,0,,D:\UE5 demo\GameXXK\Saved\Balance\20260907-final-matrix\hell-Hunter-Guard-JinGui\seed-20260910.json,17,9,109
hell-Hunter-Guard-QiongMeiEr,20260906,Training.Hell.3-1,7,Hunter,Guard,QiongMeiEr,3,10,True,victory,baseline,True,12,11176,931.3333333333334,1190,1825.3333333333333,633.3333333333334,1062,1062,36819,12198,12198,0,48,108,3,48,0,357,1488,,D:\UE5 demo\GameXXK\Saved\Balance\20260907-final-matrix\hell-Hunter-Guard-QiongMeiEr\seed-20260906.json,6,3,7
hell-Hunter-Guard-QiongMeiEr,20260907,Training.Hell.3-1,7,Hunter,Guard,QiongMeiEr,3,10,True,victory,baseline,True,7,11158,1594.0,1699,1851.6666666666667,1400.75,284,284,21193,12198,12198,0,34,74,1,39,0,995,331,,D:\UE5 demo\GameXXK\Saved\Balance\20260907-final-matrix\hell-Hunter-Guard-QiongMeiEr\seed-20260907.json,4,2,89
hell-Hunter-Guard-QiongMeiEr,20260908,Training.Hell.3-1,7,Hunter,Guard,QiongMeiEr,3,10,True,victory,baseline,True,9,11160,1240.0,2275,1856.3333333333333,931.8333333333334,428,428,24771,12198,12198,0,36,67,4,43,0,1128,337,,D:\UE5 demo\GameXXK\Saved\Balance\20260907-final-matrix\hell-Hunter-Guard-QiongMeiEr\seed-20260908.json,4,2,5
hell-Hunter-Guard-QiongMeiEr,20260909,Training.Hell.3-1,7,Hunter,Guard,QiongMeiEr,3,10,True,victory,baseline,True,11,11157,1014.2727272727273,1576,1802.3333333333333,718.75,1524,615,36366,11289,12198,0,46,77,1,49,0,1857,0,,D:\UE5 demo\GameXXK\Saved\Balance\20260907-final-matrix\hell-Hunter-Guard-QiongMeiEr\seed-20260909.json,7,4,92
hell-Hunter-Guard-QiongMeiEr,20260910,Training.Hell.3-1,7,Hunter,Guard,QiongMeiEr,3,10,True,victory,baseline,True,7,11155,1593.5714285714287,2116,1850.6666666666667,1400.75,548,400,15399,12050,12198,0,29,60,1,34,0,573,605,,D:\UE5 demo\GameXXK\Saved\Balance\20260907-final-matrix\hell-Hunter-Guard-QiongMeiEr\seed-20260910.json,4,2,5
hell-Hunter-Healer-TusiChief,20260906,Training.Hell.3-1,7,Hunter,Healer,TusiChief,3,10,True,victory,baseline,True,5,5574,1114.8,2770,1639.3333333333333,328.0,650,372,957,12124,12402,0,14,32,2,15,0,162,21,,D:\UE5 demo\GameXXK\Saved\Balance\20260907-final-matrix\hell-Hunter-Healer-TusiChief\seed-20260906.json,3,1,4
hell-Hunter-Healer-TusiChief,20260907,Training.Hell.3-1,7,Hunter,Healer,TusiChief,3,10,True,victory,baseline,True,4,5574,1393.5,3285,1808.0,150.0,395,85,710,12092,12402,0,12,31,1,15,0,175,2,,D:\UE5 demo\GameXXK\Saved\Balance\20260907-final-matrix\hell-Hunter-Healer-TusiChief\seed-20260907.json,2,1,3
hell-Hunter-Healer-TusiChief,20260908,Training.Hell.3-1,7,Hunter,Healer,TusiChief,3,10,True,victory,baseline,True,4,5574,1393.5,2352,1827.3333333333333,92.0,6,6,1809,12402,12402,0,11,32,2,11,0,162,6,,D:\UE5 demo\GameXXK\Saved\Balance\20260907-final-matrix\hell-Hunter-Healer-TusiChief\seed-20260908.json,0,0,0
hell-Hunter-Healer-TusiChief,20260909,Training.Hell.3-1,7,Hunter,Healer,TusiChief,3,10,True,victory,baseline,True,5,5574,1114.8,1576,1792.6666666666667,98.0,648,162,1667,11916,12402,0,13,34,3,14,0,503,0,,D:\UE5 demo\GameXXK\Saved\Balance\20260907-final-matrix\hell-Hunter-Healer-TusiChief\seed-20260909.json,3,1,3
hell-Hunter-Healer-TusiChief,20260910,Training.Hell.3-1,7,Hunter,Healer,TusiChief,3,10,True,victory,baseline,True,7,5574,796.2857142857143,2770,1589.3333333333333,201.5,655,391,1423,12138,12402,0,16,52,7,16,0,940,158,,D:\UE5 demo\GameXXK\Saved\Balance\20260907-final-matrix\hell-Hunter-Healer-TusiChief\seed-20260910.json,3,1,3
hell-Hunter-Healer-SongJinBao,20260906,Training.Hell.3-1,7,Hunter,Healer,SongJinBao,3,10,True,victory,baseline,True,4,8362,2090.5,4948,2696.6666666666665,272.0,74,13,0,12164,12225,0,19,59,2,22,5,200,536,,D:\UE5 demo\GameXXK\Saved\Balance\20260907-final-matrix\hell-Hunter-Healer-SongJinBao\seed-20260906.json,1,0,0
hell-Hunter-Healer-SongJinBao,20260907,Training.Hell.3-1,7,Hunter,Healer,SongJinBao,3,10,True,victory,baseline,True,4,5574,1393.5,2050,1846.6666666666667,34.0,531,525,0,12219,12225,0,24,67,0,26,0,459,24,,D:\UE5 demo\GameXXK\Saved\Balance\20260907-final-matrix\hell-Hunter-Healer-SongJinBao\seed-20260907.json,3,1,3
hell-Hunter-Healer-SongJinBao,20260908,Training.Hell.3-1,7,Hunter,Healer,SongJinBao,3,10,True,victory,baseline,True,2,5574,2787.0,3955,2787.0,,3,3,0,12225,12225,0,9,28,0,12,4,762,3,,D:\UE5 demo\GameXXK\Saved\Balance\20260907-final-matrix\hell-Hunter-Healer-SongJinBao\seed-20260908.json,0,0,0
hell-Hunter-Healer-SongJinBao,20260909,Training.Hell.3-1,7,Hunter,Healer,SongJinBao,3,10,True,victory,baseline,True,3,5574,1858.0,2594,1858.0,,232,88,0,12081,12225,0,15,41,0,18,4,589,5,,D:\UE5 demo\GameXXK\Saved\Balance\20260907-final-matrix\hell-Hunter-Healer-SongJinBao\seed-20260909.json,2,1,2
hell-Hunter-Healer-SongJinBao,20260910,Training.Hell.3-1,7,Hunter,Healer,SongJinBao,3,10,True,victory,baseline,True,3,8362,2787.3333333333335,5560,2787.3333333333335,,15,15,0,12225,12225,0,20,65,0,28,5,300,558,,D:\UE5 demo\GameXXK\Saved\Balance\20260907-final-matrix\hell-Hunter-Healer-SongJinBao\seed-20260910.json,0,0,0
hell-Hunter-Healer-YueBai,20260906,Training.Hell.3-1,7,Hunter,Healer,YueBai,3,10,True,victory,baseline,True,3,8375,2791.6666666666665,6343,2791.6666666666665,,6,6,5832,11647,11647,0,11,50,0,17,4,13448,6,,D:\UE5 demo\GameXXK\Saved\Balance\20260907-final-matrix\hell-Hunter-Healer-YueBai\seed-20260906.json,3,1,111
hell-Hunter-Healer-YueBai,20260907,Training.Hell.3-1,7,Hunter,Healer,YueBai,3,10,True,victory,baseline,True,3,8375,2791.6666666666665,6360,2791.6666666666665,,6,6,5832,11647,11647,0,11,45,0,17,4,7881,6,,D:\UE5 demo\GameXXK\Saved\Balance\20260907-final-matrix\hell-Hunter-Healer-YueBai\seed-20260907.json,2,0,109
hell-Hunter-Healer-YueBai,20260908,Training.Hell.3-1,7,Hunter,Healer,YueBai,3,10,True,victory,baseline,True,4,5574,1393.5,2073,1822.0,108.0,273,110,11664,11484,11647,0,12,60,0,22,8,256,46,,D:\UE5 demo\GameXXK\Saved\Balance\20260907-final-matrix\hell-Hunter-Healer-YueBai\seed-20260908.json,3,1,193
hell-Hunter-Healer-YueBai,20260909,Training.Hell.3-1,7,Hunter,Healer,YueBai,3,10,True,victory,baseline,True,5,8375,1675.0,1576,2607.3333333333335,276.5,516,87,10206,11218,11647,0,14,75,2,23,8,8702,0,,D:\UE5 demo\GameXXK\Saved\Balance\20260907-final-matrix\hell-Hunter-Healer-YueBai\seed-20260909.json,5,1,302
hell-Hunter-Healer-YueBai,20260910,Training.Hell.3-1,7,Hunter,Healer,YueBai,3,10,True,victory,baseline,True,2,8375,4187.5,6076,4187.5,,3,3,3402,11647,11647,0,7,32,0,12,4,14065,3,,D:\UE5 demo\GameXXK\Saved\Balance\20260907-final-matrix\hell-Hunter-Healer-YueBai\seed-20260910.json,0,0,0
hell-Hunter-Healer-ZhouGuangZu,20260906,Training.Hell.3-1,7,Hunter,Healer,ZhouGuangZu,3,10,True,victory,baseline,True,6,8375,1395.8333333333333,989,1534.0,1257.6666666666667,598,598,3969,11242,11242,0,18,76,2,24,0,176,500,,D:\UE5 demo\GameXXK\Saved\Balance\20260907-final-matrix\hell-Hunter-Healer-ZhouGuangZu\seed-20260906.json,4,1,534
hell-Hunter-Healer-ZhouGuangZu,20260907,Training.Hell.3-1,7,Hunter,Healer,ZhouGuangZu,3,10,True,victory,baseline,True,6,8375,1395.8333333333333,1355,1754.0,1037.6666666666667,474,400,5733,11168,11242,0,19,101,2,31,0,186,1034,,D:\UE5 demo\GameXXK\Saved\Balance\20260907-final-matrix\hell-Hunter-Healer-ZhouGuangZu\seed-20260907.json,3,1,240
hell-Hunter-Healer-ZhouGuangZu,20260908,Training.Hell.3-1,7,Hunter,Healer,ZhouGuangZu,3,10,True,victory,baseline,True,6,8565,1427.5,1805,1647.3333333333333,1207.6666666666667,711,593,3969,11124,11242,0,20,86,1,27,0,74,760,,D:\UE5 demo\GameXXK\Saved\Balance\20260907-final-matrix\hell-Hunter-Healer-ZhouGuangZu\seed-20260908.json,5,1,396
hell-Hunter-Healer-ZhouGuangZu,20260909,Training.Hell.3-1,7,Hunter,Healer,ZhouGuangZu,3,10,True,victory,baseline,True,6,5764,960.6666666666666,1576,1418.3333333333333,503.0,1090,1063,2205,11215,11242,0,16,48,2,22,0,501,254,,D:\UE5 demo\GameXXK\Saved\Balance\20260907-final-matrix\hell-Hunter-Healer-ZhouGuangZu\seed-20260909.json,6,1,591
hell-Hunter-Healer-ZhouGuangZu,20260910,Training.Hell.3-1,7,Hunter,Healer,ZhouGuangZu,3,10,True,victory,baseline,True,5,5574,1114.8,989,1694.3333333333333,245.5,582,344,2646,11004,11242,0,14,46,2,18,0,138,373,,D:\UE5 demo\GameXXK\Saved\Balance\20260907-final-matrix\hell-Hunter-Healer-ZhouGuangZu\seed-20260910.json,3,1,240
hell-Hunter-Healer-JinGui,20260906,Training.Hell.3-1,7,Hunter,Healer,JinGui,0,10,True,victory,baseline,True,5,5574,1114.8,1315,1773.3333333333333,127.0,617,171,1168,11030,11476,0,19,57,1,19,0,272,3,,D:\UE5 demo\GameXXK\Saved\Balance\20260907-final-matrix\hell-Hunter-Healer-JinGui\seed-20260906.json,3,1,4
hell-Hunter-Healer-JinGui,20260907,Training.Hell.3-1,7,Hunter,Healer,JinGui,0,10,True,victory,baseline,True,3,5574,1858.0,2503,1858.0,,492,12,702,10996,11476,0,11,47,1,13,0,208,0,,D:\UE5 demo\GameXXK\Saved\Balance\20260907-final-matrix\hell-Hunter-Healer-JinGui\seed-20260907.json,3,1,3
hell-Hunter-Healer-JinGui,20260908,Training.Hell.3-1,7,Hunter,Healer,JinGui,0,10,True,victory,baseline,True,3,5574,1858.0,807,1858.0,,488,6,1168,10994,11476,0,11,38,1,12,0,175,0,,D:\UE5 demo\GameXXK\Saved\Balance\20260907-final-matrix\hell-Hunter-Healer-JinGui\seed-20260908.json,3,1,4
hell-Hunter-Healer-JinGui,20260909,Training.Hell.3-1,7,Hunter,Healer,JinGui,0,10,True,victory,baseline,True,10,8372,837.2,1576,1836.6666666666667,408.85714285714283,917,897,3268,11456,11476,0,25,86,7,28,0,465,96,,D:\UE5 demo\GameXXK\Saved\Balance\20260907-final-matrix\hell-Hunter-Healer-JinGui\seed-20260909.json,5,1,76
hell-Hunter-Healer-JinGui,20260910,Training.Hell.3-1,7,Hunter,Healer,JinGui,0,10,True,victory,baseline,True,5,5574,1114.8,3032,1731.0,190.5,731,87,1634,10832,11476,0,12,40,4,16,0,181,0,,D:\UE5 demo\GameXXK\Saved\Balance\20260907-final-matrix\hell-Hunter-Healer-JinGui\seed-20260910.json,3,1,4
hell-Hunter-Healer-QiongMeiEr,20260906,Training.Hell.3-1,7,Hunter,Healer,QiongMeiEr,3,10,True,victory,baseline,True,4,5574,1393.5,2129,1844.0,42.0,495,13,0,11453,11935,0,14,58,3,15,0,339,5,,D:\UE5 demo\GameXXK\Saved\Balance\20260907-final-matrix\hell-Hunter-Healer-QiongMeiEr\seed-20260906.json,2,0,2
hell-Hunter-Healer-QiongMeiEr,20260907,Training.Hell.3-1,7,Hunter,Healer,QiongMeiEr,3,10,True,victory,baseline,True,3,5574,1858.0,4632,1858.0,,9,9,0,11935,11935,0,14,54,1,16,0,442,84,,D:\UE5 demo\GameXXK\Saved\Balance\20260907-final-matrix\hell-Hunter-Healer-QiongMeiEr\seed-20260907.json,0,0,0
hell-Hunter-Healer-QiongMeiEr,20260908,Training.Hell.3-1,7,Hunter,Healer,QiongMeiEr,3,10,True,victory,baseline,True,2,5574,2787.0,5016,2787.0,,6,6,0,11935,11935,0,10,47,0,14,0,144,6,,D:\UE5 demo\GameXXK\Saved\Balance\20260907-final-matrix\hell-Hunter-Healer-QiongMeiEr\seed-20260908.json,0,0,0
hell-Hunter-Healer-QiongMeiEr,20260909,Training.Hell.3-1,7,Hunter,Healer,QiongMeiEr,3,10,True,victory,baseline,True,4,5574,1393.5,2759,1844.0,42.0,495,485,0,11925,11935,0,16,36,2,17,0,503,328,,D:\UE5 demo\GameXXK\Saved\Balance\20260907-final-matrix\hell-Hunter-Healer-QiongMeiEr\seed-20260909.json,2,0,2
hell-Hunter-Healer-QiongMeiEr,20260910,Training.Hell.3-1,7,Hunter,Healer,QiongMeiEr,3,10,True,victory,baseline,True,3,8375,2791.6666666666665,4468,2791.6666666666665,,312,83,0,11706,11935,0,15,42,1,19,0,216,4,,D:\UE5 demo\GameXXK\Saved\Balance\20260907-final-matrix\hell-Hunter-Healer-QiongMeiEr\seed-20260910.json,2,0,2
hell-Hunter-Hunter-TusiChief,20260906,Training.Hell.3-1,7,Hunter,Hunter,TusiChief,3,10,True,victory,baseline,True,6,11176,1862.6666666666667,3559,2727.6666666666665,997.6666666666666,109,109,1460,12353,12353,0,15,57,10,28,0,625,41,,D:\UE5 demo\GameXXK\Saved\Balance\20260907-final-matrix\hell-Hunter-Hunter-TusiChief\seed-20260906.json,1,0,0
hell-Hunter-Hunter-TusiChief,20260907,Training.Hell.3-1,7,Hunter,Hunter,TusiChief,3,10,True,victory,baseline,True,3,11176,3725.3333333333335,3542,3725.3333333333335,,0,0,994,12353,12353,0,13,48,0,25,0,494,0,,D:\UE5 demo\GameXXK\Saved\Balance\20260907-final-matrix\hell-Hunter-Hunter-TusiChief\seed-20260907.json,0,0,0
hell-Hunter-Hunter-TusiChief,20260908,Training.Hell.3-1,7,Hunter,Hunter,TusiChief,3,10,True,victory,baseline,True,9,11176,1241.7777777777778,3712,1738.0,993.6666666666666,194,150,2679,12309,12353,0,20,53,15,33,0,404,300,,D:\UE5 demo\GameXXK\Saved\Balance\20260907-final-matrix\hell-Hunter-Hunter-TusiChief\seed-20260908.json,1,0,0
hell-Hunter-Hunter-TusiChief,20260909,Training.Hell.3-1,7,Hunter,Hunter,TusiChief,3,10,True,victory,baseline,True,8,11176,1397.0,3124,1770.0,1173.2,788,375,2173,11940,12353,0,23,61,9,31,0,205,0,,D:\UE5 demo\GameXXK\Saved\Balance\20260907-final-matrix\hell-Hunter-Hunter-TusiChief\seed-20260909.json,4,1,3
hell-Hunter-Hunter-TusiChief,20260910,Training.Hell.3-1,7,Hunter,Hunter,TusiChief,3,10,True,victory,baseline,True,8,11165,1395.625,3980,1760.6666666666667,1176.6,373,329,1642,12309,12353,0,20,58,16,33,0,1240,46,,D:\UE5 demo\GameXXK\Saved\Balance\20260907-final-matrix\hell-Hunter-Hunter-TusiChief\seed-20260910.json,2,0,1
hell-Hunter-Hunter-SongJinBao,20260906,Training.Hell.3-1,7,Hunter,Hunter,SongJinBao,3,10,True,victory,baseline,True,4,11149,2787.25,2772,1757.0,5878.0,0,0,0,12176,12176,0,12,51,7,26,4,1023,75,,D:\UE5 demo\GameXXK\Saved\Balance\20260907-final-matrix\hell-Hunter-Hunter-SongJinBao\seed-20260906.json,0,0,0
hell-Hunter-Hunter-SongJinBao,20260907,Training.Hell.3-1,7,Hunter,Hunter,SongJinBao,3,10,True,victory,baseline,True,8,11176,1397.0,2555,1810.3333333333333,1149.0,673,300,0,11803,12176,0,20,65,11,35,0,409,0,,D:\UE5 demo\GameXXK\Saved\Balance\20260907-final-matrix\hell-Hunter-Hunter-SongJinBao\seed-20260907.json,3,1,3
hell-Hunter-Hunter-SongJinBao,20260908,Training.Hell.3-1,7,Hunter,Hunter,SongJinBao,3,10,True,victory,baseline,True,4,11161,2790.25,5558,2705.3333333333335,3045.0,0,0,0,12176,12176,0,10,57,5,25,4,1287,75,,D:\UE5 demo\GameXXK\Saved\Balance\20260907-final-matrix\hell-Hunter-Hunter-SongJinBao\seed-20260908.json,0,0,0
hell-Hunter-Hunter-SongJinBao,20260909,Training.Hell.3-1,7,Hunter,Hunter,SongJinBao,3,10,True,victory,baseline,True,5,11171,2234.2,3124,1836.0,2831.5,493,225,0,11908,12176,0,16,62,7,27,0,2976,0,,D:\UE5 demo\GameXXK\Saved\Balance\20260907-final-matrix\hell-Hunter-Hunter-SongJinBao\seed-20260909.json,3,1,3
hell-Hunter-Hunter-SongJinBao,20260910,Training.Hell.3-1,7,Hunter,Hunter,SongJinBao,3,10,True,victory,baseline,True,3,11176,3725.3333333333335,5226,3725.3333333333335,,0,0,0,12176,12176,0,11,55,3,23,9,670,0,,D:\UE5 demo\GameXXK\Saved\Balance\20260907-final-matrix\hell-Hunter-Hunter-SongJinBao\seed-20260910.json,0,0,0
hell-Hunter-Hunter-YueBai,20260906,Training.Hell.3-1,7,Hunter,Hunter,YueBai,3,10,True,victory,baseline,True,2,11176,5588.0,6512,5588.0,,0,0,7290,11598,11598,0,8,74,0,26,4,8697,0,,D:\UE5 demo\GameXXK\Saved\Balance\20260907-final-matrix\hell-Hunter-Hunter-YueBai\seed-20260906.json,0,0,0
hell-Hunter-Hunter-YueBai,20260907,Training.Hell.3-1,7,Hunter,Hunter,YueBai,3,10,True,victory,baseline,True,3,11176,3725.3333333333335,6588,3725.3333333333335,,0,0,9234,11598,11598,0,11,77,1,25,4,8746,0,,D:\UE5 demo\GameXXK\Saved\Balance\20260907-final-matrix\hell-Hunter-Hunter-YueBai\seed-20260907.json,1,0,47
hell-Hunter-Hunter-YueBai,20260908,Training.Hell.3-1,7,Hunter,Hunter,YueBai,3,10,True,victory,baseline,True,4,11144,2786.0,3414,2780.6666666666665,2802.0,60,60,12150,11598,11598,0,16,105,0,39,8,2254,165,,D:\UE5 demo\GameXXK\Saved\Balance\20260907-final-matrix\hell-Hunter-Hunter-YueBai\seed-20260908.json,2,0,168
hell-Hunter-Hunter-YueBai,20260909,Training.Hell.3-1,7,Hunter,Hunter,YueBai,3,10,True,victory,baseline,True,3,11176,3725.3333333333335,3334,3725.3333333333335,,60,60,11178,11598,11598,0,13,114,0,41,8,3492,165,,D:\UE5 demo\GameXXK\Saved\Balance\20260907-final-matrix\hell-Hunter-Hunter-YueBai\seed-20260909.json,2,0,168
hell-Hunter-Hunter-YueBai,20260910,Training.Hell.3-1,7,Hunter,Hunter,YueBai,3,10,True,victory,baseline,True,2,11153,5576.5,6366,5576.5,,0,0,11178,11598,11598,0,10,88,0,32,4,9092,0,,D:\UE5 demo\GameXXK\Saved\Balance\20260907-final-matrix\hell-Hunter-Hunter-YueBai\seed-20260910.json,0,0,0
hell-Hunter-Hunter-ZhouGuangZu,20260906,Training.Hell.3-1,7,Hunter,Hunter,ZhouGuangZu,3,10,True,victory,baseline,True,4,11176,2794.0,2493,1828.0,5692.0,132,132,5733,11193,11193,0,15,83,4,39,0,647,1353,,D:\UE5 demo\GameXXK\Saved\Balance\20260907-final-matrix\hell-Hunter-Hunter-ZhouGuangZu\seed-20260906.json,2,1,137
hell-Hunter-Hunter-ZhouGuangZu,20260907,Training.Hell.3-1,7,Hunter,Hunter,ZhouGuangZu,3,10,True,victory,baseline,True,3,11176,3725.3333333333335,3548,3725.3333333333335,,9,9,4851,11193,11193,0,16,82,0,31,0,763,627,,D:\UE5 demo\GameXXK\Saved\Balance\20260907-final-matrix\hell-Hunter-Hunter-ZhouGuangZu\seed-20260907.json,0,0,0
hell-Hunter-Hunter-ZhouGuangZu,20260908,Training.Hell.3-1,7,Hunter,Hunter,ZhouGuangZu,3,10,True,victory,baseline,True,4,11176,2794.0,3294,1857.6666666666667,5603.0,129,129,6174,11193,11193,0,17,81,3,34,0,1628,657,,D:\UE5 demo\GameXXK\Saved\Balance\20260907-final-matrix\hell-Hunter-Hunter-ZhouGuangZu\seed-20260908.json,2,1,137
hell-Hunter-Hunter-ZhouGuangZu,20260909,Training.Hell.3-1,7,Hunter,Hunter,ZhouGuangZu,3,10,True,victory,baseline,True,4,11176,2794.0,3377,1857.6666666666667,5603.0,15,15,3528,11193,11193,0,15,86,6,27,0,247,942,,D:\UE5 demo\GameXXK\Saved\Balance\20260907-final-matrix\hell-Hunter-Hunter-ZhouGuangZu\seed-20260909.json,0,0,0
hell-Hunter-Hunter-ZhouGuangZu,20260910,Training.Hell.3-1,7,Hunter,Hunter,ZhouGuangZu,3,10,True,victory,baseline,True,4,11176,2794.0,2772,1857.6666666666667,5603.0,12,12,6615,11193,11193,0,15,91,2,36,0,2760,1014,,D:\UE5 demo\GameXXK\Saved\Balance\20260907-final-matrix\hell-Hunter-Hunter-ZhouGuangZu\seed-20260910.json,0,0,0
hell-Hunter-Hunter-JinGui,20260906,Training.Hell.3-1,7,Hunter,Hunter,JinGui,0,10,True,victory,baseline,True,7,11167,1595.2857142857142,4369,1794.6666666666667,1445.75,158,75,2566,11344,11427,0,15,54,14,29,0,248,75,,D:\UE5 demo\GameXXK\Saved\Balance\20260907-final-matrix\hell-Hunter-Hunter-JinGui\seed-20260906.json,1,0,0
hell-Hunter-Hunter-JinGui,20260907,Training.Hell.3-1,7,Hunter,Hunter,JinGui,0,10,True,victory,baseline,True,6,11158,1859.6666666666667,4541,2721.6666666666665,997.6666666666666,312,278,2566,11393,11427,0,17,72,7,33,0,311,22,,D:\UE5 demo\GameXXK\Saved\Balance\20260907-final-matrix\hell-Hunter-Hunter-JinGui\seed-20260907.json,3,0,75
hell-Hunter-Hunter-JinGui,20260908,Training.Hell.3-1,7,Hunter,Hunter,JinGui,0,10,True,victory,baseline,True,6,11176,1862.6666666666667,5105,1741.6666666666667,1983.6666666666667,158,0,2566,11269,11427,0,14,53,10,27,0,687,75,,D:\UE5 demo\GameXXK\Saved\Balance\20260907-final-matrix\hell-Hunter-Hunter-JinGui\seed-20260908.json,1,0,0
hell-Hunter-Hunter-JinGui,20260909,Training.Hell.3-1,7,Hunter,Hunter,JinGui,0,10,True,victory,baseline,True,6,11176,1862.6666666666667,4049,2731.6666666666665,993.6666666666666,73,73,2100,11427,11427,0,15,61,8,25,0,452,2,,D:\UE5 demo\GameXXK\Saved\Balance\20260907-final-matrix\hell-Hunter-Hunter-JinGui\seed-20260909.json,1,0,0
hell-Hunter-Hunter-JinGui,20260910,Training.Hell.3-1,7,Hunter,Hunter,JinGui,0,10,True,victory,baseline,True,5,11176,2235.2,4038,1781.3333333333333,2916.0,0,0,1864,11427,11427,0,14,48,8,27,0,684,150,,D:\UE5 demo\GameXXK\Saved\Balance\20260907-final-matrix\hell-Hunter-Hunter-JinGui\seed-20260910.json,0,0,0
hell-Hunter-Hunter-QiongMeiEr,20260906,Training.Hell.3-1,7,Hunter,Hunter,QiongMeiEr,3,10,True,victory,baseline,True,4,11159,2789.75,2235,2785.6666666666665,2802.0,114,114,0,11886,11886,0,16,56,2,27,0,1114,36,,D:\UE5 demo\GameXXK\Saved\Balance\20260907-final-matrix\hell-Hunter-Hunter-QiongMeiEr\seed-20260906.json,1,0,1
hell-Hunter-Hunter-QiongMeiEr,20260907,Training.Hell.3-1,7,Hunter,Hunter,QiongMeiEr,3,10,True,victory,baseline,True,5,11176,2235.2,3105,1857.6666666666667,2801.5,309,265,0,11842,11886,0,19,66,0,28,0,923,350,,D:\UE5 demo\GameXXK\Saved\Balance\20260907-final-matrix\hell-Hunter-Hunter-QiongMeiEr\seed-20260907.json,3,1,2
hell-Hunter-Hunter-QiongMeiEr,20260908,Training.Hell.3-1,7,Hunter,Hunter,QiongMeiEr,3,10,True,victory,baseline,True,6,11169,1861.5,3549,1855.3333333333333,1867.6666666666667,249,249,0,11886,11886,0,19,64,7,30,0,329,516,,D:\UE5 demo\GameXXK\Saved\Balance\20260907-final-matrix\hell-Hunter-Hunter-QiongMeiEr\seed-20260908.json,3,1,2
hell-Hunter-Hunter-QiongMeiEr,20260909,Training.Hell.3-1,7,Hunter,Hunter,QiongMeiEr,3,10,True,victory,baseline,True,3,11160,3720.0,3124,3720.0,,374,254,0,11766,11886,0,15,53,0,21,0,298,286,,D:\UE5 demo\GameXXK\Saved\Balance\20260907-final-matrix\hell-Hunter-Hunter-QiongMeiEr\seed-20260909.json,3,1,3
hell-Hunter-Hunter-QiongMeiEr,20260910,Training.Hell.3-1,7,Hunter,Hunter,QiongMeiEr,3,10,True,victory,baseline,True,5,11176,2235.2,2601,2712.0,1520.0,158,158,0,11886,11886,0,17,61,4,33,0,2519,142,,D:\UE5 demo\GameXXK\Saved\Balance\20260907-final-matrix\hell-Hunter-Hunter-QiongMeiEr\seed-20260910.json,2,0,1
hell-Hunter-Sorcerer-TusiChief,20260906,Training.Hell.3-1,7,Hunter,Sorcerer,TusiChief,3,10,True,victory,baseline,True,10,11170,1117.0,4653,1855.6666666666667,800.4285714285714,89,0,1990,12570,12659,0,18,59,20,29,6,1101,75,,D:\UE5 demo\GameXXK\Saved\Balance\20260907-final-matrix\hell-Hunter-Sorcerer-TusiChief\seed-20260906.json,2,0,129
hell-Hunter-Sorcerer-TusiChief,20260907,Training.Hell.3-1,7,Hunter,Sorcerer,TusiChief,3,10,True,victory,baseline,True,21,11176,532.1904761904761,5288,1841.6666666666667,313.94444444444446,756,525,3907,12428,12659,0,30,91,50,54,0,1124,0,,D:\UE5 demo\GameXXK\Saved\Balance\20260907-final-matrix\hell-Hunter-Sorcerer-TusiChief\seed-20260907.json,4,0,20
hell-Hunter-Sorcerer-TusiChief,20260908,Training.Hell.3-1,7,Hunter,Sorcerer,TusiChief,3,10,True,victory,baseline,True,13,11176,859.6923076923077,3873,1772.3333333333333,585.9,608,300,4156,12351,12659,0,29,84,26,45,0,1950,150,,D:\UE5 demo\GameXXK\Saved\Balance\20260907-final-matrix\hell-Hunter-Sorcerer-TusiChief\seed-20260908.json,6,0,120
hell-Hunter-Sorcerer-TusiChief,20260909,Training.Hell.3-1,7,Hunter,Sorcerer,TusiChief,3,10,True,victory,baseline,True,14,11176,798.2857142857143,4237,2705.3333333333335,278.1818181818182,773,450,2290,12336,12659,0,23,54,31,39,0,1634,0,,D:\UE5 demo\GameXXK\Saved\Balance\20260907-final-matrix\hell-Hunter-Sorcerer-TusiChief\seed-20260909.json,5,0,2
hell-Hunter-Sorcerer-TusiChief,20260910,Training.Hell.3-1,7,Hunter,Sorcerer,TusiChief,3,10,True,victory,baseline,True,23,11176,485.9130434782609,3546,1847.0,281.75,895,721,4420,12485,12659,0,37,91,57,60,0,1141,29,,D:\UE5 demo\GameXXK\Saved\Balance\20260907-final-matrix\hell-Hunter-Sorcerer-TusiChief\seed-20260910.json,5,0,61
hell-Hunter-Sorcerer-SongJinBao,20260906,Training.Hell.3-1,7,Hunter,Sorcerer,SongJinBao,3,10,True,victory,baseline,True,12,11158,929.8333333333334,4682,1851.6666666666667,622.5555555555555,320,140,1125,12302,12482,0,22,116,24,47,10,957,85,,D:\UE5 demo\GameXXK\Saved\Balance\20260907-final-matrix\hell-Hunter-Sorcerer-SongJinBao\seed-20260906.json,4,0,40
hell-Hunter-Sorcerer-SongJinBao,20260907,Training.Hell.3-1,7,Hunter,Sorcerer,SongJinBao,3,10,True,victory,baseline,True,23,11176,485.9130434782609,4969,1802.0,288.5,1010,721,0,12193,12482,0,22,71,64,42,0,1373,104,,D:\UE5 demo\GameXXK\Saved\Balance\20260907-final-matrix\hell-Hunter-Sorcerer-SongJinBao\seed-20260907.json,10,6,2
hell-Hunter-Sorcerer-SongJinBao,20260908,Training.Hell.3-1,7,Hunter,Sorcerer,SongJinBao,3,10,True,victory,baseline,True,21,11176,532.1904761904761,4963,1802.0,320.55555555555554,950,450,0,11982,12482,0,16,68,59,35,0,1388,0,,D:\UE5 demo\GameXXK\Saved\Balance\20260907-final-matrix\hell-Hunter-Sorcerer-SongJinBao\seed-20260908.json,10,6,2
hell-Hunter-Sorcerer-SongJinBao,20260909,Training.Hell.3-1,7,Hunter,Sorcerer,SongJinBao,3,10,True,victory,baseline,True,6,11170,1861.6666666666667,5081,1825.6666666666667,1897.6666666666667,0,0,735,12482,12482,0,15,54,14,29,11,922,0,,D:\UE5 demo\GameXXK\Saved\Balance\20260907-final-matrix\hell-Hunter-Sorcerer-SongJinBao\seed-20260909.json,0,0,0
hell-Hunter-Sorcerer-SongJinBao,20260910,Training.Hell.3-1,7,Hunter,Sorcerer,SongJinBao,3,10,True,stalemate,baseline,True,8,5544,693.0,3690,1848.0,0.0,0,0,240,12482,12482,0,10,53,19,21,0,208,0,,D:\UE5 demo\GameXXK\Saved\Balance\20260907-final-matrix\hell-Hunter-Sorcerer-SongJinBao\seed-20260910.json,2,2,4
hell-Hunter-Sorcerer-YueBai,20260906,Training.Hell.3-1,7,Hunter,Sorcerer,YueBai,3,10,True,stalemate,baseline,True,8,5408,676.0,3887,1802.6666666666667,0.0,0,0,12150,11904,11904,0,14,72,24,31,0,232,75,,D:\UE5 demo\GameXXK\Saved\Balance\20260907-final-matrix\hell-Hunter-Sorcerer-YueBai\seed-20260906.json,2,0,294
hell-Hunter-Sorcerer-YueBai,20260907,Training.Hell.3-1,7,Hunter,Sorcerer,YueBai,3,10,True,stalemate,baseline,True,8,5406,675.75,4465,1802.0,0.0,60,60,20412,11904,11904,0,16,126,24,45,0,1892,90,,D:\UE5 demo\GameXXK\Saved\Balance\20260907-final-matrix\hell-Hunter-Sorcerer-YueBai\seed-20260907.json,4,0,500
hell-Hunter-Sorcerer-YueBai,20260908,Training.Hell.3-1,7,Hunter,Sorcerer,YueBai,3,10,True,victory,baseline,True,9,11176,1241.7777777777778,4459,1838.3333333333333,943.5,120,120,21870,11904,11904,0,20,144,26,59,0,1362,180,,D:\UE5 demo\GameXXK\Saved\Balance\20260907-final-matrix\hell-Hunter-Sorcerer-YueBai\seed-20260908.json,4,0,500
hell-Hunter-Sorcerer-YueBai,20260909,Training.Hell.3-1,7,Hunter,Sorcerer,YueBai,3,10,True,victory,baseline,True,6,11158,1859.6666666666667,4237,1825.6666666666667,1893.6666666666667,60,60,16212,11904,11904,0,15,101,11,41,11,2686,240,,D:\UE5 demo\GameXXK\Saved\Balance\20260907-final-matrix\hell-Hunter-Sorcerer-YueBai\seed-20260909.json,2,0,206
hell-Hunter-Sorcerer-YueBai,20260910,Training.Hell.3-1,7,Hunter,Sorcerer,YueBai,3,10,True,victory,baseline,True,4,11168,2792.0,7807,2788.6666666666665,2802.0,0,0,14289,11904,11904,0,10,83,7,29,18,14035,0,,D:\UE5 demo\GameXXK\Saved\Balance\20260907-final-matrix\hell-Hunter-Sorcerer-YueBai\seed-20260910.json,2,0,124
hell-Hunter-Sorcerer-ZhouGuangZu,20260906,Training.Hell.3-1,7,Hunter,Sorcerer,ZhouGuangZu,3,10,True,victory,baseline,True,11,11176,1016.0,4366,1857.6666666666667,700.375,519,348,8379,11328,11499,0,23,121,31,49,0,1322,1842,,D:\UE5 demo\GameXXK\Saved\Balance\20260907-final-matrix\hell-Hunter-Sorcerer-ZhouGuangZu\seed-20260906.json,7,1,426
hell-Hunter-Sorcerer-ZhouGuangZu,20260907,Training.Hell.3-1,7,Hunter,Sorcerer,ZhouGuangZu,3,10,True,victory,baseline,True,5,11150,2230.0,4465,1849.0,2801.5,135,135,6153,11499,11499,0,18,100,5,41,6,1459,1281,,D:\UE5 demo\GameXXK\Saved\Balance\20260907-final-matrix\hell-Hunter-Sorcerer-ZhouGuangZu\seed-20260907.json,2,0,253
hell-Hunter-Sorcerer-ZhouGuangZu,20260908,Training.Hell.3-1,7,Hunter,Sorcerer,ZhouGuangZu,3,10,True,victory,baseline,True,4,11164,2791.0,4459,2787.3333333333335,2802.0,132,132,6834,11499,11499,0,17,100,4,39,7,623,969,,D:\UE5 demo\GameXXK\Saved\Balance\20260907-final-matrix\hell-Hunter-Sorcerer-ZhouGuangZu\seed-20260908.json,2,0,253
hell-Hunter-Sorcerer-ZhouGuangZu,20260909,Training.Hell.3-1,7,Hunter,Sorcerer,ZhouGuangZu,3,10,True,victory,baseline,True,4,11175,2793.75,4237,1857.3333333333333,5603.0,66,66,5952,11499,11499,0,14,83,6,35,7,2529,714,,D:\UE5 demo\GameXXK\Saved\Balance\20260907-final-matrix\hell-Hunter-Sorcerer-ZhouGuangZu\seed-20260909.json,2,0,253
hell-Hunter-Sorcerer-ZhouGuangZu,20260910,Training.Hell.3-1,7,Hunter,Sorcerer,ZhouGuangZu,3,10,True,victory,baseline,True,4,11176,2794.0,3252,2791.3333333333335,2802.0,9,9,7647,11499,11499,0,16,94,4,36,6,817,936,,D:\UE5 demo\GameXXK\Saved\Balance\20260907-final-matrix\hell-Hunter-Sorcerer-ZhouGuangZu\seed-20260910.json,2,0,171
hell-Hunter-Sorcerer-JinGui,20260906,Training.Hell.3-1,7,Hunter,Sorcerer,JinGui,0,10,True,victory,baseline,True,11,11163,1014.8181818181819,5044,2736.0,369.375,77,77,5014,11733,11733,0,28,95,18,42,7,492,73,,D:\UE5 demo\GameXXK\Saved\Balance\20260907-final-matrix\hell-Hunter-Sorcerer-JinGui\seed-20260906.json,4,0,223
hell-Hunter-Sorcerer-JinGui,20260907,Training.Hell.3-1,7,Hunter,Sorcerer,JinGui,0,10,True,victory,baseline,True,17,11176,657.4117647058823,4902,1801.3333333333333,412.2857142857143,647,375,4902,11461,11733,0,19,55,40,33,0,422,0,,D:\UE5 demo\GameXXK\Saved\Balance\20260907-final-matrix\hell-Hunter-Sorcerer-JinGui\seed-20260907.json,6,0,313
hell-Hunter-Sorcerer-JinGui,20260908,Training.Hell.3-1,7,Hunter,Sorcerer,JinGui,0,10,True,victory,baseline,True,16,11176,698.5,4902,1827.0,438.0769230769231,644,375,5368,11464,11733,0,18,48,40,34,0,514,0,,D:\UE5 demo\GameXXK\Saved\Balance\20260907-final-matrix\hell-Hunter-Sorcerer-JinGui\seed-20260908.json,6,0,316
hell-Hunter-Sorcerer-JinGui,20260909,Training.Hell.3-1,7,Hunter,Sorcerer,JinGui,0,10,True,victory,baseline,True,15,11163,744.2,5074,1823.3333333333333,474.4166666666667,227,227,4200,11733,11733,0,20,59,38,38,0,509,148,,D:\UE5 demo\GameXXK\Saved\Balance\20260907-final-matrix\hell-Hunter-Sorcerer-JinGui\seed-20260909.json,4,0,73
hell-Hunter-Sorcerer-JinGui,20260910,Training.Hell.3-1,7,Hunter,Sorcerer,JinGui,0,10,True,victory,baseline,True,9,11163,1240.3333333333333,5251,1853.3333333333333,933.8333333333334,57,57,3798,11733,11733,0,23,73,16,40,0,318,168,,D:\UE5 demo\GameXXK\Saved\Balance\20260907-final-matrix\hell-Hunter-Sorcerer-JinGui\seed-20260910.json,2,0,93
hell-Hunter-Sorcerer-QiongMeiEr,20260906,Training.Hell.3-1,7,Hunter,Sorcerer,QiongMeiEr,3,10,True,victory,baseline,True,7,11157,1593.857142857143,5554,2747.3333333333335,728.75,0,0,840,12192,12192,0,18,69,12,29,7,362,540,,D:\UE5 demo\GameXXK\Saved\Balance\20260907-final-matrix\hell-Hunter-Sorcerer-QiongMeiEr\seed-20260906.json,2,0,121
hell-Hunter-Sorcerer-QiongMeiEr,20260907,Training.Hell.3-1,7,Hunter,Sorcerer,QiongMeiEr,3,10,True,victory,baseline,True,8,11159,1394.875,4902,1836.0,1130.2,121,121,270,12192,12192,0,21,84,11,33,6,213,419,,D:\UE5 demo\GameXXK\Saved\Balance\20260907-final-matrix\hell-Hunter-Sorcerer-QiongMeiEr\seed-20260907.json,2,0,0
hell-Hunter-Sorcerer-QiongMeiEr,20260908,Training.Hell.3-1,7,Hunter,Sorcerer,QiongMeiEr,3,10,True,victory,baseline,True,13,11151,857.7692307692307,4902,1829.3333333333333,566.3,242,196,0,12146,12192,0,16,66,30,29,0,310,494,,D:\UE5 demo\GameXXK\Saved\Balance\20260907-final-matrix\hell-Hunter-Sorcerer-QiongMeiEr\seed-20260908.json,4,0,0
hell-Hunter-Sorcerer-QiongMeiEr,20260909,Training.Hell.3-1,7,Hunter,Sorcerer,QiongMeiEr,3,10,True,victory,baseline,True,11,11149,1013.5454545454545,5010,1848.6666666666667,700.375,242,196,0,12146,12192,0,15,73,25,30,0,408,344,,D:\UE5 demo\GameXXK\Saved\Balance\20260907-final-matrix\hell-Hunter-Sorcerer-QiongMeiEr\seed-20260909.json,4,0,0
hell-Hunter-Sorcerer-QiongMeiEr,20260910,Training.Hell.3-1,7,Hunter,Sorcerer,QiongMeiEr,3,10,True,victory,baseline,True,5,11162,2232.4,3471,2746.6666666666665,1461.0,121,121,450,12192,12192,0,19,63,2,28,7,403,344,,D:\UE5 demo\GameXXK\Saved\Balance\20260907-final-matrix\hell-Hunter-Sorcerer-QiongMeiEr\seed-20260910.json,2,0,0
hell-Hunter-FormationMaster-TusiChief,20260906,Training.Hell.3-1,7,Hunter,FormationMaster,TusiChief,3,10,True,victory,baseline,True,12,11149,929.0833333333334,2770,1708.6666666666667,669.2222222222222,398,360,13568,12623,12661,0,33,48,1,46,0,366,1590,,D:\UE5 demo\GameXXK\Saved\Balance\20260907-final-matrix\hell-Hunter-FormationMaster-TusiChief\seed-20260906.json,4,1,502
hell-Hunter-FormationMaster-TusiChief,20260907,Training.Hell.3-1,7,Hunter,FormationMaster,TusiChief,3,10,True,stalemate,baseline,True,9,5455,606.1111111111111,3720,1818.3333333333333,0.0,0,0,8648,12661,12661,0,22,39,2,30,0,112,1500,,D:\UE5 demo\GameXXK\Saved\Balance\20260907-final-matrix\hell-Hunter-FormationMaster-TusiChief\seed-20260907.json,1,0,194
hell-Hunter-FormationMaster-TusiChief,20260908,Training.Hell.3-1,7,Hunter,FormationMaster,TusiChief,3,10,True,stalemate,baseline,True,12,5406,450.5,2353,1802.0,0.0,38,38,12240,12661,12661,0,30,33,3,41,0,596,1837,,D:\UE5 demo\GameXXK\Saved\Balance\20260907-final-matrix\hell-Hunter-FormationMaster-TusiChief\seed-20260908.json,2,0,350
hell-Hunter-FormationMaster-TusiChief,20260909,Training.Hell.3-1,7,Hunter,FormationMaster,TusiChief,3,10,True,stalemate,baseline,True,8,5177,647.125,2567,1725.6666666666667,0.0,0,0,10164,12661,12661,0,21,36,0,30,0,336,1575,,D:\UE5 demo\GameXXK\Saved\Balance\20260907-final-matrix\hell-Hunter-FormationMaster-TusiChief\seed-20260909.json,2,0,364
hell-Hunter-FormationMaster-TusiChief,20260910,Training.Hell.3-1,7,Hunter,FormationMaster,TusiChief,3,10,True,victory,baseline,True,15,11142,742.8,2770,1760.6666666666667,488.3333333333333,586,338,9822,12413,12661,0,34,63,9,55,0,1471,1087,,D:\UE5 demo\GameXXK\Saved\Balance\20260907-final-matrix\hell-Hunter-FormationMaster-TusiChief\seed-20260910.json,5,1,417
hell-Hunter-FormationMaster-SongJinBao,20260906,Training.Hell.3-1,7,Hunter,FormationMaster,SongJinBao,3,10,True,victory,baseline,True,6,11176,1862.6666666666667,2290,1772.0,1953.3333333333333,30,30,9801,12484,12484,0,27,69,0,48,1,987,2145,,D:\UE5 demo\GameXXK\Saved\Balance\20260907-final-matrix\hell-Hunter-FormationMaster-SongJinBao\seed-20260906.json,2,2,4
hell-Hunter-FormationMaster-SongJinBao,20260907,Training.Hell.3-1,7,Hunter,FormationMaster,SongJinBao,3,10,True,victory,baseline,True,6,11145,1857.5,2567,1851.6666666666667,1863.3333333333333,0,0,8622,12484,12484,0,26,69,2,40,1,501,1275,,D:\UE5 demo\GameXXK\Saved\Balance\20260907-final-matrix\hell-Hunter-FormationMaster-SongJinBao\seed-20260907.json,1,1,2
hell-Hunter-FormationMaster-SongJinBao,20260908,Training.Hell.3-1,7,Hunter,FormationMaster,SongJinBao,3,10,True,victory,baseline,True,7,11176,1596.5714285714287,3756,1818.0,1430.5,0,0,11601,12484,12484,0,33,45,0,45,4,1358,2175,,D:\UE5 demo\GameXXK\Saved\Balance\20260907-final-matrix\hell-Hunter-FormationMaster-SongJinBao\seed-20260908.json,0,0,0
hell-Hunter-FormationMaster-SongJinBao,20260909,Training.Hell.3-1,7,Hunter,FormationMaster,SongJinBao,3,10,True,victory,baseline,True,5,11168,2233.6,2772,2707.6666666666665,1522.5,0,0,8658,12484,12484,0,26,66,0,39,0,1562,1800,,D:\UE5 demo\GameXXK\Saved\Balance\20260907-final-matrix\hell-Hunter-FormationMaster-SongJinBao\seed-20260909.json,1,1,2
hell-Hunter-FormationMaster-SongJinBao,20260910,Training.Hell.3-1,7,Hunter,FormationMaster,SongJinBao,3,10,True,victory,baseline,True,6,11176,1862.6666666666667,2772,1835.3333333333333,1890.0,0,0,7983,12484,12484,0,26,45,3,44,6,1213,1800,,D:\UE5 demo\GameXXK\Saved\Balance\20260907-final-matrix\hell-Hunter-FormationMaster-SongJinBao\seed-20260910.json,0,0,0
hell-Hunter-FormationMaster-YueBai,20260906,Training.Hell.3-1,7,Hunter,FormationMaster,YueBai,3,10,True,victory,baseline,True,5,11176,2235.2,6343,2605.3333333333335,1680.0,0,0,18990,11906,11906,0,14,117,1,44,28,19781,1200,,D:\UE5 demo\GameXXK\Saved\Balance\20260907-final-matrix\hell-Hunter-FormationMaster-YueBai\seed-20260906.json,3,1,134
hell-Hunter-FormationMaster-YueBai,20260907,Training.Hell.3-1,7,Hunter,FormationMaster,YueBai,3,10,True,victory,baseline,True,7,11176,1596.5714285714287,5603,2757.6666666666665,725.75,0,0,19935,11906,11906,0,21,96,0,41,8,19716,1200,,D:\UE5 demo\GameXXK\Saved\Balance\20260907-final-matrix\hell-Hunter-FormationMaster-YueBai\seed-20260907.json,2,0,132
hell-Hunter-FormationMaster-YueBai,20260908,Training.Hell.3-1,7,Hunter,FormationMaster,YueBai,3,10,True,stalemate,baseline,True,11,5472,497.45454545454544,1600,1760.6666666666667,23.75,810,750,29727,11846,11906,0,31,138,0,61,4,170,2100,,D:\UE5 demo\GameXXK\Saved\Balance\20260907-final-matrix\hell-Hunter-FormationMaster-YueBai\seed-20260908.json,5,1,481
hell-Hunter-FormationMaster-YueBai,20260909,Training.Hell.3-1,7,Hunter,FormationMaster,YueBai,3,10,True,victory,baseline,True,6,11176,1862.6666666666667,2567,1839.0,1886.3333333333333,30,30,46530,11906,11906,0,17,276,0,115,0,880,1470,,D:\UE5 demo\GameXXK\Saved\Balance\20260907-final-matrix\hell-Hunter-FormationMaster-YueBai\seed-20260909.json,2,0,529
hell-Hunter-FormationMaster-YueBai,20260910,Training.Hell.3-1,7,Hunter,FormationMaster,YueBai,3,10,True,victory,baseline,True,3,11176,3725.3333333333335,6076,3725.3333333333335,,0,0,17172,11906,11906,0,9,57,0,26,16,21008,900,,D:\UE5 demo\GameXXK\Saved\Balance\20260907-final-matrix\hell-Hunter-FormationMaster-YueBai\seed-20260910.json,2,0,132
hell-Hunter-FormationMaster-ZhouGuangZu,20260906,Training.Hell.3-1,7,Hunter,FormationMaster,ZhouGuangZu,3,10,True,victory,baseline,True,6,11173,1862.1666666666667,989,1751.6666666666667,1972.6666666666667,705,585,11211,11381,11501,0,20,114,0,44,0,2123,1047,,D:\UE5 demo\GameXXK\Saved\Balance\20260907-final-matrix\hell-Hunter-FormationMaster-ZhouGuangZu\seed-20260906.json,4,1,443
hell-Hunter-FormationMaster-ZhouGuangZu,20260907,Training.Hell.3-1,7,Hunter,FormationMaster,ZhouGuangZu,3,10,True,victory,baseline,True,5,11150,2230.0,2515,1735.6666666666667,2971.5,639,279,9624,11141,11501,0,13,90,1,37,0,218,657,,D:\UE5 demo\GameXXK\Saved\Balance\20260907-final-matrix\hell-Hunter-FormationMaster-ZhouGuangZu\seed-20260907.json,3,1,264
hell-Hunter-FormationMaster-ZhouGuangZu,20260908,Training.Hell.3-1,7,Hunter,FormationMaster,ZhouGuangZu,3,10,True,victory,baseline,True,6,11176,1862.6666666666667,1805,1840.0,1885.3333333333333,819,639,13008,11321,11501,0,18,102,0,45,0,890,897,,D:\UE5 demo\GameXXK\Saved\Balance\20260907-final-matrix\hell-Hunter-FormationMaster-ZhouGuangZu\seed-20260908.json,4,1,443
hell-Hunter-FormationMaster-ZhouGuangZu,20260909,Training.Hell.3-1,7,Hunter,FormationMaster,ZhouGuangZu,3,10,True,victory,baseline,True,5,11176,2235.2,2567,1839.0,2829.5,36,36,12342,11501,11501,0,14,99,0,40,0,880,1494,,D:\UE5 demo\GameXXK\Saved\Balance\20260907-final-matrix\hell-Hunter-FormationMaster-ZhouGuangZu\seed-20260909.json,1,0,397
hell-Hunter-FormationMaster-ZhouGuangZu,20260910,Training.Hell.3-1,7,Hunter,FormationMaster,ZhouGuangZu,3,10,True,victory,baseline,True,4,11176,2794.0,1986,1785.6666666666667,5819.0,306,306,8514,11501,11501,0,12,99,0,37,0,1431,924,,D:\UE5 demo\GameXXK\Saved\Balance\20260907-final-matrix\hell-Hunter-FormationMaster-ZhouGuangZu\seed-20260910.json,2,0,262
hell-Hunter-FormationMaster-JinGui,20260906,Training.Hell.3-1,7,Hunter,FormationMaster,JinGui,0,10,True,stalemate,baseline,True,16,8201,512.5625,1190,1749.3333333333333,227.15384615384616,360,360,19863,11735,11735,0,41,57,6,58,0,303,2190,,D:\UE5 demo\GameXXK\Saved\Balance\20260907-final-matrix\hell-Hunter-FormationMaster-JinGui\seed-20260906.json,5,1,517
hell-Hunter-FormationMaster-JinGui,20260907,Training.Hell.3-1,7,Hunter,FormationMaster,JinGui,0,10,True,stalemate,baseline,True,16,8201,512.5625,3386,1707.6666666666667,236.76923076923077,200,200,17656,11735,11735,0,40,54,7,57,0,192,2350,,D:\UE5 demo\GameXXK\Saved\Balance\20260907-final-matrix\hell-Hunter-FormationMaster-JinGui\seed-20260907.json,5,0,622
hell-Hunter-FormationMaster-JinGui,20260908,Training.Hell.3-1,7,Hunter,FormationMaster,JinGui,0,10,True,stalemate,baseline,True,13,8312,639.3846153846154,1600,1815.0,286.7,630,630,15104,11735,11735,0,37,66,2,54,0,286,1695,,D:\UE5 demo\GameXXK\Saved\Balance\20260907-final-matrix\hell-Hunter-FormationMaster-JinGui\seed-20260908.json,7,1,632
hell-Hunter-FormationMaster-JinGui,20260909,Training.Hell.3-1,7,Hunter,FormationMaster,JinGui,0,10,True,stalemate,baseline,True,8,5326,665.75,2567,1775.3333333333333,0.0,0,0,9120,11735,11735,0,20,36,2,29,0,89,1275,,D:\UE5 demo\GameXXK\Saved\Balance\20260907-final-matrix\hell-Hunter-FormationMaster-JinGui\seed-20260909.json,1,0,158
hell-Hunter-FormationMaster-JinGui,20260910,Training.Hell.3-1,7,Hunter,FormationMaster,JinGui,0,10,True,victory,baseline,True,11,11158,1014.3636363636364,3032,1851.6666666666667,700.375,660,660,16388,11735,11735,0,29,63,3,41,0,378,1290,,D:\UE5 demo\GameXXK\Saved\Balance\20260907-final-matrix\hell-Hunter-FormationMaster-JinGui\seed-20260910.json,4,1,262
hell-Hunter-FormationMaster-QiongMeiEr,20260906,Training.Hell.3-1,7,Hunter,FormationMaster,QiongMeiEr,3,10,True,victory,baseline,True,5,11162,2232.4,2772,1857.6666666666667,2794.5,0,0,7029,12194,12194,0,23,60,0,33,0,206,900,,D:\UE5 demo\GameXXK\Saved\Balance\20260907-final-matrix\hell-Hunter-FormationMaster-QiongMeiEr\seed-20260906.json,0,0,0
hell-Hunter-FormationMaster-QiongMeiEr,20260907,Training.Hell.3-1,7,Hunter,FormationMaster,QiongMeiEr,3,10,True,victory,baseline,True,4,11154,2788.5,4672,1850.3333333333333,5603.0,0,0,4536,12194,12194,0,17,57,0,28,0,1137,600,,D:\UE5 demo\GameXXK\Saved\Balance\20260907-final-matrix\hell-Hunter-FormationMaster-QiongMeiEr\seed-20260907.json,0,0,0
hell-Hunter-FormationMaster-QiongMeiEr,20260908,Training.Hell.3-1,7,Hunter,FormationMaster,QiongMeiEr,3,10,True,victory,baseline,True,7,11176,1596.5714285714287,2422,1857.6666666666667,1400.75,134,134,11583,12194,12194,0,30,57,3,39,0,582,1816,,D:\UE5 demo\GameXXK\Saved\Balance\20260907-final-matrix\hell-Hunter-FormationMaster-QiongMeiEr\seed-20260908.json,2,0,85
hell-Hunter-FormationMaster-QiongMeiEr,20260909,Training.Hell.3-1,7,Hunter,FormationMaster,QiongMeiEr,3,10,True,victory,baseline,True,5,11176,2235.2,3875,1844.0,2822.0,0,0,8397,12194,12194,0,25,51,0,37,0,320,1275,,D:\UE5 demo\GameXXK\Saved\Balance\20260907-final-matrix\hell-Hunter-FormationMaster-QiongMeiEr\seed-20260909.json,0,0,0
hell-Hunter-FormationMaster-QiongMeiEr,20260910,Training.Hell.3-1,7,Hunter,FormationMaster,QiongMeiEr,3,10,True,victory,baseline,True,7,11162,1594.5714285714287,2685,1843.0,1408.25,180,180,11862,12194,12194,0,34,48,0,46,0,678,2670,,D:\UE5 demo\GameXXK\Saved\Balance\20260907-final-matrix\hell-Hunter-FormationMaster-QiongMeiEr\seed-20260910.json,3,0,256
hell-Mage-Blade-TusiChief,20260906,Training.Hell.3-1,7,Mage,Blade,TusiChief,3,10,True,limit,baseline,False,60,8320,138.66666666666666,3406,2716.0,3.017543859649123,2450,1875,17865,12037,12612,0,74,37,107,127,5,106,0,Simulation reached MaxRounds before a terminal result.,D:\UE5 demo\GameXXK\Saved\Balance\20260907-final-matrix\hell-Mage-Blade-TusiChief\seed-20260906.json,27,13,16
hell-Mage-Blade-TusiChief,20260907,Training.Hell.3-1,7,Mage,Blade,TusiChief,3,10,True,limit,baseline,False,60,5091,84.85,2654,1697.0,0.0,3087,2175,15431,11700,12612,0,69,15,111,114,0,193,0,Simulation reached MaxRounds before a terminal result.,D:\UE5 demo\GameXXK\Saved\Balance\20260907-final-matrix\hell-Mage-Blade-TusiChief\seed-20260907.json,27,13,15
hell-Mage-Blade-TusiChief,20260908,Training.Hell.3-1,7,Mage,Blade,TusiChief,3,10,True,victory,baseline,True,46,11164,242.69565217391303,1190,2759.6666666666665,67.09302325581395,1895,1275,12781,11992,12612,0,57,40,80,91,11,223,0,,D:\UE5 demo\GameXXK\Saved\Balance\20260907-final-matrix\hell-Mage-Blade-TusiChief\seed-20260908.json,22,10,18
hell-Mage-Blade-TusiChief,20260909,Training.Hell.3-1,7,Mage,Blade,TusiChief,3,10,True,limit,baseline,False,60,5535,92.25,3919,1845.0,0.0,2346,1619,7194,11885,12612,0,35,11,145,74,0,376,31,Simulation reached MaxRounds before a terminal result.,D:\UE5 demo\GameXXK\Saved\Balance\20260907-final-matrix\hell-Mage-Blade-TusiChief\seed-20260909.json,24,12,6
hell-Mage-Blade-TusiChief,20260910,Training.Hell.3-1,7,Mage,Blade,TusiChief,3,10,True,limit,baseline,False,60,8299,138.31666666666666,2292,2611.0,8.175438596491228,2330,1875,15034,12157,12612,0,71,31,109,113,1,148,0,Simulation reached MaxRounds before a terminal result.,D:\UE5 demo\GameXXK\Saved\Balance\20260907-final-matrix\hell-Mage-Blade-TusiChief\seed-20260910.json,27,13,16
hell-Mage-Blade-SongJinBao,20260906,Training.Hell.3-1,7,Mage,Blade,SongJinBao,3,10,True,victory,baseline,True,3,11159,3719.6666666666665,3276,3719.6666666666665,,213,31,912,12253,12435,0,14,36,2,21,6,101,44,,D:\UE5 demo\GameXXK\Saved\Balance\20260907-final-matrix\hell-Mage-Blade-SongJinBao\seed-20260906.json,3,3,3
hell-Mage-Blade-SongJinBao,20260907,Training.Hell.3-1,7,Mage,Blade,SongJinBao,3,10,True,stalemate,baseline,True,7,5324,760.5714285714286,5324,1774.6666666666667,0.0,0,0,942,12435,12435,0,16,22,12,26,5,246,150,,D:\UE5 demo\GameXXK\Saved\Balance\20260907-final-matrix\hell-Mage-Blade-SongJinBao\seed-20260907.json,0,0,0
hell-Mage-Blade-SongJinBao,20260908,Training.Hell.3-1,7,Mage,Blade,SongJinBao,3,10,True,victory,baseline,True,2,11176,5588.0,2628,5588.0,,92,0,912,12343,12435,0,11,24,0,15,9,193,0,,D:\UE5 demo\GameXXK\Saved\Balance\20260907-final-matrix\hell-Mage-Blade-SongJinBao\seed-20260908.json,3,3,4
hell-Mage-Blade-SongJinBao,20260909,Training.Hell.3-1,7,Mage,Blade,SongJinBao,3,10,True,limit,baseline,False,60,5533,92.21666666666667,5533,1844.3333333333333,0.0,2992,1950,0,11393,12435,0,41,23,172,79,0,376,150,Simulation reached MaxRounds before a terminal result.,D:\UE5 demo\GameXXK\Saved\Balance\20260907-final-matrix\hell-Mage-Blade-SongJinBao\seed-20260909.json,28,12,0
hell-Mage-Blade-SongJinBao,20260910,Training.Hell.3-1,7,Mage,Blade,SongJinBao,3,10,True,victory,baseline,True,2,11176,5588.0,9329,5588.0,,0,0,613,12435,12435,0,10,24,0,17,10,608,0,,D:\UE5 demo\GameXXK\Saved\Balance\20260907-final-matrix\hell-Mage-Blade-SongJinBao\seed-20260910.json,0,0,0
hell-Mage-Blade-YueBai,20260906,Training.Hell.3-1,7,Mage,Blade,YueBai,3,10,True,victory,baseline,True,5,11176,2235.2,5573,2741.0,1476.5,0,0,12389,11857,11857,0,9,52,5,24,13,8137,0,,D:\UE5 demo\GameXXK\Saved\Balance\20260907-final-matrix\hell-Mage-Blade-YueBai\seed-20260906.json,2,1,49
hell-Mage-Blade-YueBai,20260907,Training.Hell.3-1,7,Mage,Blade,YueBai,3,10,True,victory,baseline,True,4,11176,2794.0,6121,2713.0,3037.0,0,0,12277,11857,11857,0,9,47,2,25,17,13517,0,,D:\UE5 demo\GameXXK\Saved\Balance\20260907-final-matrix\hell-Mage-Blade-YueBai\seed-20260907.json,2,1,49
hell-Mage-Blade-YueBai,20260908,Training.Hell.3-1,7,Mage,Blade,YueBai,3,10,True,victory,baseline,True,5,11176,2235.2,1280,3168.0,836.0,700,125,15148,11282,11857,0,15,60,0,25,17,9113,0,,D:\UE5 demo\GameXXK\Saved\Balance\20260907-final-matrix\hell-Mage-Blade-YueBai\seed-20260908.json,6,2,528
hell-Mage-Blade-YueBai,20260909,Training.Hell.3-1,7,Mage,Blade,YueBai,3,10,True,stalemate,baseline,True,8,5445,680.625,4149,1815.0,0.0,0,0,16038,11857,11857,0,5,55,16,24,8,376,0,,D:\UE5 demo\GameXXK\Saved\Balance\20260907-final-matrix\hell-Mage-Blade-YueBai\seed-20260909.json,3,1,289
hell-Mage-Blade-YueBai,20260910,Training.Hell.3-1,7,Mage,Blade,YueBai,3,10,True,victory,baseline,True,5,11171,2234.2,6024,2477.0,1870.0,0,0,10333,11857,11857,0,15,53,0,24,13,12985,140,,D:\UE5 demo\GameXXK\Saved\Balance\20260907-final-matrix\hell-Mage-Blade-YueBai\seed-20260910.json,3,1,119
hell-Mage-Blade-ZhouGuangZu,20260906,Training.Hell.3-1,7,Mage,Blade,ZhouGuangZu,3,10,True,victory,baseline,True,9,11151,1239.0,2411,1857.6666666666667,929.6666666666666,646,646,8541,11452,11452,0,26,88,5,41,5,415,1234,,D:\UE5 demo\GameXXK\Saved\Balance\20260907-final-matrix\hell-Mage-Blade-ZhouGuangZu\seed-20260906.json,9,3,693
hell-Mage-Blade-ZhouGuangZu,20260907,Training.Hell.3-1,7,Mage,Blade,ZhouGuangZu,3,10,True,victory,baseline,True,5,11366,2273.2,1190,1412.6666666666667,3564.0,1061,432,4582,10823,11452,0,18,49,0,23,6,243,537,,D:\UE5 demo\GameXXK\Saved\Balance\20260907-final-matrix\hell-Mage-Blade-ZhouGuangZu\seed-20260907.json,4,1,249
hell-Mage-Blade-ZhouGuangZu,20260908,Training.Hell.3-1,7,Mage,Blade,ZhouGuangZu,3,10,True,victory,baseline,True,5,11176,2235.2,1817,2544.3333333333335,1771.5,639,279,6037,11092,11452,0,16,51,0,28,11,579,357,,D:\UE5 demo\GameXXK\Saved\Balance\20260907-final-matrix\hell-Mage-Blade-ZhouGuangZu\seed-20260908.json,3,1,249
hell-Mage-Blade-ZhouGuangZu,20260909,Training.Hell.3-1,7,Mage,Blade,ZhouGuangZu,3,10,True,victory,baseline,True,5,11155,2231.0,3919,2784.3333333333335,1401.0,18,18,3274,11452,11452,0,18,46,0,24,5,1080,950,,D:\UE5 demo\GameXXK\Saved\Balance\20260907-final-matrix\hell-Mage-Blade-ZhouGuangZu\seed-20260909.json,0,0,0
hell-Mage-Blade-ZhouGuangZu,20260910,Training.Hell.3-1,7,Mage,Blade,ZhouGuangZu,3,10,True,stalemate,baseline,True,18,8302,461.22222222222223,2202,1791.0,195.26666666666668,1187,1187,11347,11452,11452,0,28,88,25,52,5,243,1895,,D:\UE5 demo\GameXXK\Saved\Balance\20260907-final-matrix\hell-Mage-Blade-ZhouGuangZu\seed-20260910.json,12,4,583
hell-Mage-Blade-JinGui,20260906,Training.Hell.3-1,7,Mage,Blade,JinGui,0,10,True,limit,baseline,False,60,8337,138.95,1190,1814.6666666666667,50.75438596491228,1537,1535,27998,11684,11686,0,79,33,102,115,5,262,115,Simulation reached MaxRounds before a terminal result.,D:\UE5 demo\GameXXK\Saved\Balance\20260907-final-matrix\hell-Mage-Blade-JinGui\seed-20260906.json,37,13,899
hell-Mage-Blade-JinGui,20260907,Training.Hell.3-1,7,Mage,Blade,JinGui,0,10,True,limit,baseline,False,60,5451,90.85,2460,1817.0,0.0,2527,1890,27610,11049,11686,0,81,22,101,111,0,500,0,Simulation reached MaxRounds before a terminal result.,D:\UE5 demo\GameXXK\Saved\Balance\20260907-final-matrix\hell-Mage-Blade-JinGui\seed-20260907.json,37,13,1879
hell-Mage-Blade-JinGui,20260908,Training.Hell.3-1,7,Mage,Blade,JinGui,0,10,True,victory,baseline,True,43,11176,259.90697674418607,1771,1812.6666666666667,143.45,1368,1316,19872,11634,11686,0,56,38,73,90,7,1634,34,,D:\UE5 demo\GameXXK\Saved\Balance\20260907-final-matrix\hell-Mage-Blade-JinGui\seed-20260908.json,23,9,590
hell-Mage-Blade-JinGui,20260909,Training.Hell.3-1,7,Mage,Blade,JinGui,0,10,True,limit,baseline,False,60,5465,91.08333333333333,4419,1821.6666666666667,0.0,1870,1352,22404,11168,11686,0,49,16,131,83,0,376,223,Simulation reached MaxRounds before a terminal result.,D:\UE5 demo\GameXXK\Saved\Balance\20260907-final-matrix\hell-Mage-Blade-JinGui\seed-20260909.json,34,12,1738
hell-Mage-Blade-JinGui,20260910,Training.Hell.3-1,7,Mage,Blade,JinGui,0,10,True,stalemate,baseline,True,43,8344,194.04651162790697,2760,2553.6666666666665,17.075,463,463,20621,11686,11686,0,58,45,70,92,7,566,362,,D:\UE5 demo\GameXXK\Saved\Balance\20260907-final-matrix\hell-Mage-Blade-JinGui\seed-20260910.json,21,8,517
hell-Mage-Blade-QiongMeiEr,20260906,Training.Hell.3-1,7,Mage,Blade,QiongMeiEr,3,10,True,victory,baseline,True,7,11154,1593.4285714285713,3416,1777.0,1455.75,44,0,1854,12101,12145,0,25,37,8,32,5,380,0,,D:\UE5 demo\GameXXK\Saved\Balance\20260907-final-matrix\hell-Mage-Blade-QiongMeiEr\seed-20260906.json,1,0,0
hell-Mage-Blade-QiongMeiEr,20260907,Training.Hell.3-1,7,Mage,Blade,QiongMeiEr,3,10,True,victory,baseline,True,5,11164,2232.8,2337,2747.3333333333335,1461.0,359,359,1510,12145,12145,0,18,37,3,29,10,377,506,,D:\UE5 demo\GameXXK\Saved\Balance\20260907-final-matrix\hell-Mage-Blade-QiongMeiEr\seed-20260907.json,3,0,2
hell-Mage-Blade-QiongMeiEr,20260908,Training.Hell.3-1,7,Mage,Blade,QiongMeiEr,3,10,True,victory,baseline,True,3,11176,3725.3333333333335,2772,3725.3333333333335,,315,75,912,11905,12145,0,12,21,0,19,6,63,0,,D:\UE5 demo\GameXXK\Saved\Balance\20260907-final-matrix\hell-Mage-Blade-QiongMeiEr\seed-20260908.json,2,0,2
hell-Mage-Blade-QiongMeiEr,20260909,Training.Hell.3-1,7,Mage,Blade,QiongMeiEr,3,10,True,victory,baseline,True,9,11161,1240.111111111111,5071,1758.6666666666667,980.8333333333334,114,70,942,12101,12145,0,17,23,17,23,5,681,5,,D:\UE5 demo\GameXXK\Saved\Balance\20260907-final-matrix\hell-Mage-Blade-QiongMeiEr\seed-20260909.json,3,1,2
hell-Mage-Blade-QiongMeiEr,20260910,Training.Hell.3-1,7,Mage,Blade,QiongMeiEr,3,10,True,victory,baseline,True,49,11176,228.08163265306123,4049,2764.0,62.69565217391305,484,484,10676,12145,12145,0,66,51,122,104,8,854,2351,,D:\UE5 demo\GameXXK\Saved\Balance\20260907-final-matrix\hell-Mage-Blade-QiongMeiEr\seed-20260910.json,18,8,8
hell-Mage-Guard-TusiChief,20260906,Training.Hell.3-1,7,Mage,Guard,TusiChief,3,10,True,limit,baseline,False,60,8318,138.63333333333333,1190,1845.0,48.824561403508774,2331,1050,151197,11384,12665,0,167,150,14,168,5,211,0,Simulation reached MaxRounds before a terminal result.,D:\UE5 demo\GameXXK\Saved\Balance\20260907-final-matrix\hell-Mage-Guard-TusiChief\seed-20260906.json,27,14,160
hell-Mage-Guard-TusiChief,20260907,Training.Hell.3-1,7,Mage,Guard,TusiChief,3,10,True,limit,baseline,False,60,8408,140.13333333333333,2202,1450.3333333333333,71.17543859649123,2940,525,132507,10250,12665,0,164,166,17,149,5,247,0,Simulation reached MaxRounds before a terminal result.,D:\UE5 demo\GameXXK\Saved\Balance\20260907-final-matrix\hell-Mage-Guard-TusiChief\seed-20260907.json,27,14,11
hell-Mage-Guard-TusiChief,20260908,Training.Hell.3-1,7,Mage,Guard,TusiChief,3,10,True,limit,baseline,False,60,8335,138.91666666666666,757,1857.6666666666667,48.45614035087719,3857,900,138631,9708,12665,0,160,162,20,157,5,59,0,Simulation reached MaxRounds before a terminal result.,D:\UE5 demo\GameXXK\Saved\Balance\20260907-final-matrix\hell-Mage-Guard-TusiChief\seed-20260908.json,26,14,162
hell-Mage-Guard-TusiChief,20260909,Training.Hell.3-1,7,Mage,Guard,TusiChief,3,10,True,limit,baseline,False,60,5535,92.25,3617,1845.0,0.0,3312,1125,145155,10478,12665,0,157,129,23,147,0,434,0,Simulation reached MaxRounds before a terminal result.,D:\UE5 demo\GameXXK\Saved\Balance\20260907-final-matrix\hell-Mage-Guard-TusiChief\seed-20260909.json,27,14,4
hell-Mage-Guard-TusiChief,20260910,Training.Hell.3-1,7,Mage,Guard,TusiChief,3,10,True,limit,baseline,False,60,8236,137.26666666666668,1190,1476.3333333333333,66.78947368421052,1445,675,146437,11895,12665,0,169,149,12,159,5,435,0,Simulation reached MaxRounds before a terminal result.,D:\UE5 demo\GameXXK\Saved\Balance\20260907-final-matrix\hell-Mage-Guard-TusiChief\seed-20260910.json,24,13,8
hell-Mage-Guard-SongJinBao,20260906,Training.Hell.3-1,7,Mage,Guard,SongJinBao,3,10,True,limit,baseline,False,60,8340,139.0,1082,1833.3333333333333,49.824561403508774,1069,1067,232798,12486,12488,0,270,241,9,291,10,631,208,Simulation reached MaxRounds before a terminal result.,D:\UE5 demo\GameXXK\Saved\Balance\20260907-final-matrix\hell-Mage-Guard-SongJinBao\seed-20260906.json,27,27,35
hell-Mage-Guard-SongJinBao,20260907,Training.Hell.3-1,7,Mage,Guard,SongJinBao,3,10,True,victory,baseline,True,2,11176,5588.0,8884,5588.0,,0,0,6849,12488,12488,0,12,15,0,22,11,664,0,,D:\UE5 demo\GameXXK\Saved\Balance\20260907-final-matrix\hell-Mage-Guard-SongJinBao\seed-20260907.json,0,0,0
hell-Mage-Guard-SongJinBao,20260908,Training.Hell.3-1,7,Mage,Guard,SongJinBao,3,10,True,victory,baseline,True,52,11176,214.92307692307693,2445,2705.0,62.46938775510204,938,932,182118,12482,12488,0,206,208,24,222,19,202,268,,D:\UE5 demo\GameXXK\Saved\Balance\20260907-final-matrix\hell-Mage-Guard-SongJinBao\seed-20260908.json,31,26,34
hell-Mage-Guard-SongJinBao,20260909,Training.Hell.3-1,7,Mage,Guard,SongJinBao,3,10,True,limit,baseline,False,60,5419,90.31666666666666,3919,1806.3333333333333,0.0,1350,1299,214883,12437,12488,0,219,190,51,242,0,434,351,Simulation reached MaxRounds before a terminal result.,D:\UE5 demo\GameXXK\Saved\Balance\20260907-final-matrix\hell-Mage-Guard-SongJinBao\seed-20260909.json,36,29,24
hell-Mage-Guard-SongJinBao,20260910,Training.Hell.3-1,7,Mage,Guard,SongJinBao,3,10,True,victory,baseline,True,2,11176,5588.0,8883,5588.0,,0,0,5338,12488,12488,0,11,28,0,18,14,785,0,,D:\UE5 demo\GameXXK\Saved\Balance\20260907-final-matrix\hell-Mage-Guard-SongJinBao\seed-20260910.json,0,0,0
hell-Mage-Guard-YueBai,20260906,Training.Hell.3-1,7,Mage,Guard,YueBai,3,10,True,victory,baseline,True,6,11176,1862.6666666666667,5573,2416.0,1309.3333333333333,0,0,25468,11910,11910,0,16,71,0,33,12,13987,0,,D:\UE5 demo\GameXXK\Saved\Balance\20260907-final-matrix\hell-Mage-Guard-YueBai\seed-20260906.json,3,2,51
hell-Mage-Guard-YueBai,20260907,Training.Hell.3-1,7,Mage,Guard,YueBai,3,10,True,victory,baseline,True,11,11172,1015.6363636363636,5573,2248.0,553.5,47,47,49491,11910,11910,0,34,102,0,49,21,28999,28,,D:\UE5 demo\GameXXK\Saved\Balance\20260907-final-matrix\hell-Mage-Guard-YueBai\seed-20260907.json,6,4,55
hell-Mage-Guard-YueBai,20260908,Training.Hell.3-1,7,Mage,Guard,YueBai,3,10,True,stalemate,baseline,True,25,8305,332.2,30,1385.3333333333333,188.5909090909091,2610,300,83866,9600,11910,0,69,88,4,92,17,478,0,,D:\UE5 demo\GameXXK\Saved\Balance\20260907-final-matrix\hell-Mage-Guard-YueBai\seed-20260908.json,15,10,296
hell-Mage-Guard-YueBai,20260909,Training.Hell.3-1,7,Mage,Guard,YueBai,3,10,True,stalemate,baseline,True,38,5521,145.28947368421052,3897,1840.3333333333333,0.0,2010,405,148403,10305,11910,0,109,263,2,144,4,413,45,,D:\UE5 demo\GameXXK\Saved\Balance\20260907-final-matrix\hell-Mage-Guard-YueBai\seed-20260909.json,24,16,1044
hell-Mage-Guard-YueBai,20260910,Training.Hell.3-1,7,Mage,Guard,YueBai,3,10,True,stalemate,baseline,True,17,8269,486.4117647058824,5573,2421.6666666666665,71.71428571428571,0,0,58342,11910,11910,0,44,107,4,59,12,12395,0,,D:\UE5 demo\GameXXK\Saved\Balance\20260907-final-matrix\hell-Mage-Guard-YueBai\seed-20260910.json,9,6,153
hell-Mage-Guard-ZhouGuangZu,20260906,Training.Hell.3-1,7,Mage,Guard,ZhouGuangZu,3,10,True,victory,baseline,True,12,11158,929.8333333333334,0,1728.3333333333333,663.6666666666666,1358,1163,37147,11310,11505,0,42,95,0,58,15,320,1228,,D:\UE5 demo\GameXXK\Saved\Balance\20260907-final-matrix\hell-Mage-Guard-ZhouGuangZu\seed-20260906.json,10,5,808
hell-Mage-Guard-ZhouGuangZu,20260907,Training.Hell.3-1,7,Mage,Guard,ZhouGuangZu,3,10,True,victory,baseline,True,5,11165,2233.0,705,2787.6666666666665,1401.0,778,330,11849,11057,11505,0,16,55,0,27,10,280,627,,D:\UE5 demo\GameXXK\Saved\Balance\20260907-final-matrix\hell-Mage-Guard-ZhouGuangZu\seed-20260907.json,4,2,433
hell-Mage-Guard-ZhouGuangZu,20260908,Training.Hell.3-1,7,Mage,Guard,ZhouGuangZu,3,10,True,victory,baseline,True,12,11176,931.3333333333334,0,2416.0,436.44444444444446,1572,1186,35555,11119,11505,0,43,102,0,57,15,479,827,,D:\UE5 demo\GameXXK\Saved\Balance\20260907-final-matrix\hell-Mage-Guard-ZhouGuangZu\seed-20260908.json,9,5,505
hell-Mage-Guard-ZhouGuangZu,20260909,Training.Hell.3-1,7,Mage,Guard,ZhouGuangZu,3,10,True,victory,baseline,True,14,11176,798.2857142857143,3617,1811.3333333333333,522.0,2453,2172,34277,11224,11505,0,44,102,1,58,10,434,768,,D:\UE5 demo\GameXXK\Saved\Balance\20260907-final-matrix\hell-Mage-Guard-ZhouGuangZu\seed-20260909.json,9,5,284
hell-Mage-Guard-ZhouGuangZu,20260910,Training.Hell.3-1,7,Mage,Guard,ZhouGuangZu,3,10,True,stalemate,baseline,True,33,8341,252.75757575757575,165,1759.3333333333333,102.1,2068,2068,97451,11505,11505,0,102,181,13,121,5,226,2825,,D:\UE5 demo\GameXXK\Saved\Balance\20260907-final-matrix\hell-Mage-Guard-ZhouGuangZu\seed-20260910.json,21,14,345
hell-Mage-Guard-JinGui,20260906,Training.Hell.3-1,7,Mage,Guard,JinGui,0,10,True,limit,baseline,False,60,5409,90.15,594,1803.0,0.0,3394,825,147662,9170,11739,0,154,135,28,149,0,487,0,Simulation reached MaxRounds before a terminal result.,D:\UE5 demo\GameXXK\Saved\Balance\20260907-final-matrix\hell-Mage-Guard-JinGui\seed-20260906.json,39,26,198
hell-Mage-Guard-JinGui,20260907,Training.Hell.3-1,7,Mage,Guard,JinGui,0,10,True,limit,baseline,False,60,8340,139.0,1763,1806.6666666666667,51.228070175438596,3064,675,153993,9350,11739,0,170,171,16,163,5,321,0,Simulation reached MaxRounds before a terminal result.,D:\UE5 demo\GameXXK\Saved\Balance\20260907-final-matrix\hell-Mage-Guard-JinGui\seed-20260907.json,36,24,176
hell-Mage-Guard-JinGui,20260908,Training.Hell.3-1,7,Mage,Guard,JinGui,0,10,True,limit,baseline,False,60,5566,92.76666666666667,0,1638.6666666666667,11.403508771929825,3874,975,143560,8840,11739,0,149,138,32,145,0,536,0,Simulation reached MaxRounds before a terminal result.,D:\UE5 demo\GameXXK\Saved\Balance\20260907-final-matrix\hell-Mage-Guard-JinGui\seed-20260908.json,40,26,870
hell-Mage-Guard-JinGui,20260909,Training.Hell.3-1,7,Mage,Guard,JinGui,0,10,True,limit,baseline,False,60,5457,90.95,3919,1819.0,0.0,1616,1037,140536,11160,11739,0,145,135,36,144,0,438,13,Simulation reached MaxRounds before a terminal result.,D:\UE5 demo\GameXXK\Saved\Balance\20260907-final-matrix\hell-Mage-Guard-JinGui\seed-20260909.json,36,24,328
hell-Mage-Guard-JinGui,20260910,Training.Hell.3-1,7,Mage,Guard,JinGui,0,10,True,limit,baseline,False,60,8337,138.95,1763,1693.3333333333333,57.14035087719298,2499,975,158843,10215,11739,0,170,165,13,176,5,321,0,Simulation reached MaxRounds before a terminal result.,D:\UE5 demo\GameXXK\Saved\Balance\20260907-final-matrix\hell-Mage-Guard-JinGui\seed-20260910.json,39,26,218
hell-Mage-Guard-QiongMeiEr,20260906,Training.Hell.3-1,7,Mage,Guard,QiongMeiEr,3,10,True,victory,baseline,True,8,11176,1397.0,1050,2317.6666666666665,844.6,704,385,26669,11879,12198,0,36,60,1,39,10,858,155,,D:\UE5 demo\GameXXK\Saved\Balance\20260907-final-matrix\hell-Mage-Guard-QiongMeiEr\seed-20260906.json,4,2,89
hell-Mage-Guard-QiongMeiEr,20260907,Training.Hell.3-1,7,Mage,Guard,QiongMeiEr,3,10,True,victory,baseline,True,8,11176,1397.0,1050,2635.0,654.2,704,75,24415,11569,12198,0,32,31,2,36,10,154,0,,D:\UE5 demo\GameXXK\Saved\Balance\20260907-final-matrix\hell-Mage-Guard-QiongMeiEr\seed-20260907.json,4,2,89
hell-Mage-Guard-QiongMeiEr,20260908,Training.Hell.3-1,7,Mage,Guard,QiongMeiEr,3,10,True,victory,baseline,True,31,11176,360.51612903225805,875,2635.0,116.82142857142857,1018,1018,98734,12198,12198,0,117,123,16,115,10,378,2132,,D:\UE5 demo\GameXXK\Saved\Balance\20260907-final-matrix\hell-Mage-Guard-QiongMeiEr\seed-20260908.json,19,12,15
hell-Mage-Guard-QiongMeiEr,20260909,Training.Hell.3-1,7,Mage,Guard,QiongMeiEr,3,10,True,victory,baseline,True,9,11166,1240.6666666666667,4271,1784.3333333333333,968.8333333333334,371,262,25377,12089,12198,0,35,40,4,37,5,861,353,,D:\UE5 demo\GameXXK\Saved\Balance\20260907-final-matrix\hell-Mage-Guard-QiongMeiEr\seed-20260909.json,5,3,89
hell-Mage-Guard-QiongMeiEr,20260910,Training.Hell.3-1,7,Mage,Guard,QiongMeiEr,3,10,True,victory,baseline,True,10,11176,1117.6,1160,2708.0,436.0,532,470,30620,12136,12198,0,40,43,4,51,10,214,295,,D:\UE5 demo\GameXXK\Saved\Balance\20260907-final-matrix\hell-Mage-Guard-QiongMeiEr\seed-20260910.json,6,3,7
hell-Mage-Healer-TusiChief,20260906,Training.Hell.3-1,7,Mage,Healer,TusiChief,3,10,True,victory,baseline,True,5,5574,1114.8,1190,1092.3333333333333,1148.5,890,197,1565,11709,12402,0,15,27,2,14,5,208,46,,D:\UE5 demo\GameXXK\Saved\Balance\20260907-final-matrix\hell-Mage-Healer-TusiChief\seed-20260906.json,3,1,4
hell-Mage-Healer-TusiChief,20260907,Training.Hell.3-1,7,Mage,Healer,TusiChief,3,10,True,victory,baseline,True,4,8375,2093.75,2202,2605.6666666666665,558.0,503,80,1839,11979,12402,0,11,19,0,16,5,113,1,,D:\UE5 demo\GameXXK\Saved\Balance\20260907-final-matrix\hell-Mage-Healer-TusiChief\seed-20260907.json,4,2,3
hell-Mage-Healer-TusiChief,20260908,Training.Hell.3-1,7,Mage,Healer,TusiChief,3,10,True,victory,baseline,True,7,11176,1596.5714285714287,2371,3125.0,450.25,916,478,3831,11964,12402,0,23,64,2,21,5,298,8,,D:\UE5 demo\GameXXK\Saved\Balance\20260907-final-matrix\hell-Mage-Healer-TusiChief\seed-20260908.json,6,2,257
hell-Mage-Healer-TusiChief,20260909,Training.Hell.3-1,7,Mage,Healer,TusiChief,3,10,True,victory,baseline,True,3,5574,1858.0,3617,1858.0,,461,75,710,12016,12402,0,7,11,0,10,0,520,0,,D:\UE5 demo\GameXXK\Saved\Balance\20260907-final-matrix\hell-Mage-Healer-TusiChief\seed-20260909.json,3,1,4
hell-Mage-Healer-TusiChief,20260910,Training.Hell.3-1,7,Mage,Healer,TusiChief,3,10,True,victory,baseline,True,4,5574,1393.5,1190,1845.0,39.0,6,6,1906,12402,12402,0,13,31,1,13,5,115,6,,D:\UE5 demo\GameXXK\Saved\Balance\20260907-final-matrix\hell-Mage-Healer-TusiChief\seed-20260910.json,0,0,0
hell-Mage-Healer-SongJinBao,20260906,Training.Hell.3-1,7,Mage,Healer,SongJinBao,3,10,True,victory,baseline,True,2,5574,2787.0,5259,2787.0,,6,6,0,12225,12225,0,13,35,0,16,5,511,231,,D:\UE5 demo\GameXXK\Saved\Balance\20260907-final-matrix\hell-Mage-Healer-SongJinBao\seed-20260906.json,0,0,0
hell-Mage-Healer-SongJinBao,20260907,Training.Hell.3-1,7,Mage,Healer,SongJinBao,3,10,True,victory,baseline,True,2,5574,2787.0,5296,2787.0,,3,3,613,12225,12225,0,12,27,0,16,5,496,3,,D:\UE5 demo\GameXXK\Saved\Balance\20260907-final-matrix\hell-Mage-Healer-SongJinBao\seed-20260907.json,0,0,0
hell-Mage-Healer-SongJinBao,20260908,Training.Hell.3-1,7,Mage,Healer,SongJinBao,3,10,True,victory,baseline,True,3,5574,1858.0,4593,1858.0,,6,6,628,12225,12225,0,14,43,1,17,4,448,6,,D:\UE5 demo\GameXXK\Saved\Balance\20260907-final-matrix\hell-Mage-Healer-SongJinBao\seed-20260908.json,0,0,0
hell-Mage-Healer-SongJinBao,20260909,Training.Hell.3-1,7,Mage,Healer,SongJinBao,3,10,True,victory,baseline,True,2,8375,4187.5,8324,4187.5,,6,6,912,12225,12225,0,11,28,0,17,9,521,6,,D:\UE5 demo\GameXXK\Saved\Balance\20260907-final-matrix\hell-Mage-Healer-SongJinBao\seed-20260909.json,0,0,0
hell-Mage-Healer-SongJinBao,20260910,Training.Hell.3-1,7,Mage,Healer,SongJinBao,3,10,True,victory,baseline,True,2,5574,2787.0,5094,2787.0,,3,3,314,12225,12225,0,9,13,0,14,6,786,3,,D:\UE5 demo\GameXXK\Saved\Balance\20260907-final-matrix\hell-Mage-Healer-SongJinBao\seed-20260910.json,0,0,0
hell-Mage-Healer-YueBai,20260906,Training.Hell.3-1,7,Mage,Healer,YueBai,3,10,True,victory,baseline,True,2,11176,5588.0,6234,5588.0,,3,3,7903,11647,11647,0,6,42,0,14,13,13841,3,,D:\UE5 demo\GameXXK\Saved\Balance\20260907-final-matrix\hell-Mage-Healer-YueBai\seed-20260906.json,0,0,0
hell-Mage-Healer-YueBai,20260907,Training.Hell.3-1,7,Mage,Healer,YueBai,3,10,True,victory,baseline,True,3,8375,2791.6666666666665,6126,2791.6666666666665,,6,6,8748,11647,11647,0,11,51,0,22,8,13236,6,,D:\UE5 demo\GameXXK\Saved\Balance\20260907-final-matrix\hell-Mage-Healer-YueBai\seed-20260907.json,3,1,111
hell-Mage-Healer-YueBai,20260908,Training.Hell.3-1,7,Mage,Healer,YueBai,3,10,True,victory,baseline,True,3,11176,3725.3333333333335,540,3725.3333333333335,,276,9,10916,11380,11647,0,11,60,0,21,18,3474,3,,D:\UE5 demo\GameXXK\Saved\Balance\20260907-final-matrix\hell-Mage-Healer-YueBai\seed-20260908.json,3,1,193
hell-Mage-Healer-YueBai,20260909,Training.Hell.3-1,7,Mage,Healer,YueBai,3,10,True,victory,baseline,True,4,8375,2093.75,3617,2387.0,1214.0,330,30,4770,11347,11647,0,12,34,0,18,5,516,45,,D:\UE5 demo\GameXXK\Saved\Balance\20260907-final-matrix\hell-Mage-Healer-YueBai\seed-20260909.json,3,1,193
hell-Mage-Healer-YueBai,20260910,Training.Hell.3-1,7,Mage,Healer,YueBai,3,10,True,victory,baseline,True,5,5574,1114.8,3742,1736.0,183.0,519,90,6318,11218,11647,0,15,59,2,20,0,303,3,,D:\UE5 demo\GameXXK\Saved\Balance\20260907-final-matrix\hell-Mage-Healer-YueBai\seed-20260910.json,3,1,193
hell-Mage-Healer-ZhouGuangZu,20260906,Training.Hell.3-1,7,Mage,Healer,ZhouGuangZu,3,10,True,victory,baseline,True,9,8375,930.5555555555555,615,1568.0,611.8333333333334,622,622,8566,11242,11242,0,33,126,2,44,5,384,1700,,D:\UE5 demo\GameXXK\Saved\Balance\20260907-final-matrix\hell-Mage-Healer-ZhouGuangZu\seed-20260906.json,7,2,692
hell-Mage-Healer-ZhouGuangZu,20260907,Training.Hell.3-1,7,Mage,Healer,ZhouGuangZu,3,10,True,victory,baseline,True,8,8565,1070.625,930,1276.0,947.4,1424,1235,4552,11053,11242,0,27,63,0,32,5,490,505,,D:\UE5 demo\GameXXK\Saved\Balance\20260907-final-matrix\hell-Mage-Healer-ZhouGuangZu\seed-20260907.json,7,2,398
hell-Mage-Healer-ZhouGuangZu,20260908,Training.Hell.3-1,7,Mage,Healer,ZhouGuangZu,3,10,True,victory,baseline,True,11,11176,1016.0,450,2135.0,596.375,483,483,8292,11242,11242,0,35,139,2,48,10,542,1887,,D:\UE5 demo\GameXXK\Saved\Balance\20260907-final-matrix\hell-Mage-Healer-ZhouGuangZu\seed-20260908.json,9,3,833
hell-Mage-Healer-ZhouGuangZu,20260909,Training.Hell.3-1,7,Mage,Healer,ZhouGuangZu,3,10,True,victory,baseline,True,8,11176,1397.0,3617,2314.0,846.8,704,704,7101,11242,11242,0,23,76,1,39,10,471,1102,,D:\UE5 demo\GameXXK\Saved\Balance\20260907-final-matrix\hell-Mage-Healer-ZhouGuangZu\seed-20260909.json,6,2,439
hell-Mage-Healer-ZhouGuangZu,20260910,Training.Hell.3-1,7,Mage,Healer,ZhouGuangZu,3,10,True,victory,baseline,True,7,8375,1196.4285714285713,290,2074.0,538.25,477,359,5008,11124,11242,0,25,81,0,33,5,445,1306,,D:\UE5 demo\GameXXK\Saved\Balance\20260907-final-matrix\hell-Mage-Healer-ZhouGuangZu\seed-20260910.json,6,2,398
hell-Mage-Healer-JinGui,20260906,Training.Hell.3-1,7,Mage,Healer,JinGui,0,10,True,victory,baseline,True,4,8375,2093.75,1044,2653.0,416.0,738,15,2934,10753,11476,0,16,50,0,19,5,670,3,,D:\UE5 demo\GameXXK\Saved\Balance\20260907-final-matrix\hell-Mage-Healer-JinGui\seed-20260906.json,6,2,77
hell-Mage-Healer-JinGui,20260907,Training.Hell.3-1,7,Mage,Healer,JinGui,0,10,True,victory,baseline,True,3,5574,1858.0,2832,1858.0,,492,9,1781,10993,11476,0,11,14,0,12,5,246,228,,D:\UE5 demo\GameXXK\Saved\Balance\20260907-final-matrix\hell-Mage-Healer-JinGui\seed-20260907.json,3,1,3
hell-Mage-Healer-JinGui,20260908,Training.Hell.3-1,7,Mage,Healer,JinGui,0,10,True,victory,baseline,True,5,8375,1675.0,1034,2621.3333333333335,255.5,391,318,3243,11403,11476,0,18,58,1,22,5,664,150,,D:\UE5 demo\GameXXK\Saved\Balance\20260907-final-matrix\hell-Mage-Healer-JinGui\seed-20260908.json,6,2,64
hell-Mage-Healer-JinGui,20260909,Training.Hell.3-1,7,Mage,Healer,JinGui,0,10,True,victory,baseline,True,5,8375,1675.0,3617,2662.0,194.5,855,87,2934,10708,11476,0,16,36,1,20,5,455,0,,D:\UE5 demo\GameXXK\Saved\Balance\20260907-final-matrix\hell-Mage-Healer-JinGui\seed-20260909.json,6,2,77
hell-Mage-Healer-JinGui,20260910,Training.Hell.3-1,7,Mage,Healer,JinGui,0,10,True,victory,baseline,True,4,8375,2093.75,2075,1763.6666666666667,3084.0,671,9,2262,10814,11476,0,16,55,1,21,5,450,3,,D:\UE5 demo\GameXXK\Saved\Balance\20260907-final-matrix\hell-Mage-Healer-JinGui\seed-20260910.json,3,1,4
hell-Mage-Healer-QiongMeiEr,20260906,Training.Hell.3-1,7,Mage,Healer,QiongMeiEr,3,10,True,victory,baseline,True,3,5574,1858.0,1195,1858.0,,378,89,0,11646,11935,0,18,49,0,20,0,573,4,,D:\UE5 demo\GameXXK\Saved\Balance\20260907-final-matrix\hell-Mage-Healer-QiongMeiEr\seed-20260906.json,2,0,2
hell-Mage-Healer-QiongMeiEr,20260907,Training.Hell.3-1,7,Mage,Healer,QiongMeiEr,3,10,True,victory,baseline,True,3,8375,2791.6666666666665,3280,2791.6666666666665,,375,257,598,11817,11935,0,15,48,0,17,5,415,226,,D:\UE5 demo\GameXXK\Saved\Balance\20260907-final-matrix\hell-Mage-Healer-QiongMeiEr\seed-20260907.json,2,0,2
hell-Mage-Healer-QiongMeiEr,20260908,Training.Hell.3-1,7,Mage,Healer,QiongMeiEr,3,10,True,victory,baseline,True,4,8375,2093.75,1325,2748.6666666666665,129.0,601,163,897,11497,11935,0,19,50,1,21,5,260,80,,D:\UE5 demo\GameXXK\Saved\Balance\20260907-final-matrix\hell-Mage-Healer-QiongMeiEr\seed-20260908.json,4,0,2
hell-Mage-Healer-QiongMeiEr,20260909,Training.Hell.3-1,7,Mage,Healer,QiongMeiEr,3,10,True,victory,baseline,True,2,5574,2787.0,5029,2787.0,,252,8,284,11691,11935,0,10,28,0,12,0,404,4,,D:\UE5 demo\GameXXK\Saved\Balance\20260907-final-matrix\hell-Mage-Healer-QiongMeiEr\seed-20260909.json,2,0,2
hell-Mage-Healer-QiongMeiEr,20260910,Training.Hell.3-1,7,Mage,Healer,QiongMeiEr,3,10,True,victory,baseline,True,4,11176,2794.0,5603,2791.3333333333335,2802.0,118,76,1191,11893,11935,0,24,65,0,29,10,292,23,,D:\UE5 demo\GameXXK\Saved\Balance\20260907-final-matrix\hell-Mage-Healer-QiongMeiEr\seed-20260910.json,2,0,0
hell-Mage-Hunter-TusiChief,20260906,Training.Hell.3-1,7,Mage,Hunter,TusiChief,3,10,True,victory,baseline,True,8,11159,1394.875,3033,1730.3333333333333,1193.6,706,225,3212,11872,12353,0,21,36,10,37,0,461,0,,D:\UE5 demo\GameXXK\Saved\Balance\20260907-final-matrix\hell-Mage-Hunter-TusiChief\seed-20260906.json,4,2,2
hell-Mage-Hunter-TusiChief,20260907,Training.Hell.3-1,7,Mage,Hunter,TusiChief,3,10,True,victory,baseline,True,5,11176,2235.2,3275,2757.6666666666665,1451.5,109,75,1976,12319,12353,0,18,41,4,25,5,496,0,,D:\UE5 demo\GameXXK\Saved\Balance\20260907-final-matrix\hell-Mage-Hunter-TusiChief\seed-20260907.json,2,1,2
hell-Mage-Hunter-TusiChief,20260908,Training.Hell.3-1,7,Mage,Hunter,TusiChief,3,10,True,victory,baseline,True,5,11176,2235.2,3712,1738.0,2981.0,60,60,3484,12353,12353,0,19,44,3,33,0,372,315,,D:\UE5 demo\GameXXK\Saved\Balance\20260907-final-matrix\hell-Mage-Hunter-TusiChief\seed-20260908.json,2,1,152
hell-Mage-Hunter-TusiChief,20260909,Training.Hell.3-1,7,Mage,Hunter,TusiChief,3,10,True,victory,baseline,True,7,11176,1596.5714285714287,4924,2650.0,806.5,727,225,3586,11851,12353,0,21,45,8,33,5,431,0,,D:\UE5 demo\GameXXK\Saved\Balance\20260907-final-matrix\hell-Mage-Hunter-TusiChief\seed-20260909.json,5,2,6
hell-Mage-Hunter-TusiChief,20260910,Training.Hell.3-1,7,Mage,Hunter,TusiChief,3,10,True,victory,baseline,True,5,11157,2231.4,3171,1828.0,2836.5,329,150,2190,12174,12353,0,17,36,4,28,0,1803,0,,D:\UE5 demo\GameXXK\Saved\Balance\20260907-final-matrix\hell-Mage-Hunter-TusiChief\seed-20260910.json,2,1,3
hell-Mage-Hunter-SongJinBao,20260906,Training.Hell.3-1,7,Mage,Hunter,SongJinBao,3,10,True,victory,baseline,True,5,11176,2235.2,4007,2737.6666666666665,1481.5,2,2,1241,12176,12176,0,17,42,5,32,1,858,148,,D:\UE5 demo\GameXXK\Saved\Balance\20260907-final-matrix\hell-Mage-Hunter-SongJinBao\seed-20260906.json,2,2,2
hell-Mage-Hunter-SongJinBao,20260907,Training.Hell.3-1,7,Mage,Hunter,SongJinBao,3,10,True,victory,baseline,True,4,11176,2794.0,2656,1824.6666666666667,5702.0,492,150,922,11834,12176,0,14,34,2,21,5,228,0,,D:\UE5 demo\GameXXK\Saved\Balance\20260907-final-matrix\hell-Mage-Hunter-SongJinBao\seed-20260907.json,3,1,4
hell-Mage-Hunter-SongJinBao,20260908,Training.Hell.3-1,7,Mage,Hunter,SongJinBao,3,10,True,victory,baseline,True,5,11176,2235.2,4757,2737.6666666666665,1481.5,0,0,1256,12176,12176,0,19,39,3,28,4,559,75,,D:\UE5 demo\GameXXK\Saved\Balance\20260907-final-matrix\hell-Mage-Hunter-SongJinBao\seed-20260908.json,0,0,0
hell-Mage-Hunter-SongJinBao,20260909,Training.Hell.3-1,7,Mage,Hunter,SongJinBao,3,10,True,victory,baseline,True,3,11176,3725.3333333333335,5226,3725.3333333333335,,0,0,1540,12176,12176,0,14,28,0,24,5,844,75,,D:\UE5 demo\GameXXK\Saved\Balance\20260907-final-matrix\hell-Mage-Hunter-SongJinBao\seed-20260909.json,0,0,0
hell-Mage-Hunter-SongJinBao,20260910,Training.Hell.3-1,7,Mage,Hunter,SongJinBao,3,10,True,victory,baseline,True,1,11176,11176.0,11176,11176.0,,0,0,598,12176,12176,0,8,17,0,17,14,776,0,,D:\UE5 demo\GameXXK\Saved\Balance\20260907-final-matrix\hell-Mage-Hunter-SongJinBao\seed-20260910.json,0,0,0
hell-Mage-Hunter-YueBai,20260906,Training.Hell.3-1,7,Mage,Hunter,YueBai,3,10,True,victory,baseline,True,3,11176,3725.3333333333335,7599,3725.3333333333335,,0,0,10520,11598,11598,0,9,72,3,28,8,14080,0,,D:\UE5 demo\GameXXK\Saved\Balance\20260907-final-matrix\hell-Mage-Hunter-YueBai\seed-20260906.json,3,1,88
hell-Mage-Hunter-YueBai,20260907,Training.Hell.3-1,7,Mage,Hunter,YueBai,3,10,True,victory,baseline,True,3,11176,3725.3333333333335,5573,3725.3333333333335,,0,0,11006,11598,11598,0,11,70,0,29,8,3294,0,,D:\UE5 demo\GameXXK\Saved\Balance\20260907-final-matrix\hell-Mage-Hunter-YueBai\seed-20260907.json,2,1,49
hell-Mage-Hunter-YueBai,20260908,Training.Hell.3-1,7,Mage,Hunter,YueBai,3,10,True,victory,baseline,True,3,11154,3718.0,2755,3718.0,,0,0,13249,11598,11598,0,15,82,0,32,17,304,0,,D:\UE5 demo\GameXXK\Saved\Balance\20260907-final-matrix\hell-Mage-Hunter-YueBai\seed-20260908.json,0,0,0
hell-Mage-Hunter-YueBai,20260909,Training.Hell.3-1,7,Mage,Hunter,YueBai,3,10,True,victory,baseline,True,3,11176,3725.3333333333335,4924,3725.3333333333335,,210,30,9974,11418,11598,0,14,67,0,34,5,975,45,,D:\UE5 demo\GameXXK\Saved\Balance\20260907-final-matrix\hell-Mage-Hunter-YueBai\seed-20260909.json,3,1,170
hell-Mage-Hunter-YueBai,20260910,Training.Hell.3-1,7,Mage,Hunter,YueBai,3,10,True,victory,baseline,True,3,11153,3717.6666666666665,3919,3717.6666666666665,,0,0,14662,11598,11598,0,15,79,0,39,9,10184,0,,D:\UE5 demo\GameXXK\Saved\Balance\20260907-final-matrix\hell-Mage-Hunter-YueBai\seed-20260910.json,0,0,0
hell-Mage-Hunter-ZhouGuangZu,20260906,Training.Hell.3-1,7,Mage,Hunter,ZhouGuangZu,3,10,True,victory,baseline,True,4,11167,2791.75,1677,3386.3333333333335,1008.0,315,195,5890,11073,11193,0,21,75,0,34,5,1243,762,,D:\UE5 demo\GameXXK\Saved\Balance\20260907-final-matrix\hell-Mage-Hunter-ZhouGuangZu\seed-20260906.json,2,1,137
hell-Mage-Hunter-ZhouGuangZu,20260907,Training.Hell.3-1,7,Mage,Hunter,ZhouGuangZu,3,10,True,victory,baseline,True,5,11152,2230.4,2772,2773.3333333333335,1416.0,21,21,6229,11193,11193,0,22,75,7,35,10,450,1257,,D:\UE5 demo\GameXXK\Saved\Balance\20260907-final-matrix\hell-Mage-Hunter-ZhouGuangZu\seed-20260907.json,2,1,96
hell-Mage-Hunter-ZhouGuangZu,20260908,Training.Hell.3-1,7,Mage,Hunter,ZhouGuangZu,3,10,True,victory,baseline,True,5,11152,2230.4,3102,2743.3333333333335,1461.0,18,18,8135,11193,11193,0,23,87,3,40,10,3308,1329,,D:\UE5 demo\GameXXK\Saved\Balance\20260907-final-matrix\hell-Mage-Hunter-ZhouGuangZu\seed-20260908.json,2,1,96
hell-Mage-Hunter-ZhouGuangZu,20260909,Training.Hell.3-1,7,Mage,Hunter,ZhouGuangZu,3,10,True,victory,baseline,True,4,11176,2794.0,4924,2721.3333333333335,3012.0,501,441,6817,11133,11193,0,17,67,0,34,5,1156,1290,,D:\UE5 demo\GameXXK\Saved\Balance\20260907-final-matrix\hell-Mage-Hunter-ZhouGuangZu\seed-20260909.json,5,2,100
hell-Mage-Hunter-ZhouGuangZu,20260910,Training.Hell.3-1,7,Mage,Hunter,ZhouGuangZu,3,10,True,victory,baseline,True,5,11152,2230.4,1190,2753.3333333333335,1446.0,258,258,6675,11193,11193,0,21,67,2,42,0,1087,1164,,D:\UE5 demo\GameXXK\Saved\Balance\20260907-final-matrix\hell-Mage-Hunter-ZhouGuangZu\seed-20260910.json,4,2,233
hell-Mage-Hunter-JinGui,20260906,Training.Hell.3-1,7,Mage,Hunter,JinGui,0,10,True,victory,baseline,True,8,11157,1394.625,4031,1841.6666666666667,1126.4,353,225,4602,11299,11427,0,25,51,9,38,0,3735,0,,D:\UE5 demo\GameXXK\Saved\Balance\20260907-final-matrix\hell-Mage-Hunter-JinGui\seed-20260906.json,4,2,78
hell-Mage-Hunter-JinGui,20260907,Training.Hell.3-1,7,Mage,Hunter,JinGui,0,10,True,victory,baseline,True,5,11163,2232.6,4782,1847.0,2811.0,0,0,1844,11427,11427,0,15,47,5,26,5,299,75,,D:\UE5 demo\GameXXK\Saved\Balance\20260907-final-matrix\hell-Mage-Hunter-JinGui\seed-20260907.json,0,0,0
hell-Mage-Hunter-JinGui,20260908,Training.Hell.3-1,7,Mage,Hunter,JinGui,0,10,True,victory,baseline,True,6,11176,1862.6666666666667,4444,1674.3333333333333,2051.0,0,0,3733,11427,11427,0,18,41,8,34,0,694,75,,D:\UE5 demo\GameXXK\Saved\Balance\20260907-final-matrix\hell-Mage-Hunter-JinGui\seed-20260908.json,0,0,0
hell-Mage-Hunter-JinGui,20260909,Training.Hell.3-1,7,Mage,Hunter,JinGui,0,10,True,victory,baseline,True,6,11176,1862.6666666666667,8229,2743.0,982.3333333333334,114,112,3640,11425,11427,0,14,37,9,32,5,583,113,,D:\UE5 demo\GameXXK\Saved\Balance\20260907-final-matrix\hell-Mage-Hunter-JinGui\seed-20260909.json,3,1,0
hell-Mage-Hunter-JinGui,20260910,Training.Hell.3-1,7,Mage,Hunter,JinGui,0,10,True,victory,baseline,True,5,11152,2230.4,3916,1690.0,3041.0,0,0,2953,11427,11427,0,18,38,3,29,0,455,75,,D:\UE5 demo\GameXXK\Saved\Balance\20260907-final-matrix\hell-Mage-Hunter-JinGui\seed-20260910.json,0,0,0
hell-Mage-Hunter-QiongMeiEr,20260906,Training.Hell.3-1,7,Mage,Hunter,QiongMeiEr,3,10,True,victory,baseline,True,6,11152,1858.6666666666667,3656,1851.0,1866.3333333333333,371,369,1221,11884,11886,0,27,58,2,42,5,378,786,,D:\UE5 demo\GameXXK\Saved\Balance\20260907-final-matrix\hell-Mage-Hunter-QiongMeiEr\seed-20260906.json,4,2,2
hell-Mage-Hunter-QiongMeiEr,20260907,Training.Hell.3-1,7,Mage,Hunter,QiongMeiEr,3,10,True,victory,baseline,True,5,11176,2235.2,3376,1807.0,2877.5,265,265,912,11886,11886,0,18,59,3,30,5,396,890,,D:\UE5 demo\GameXXK\Saved\Balance\20260907-final-matrix\hell-Mage-Hunter-QiongMeiEr\seed-20260907.json,2,1,2
hell-Mage-Hunter-QiongMeiEr,20260908,Training.Hell.3-1,7,Mage,Hunter,QiongMeiEr,3,10,True,victory,baseline,True,3,11176,3725.3333333333335,3275,3725.3333333333335,,0,0,613,11886,11886,0,11,38,0,18,5,470,0,,D:\UE5 demo\GameXXK\Saved\Balance\20260907-final-matrix\hell-Mage-Hunter-QiongMeiEr\seed-20260908.json,0,0,0
hell-Mage-Hunter-QiongMeiEr,20260909,Training.Hell.3-1,7,Mage,Hunter,QiongMeiEr,3,10,True,victory,baseline,True,2,11164,5582.0,5226,5582.0,,0,0,912,11886,11886,0,10,29,0,19,5,814,75,,D:\UE5 demo\GameXXK\Saved\Balance\20260907-final-matrix\hell-Mage-Hunter-QiongMeiEr\seed-20260909.json,0,0,0
hell-Mage-Hunter-QiongMeiEr,20260910,Training.Hell.3-1,7,Mage,Hunter,QiongMeiEr,3,10,True,victory,baseline,True,3,11176,3725.3333333333335,5573,3725.3333333333335,,0,0,1196,11886,11886,0,11,31,0,18,10,637,0,,D:\UE5 demo\GameXXK\Saved\Balance\20260907-final-matrix\hell-Mage-Hunter-QiongMeiEr\seed-20260910.json,0,0,0
hell-Mage-Sorcerer-TusiChief,20260906,Training.Hell.3-1,7,Mage,Sorcerer,TusiChief,3,10,True,limit,baseline,False,60,5506,91.76666666666667,1190,1835.3333333333333,0.0,3250,2475,11525,11884,12659,0,85,146,156,147,0,93,0,Simulation reached MaxRounds before a terminal result.,D:\UE5 demo\GameXXK\Saved\Balance\20260907-final-matrix\hell-Mage-Sorcerer-TusiChief\seed-20260906.json,27,13,122
hell-Mage-Sorcerer-TusiChief,20260907,Training.Hell.3-1,7,Mage,Sorcerer,TusiChief,3,10,True,limit,baseline,False,60,5427,90.45,4390,1809.0,0.0,2340,2025,17932,12344,12659,0,82,15,156,132,0,76,0,Simulation reached MaxRounds before a terminal result.,D:\UE5 demo\GameXXK\Saved\Balance\20260907-final-matrix\hell-Mage-Sorcerer-TusiChief\seed-20260907.json,24,12,12
hell-Mage-Sorcerer-TusiChief,20260908,Training.Hell.3-1,7,Mage,Sorcerer,TusiChief,3,10,True,limit,baseline,False,60,5506,91.76666666666667,4486,1835.3333333333333,0.0,2784,2175,16408,12050,12659,0,77,19,160,125,0,195,0,Simulation reached MaxRounds before a terminal result.,D:\UE5 demo\GameXXK\Saved\Balance\20260907-final-matrix\hell-Mage-Sorcerer-TusiChief\seed-20260908.json,27,13,288
hell-Mage-Sorcerer-TusiChief,20260909,Training.Hell.3-1,7,Mage,Sorcerer,TusiChief,3,10,True,limit,baseline,False,60,5471,91.18333333333334,5034,1823.6666666666667,0.0,2346,1875,8512,12188,12659,0,53,22,175,101,0,395,0,Simulation reached MaxRounds before a terminal result.,D:\UE5 demo\GameXXK\Saved\Balance\20260907-final-matrix\hell-Mage-Sorcerer-TusiChief\seed-20260909.json,24,12,6
hell-Mage-Sorcerer-TusiChief,20260910,Training.Hell.3-1,7,Mage,Sorcerer,TusiChief,3,10,True,limit,baseline,False,60,5458,90.96666666666667,2202,1563.6666666666667,13.456140350877194,2280,2058,27909,12437,12659,0,130,152,131,207,0,83,342,Simulation reached MaxRounds before a terminal result.,D:\UE5 demo\GameXXK\Saved\Balance\20260907-final-matrix\hell-Mage-Sorcerer-TusiChief\seed-20260910.json,23,11,128
hell-Mage-Sorcerer-SongJinBao,20260906,Training.Hell.3-1,7,Mage,Sorcerer,SongJinBao,3,10,True,limit,baseline,False,60,5479,91.31666666666666,5479,1826.3333333333333,0.0,2482,1849,8792,11849,12482,0,68,53,161,115,0,139,101,Simulation reached MaxRounds before a terminal result.,D:\UE5 demo\GameXXK\Saved\Balance\20260907-final-matrix\hell-Mage-Sorcerer-SongJinBao\seed-20260906.json,36,22,12
hell-Mage-Sorcerer-SongJinBao,20260907,Training.Hell.3-1,7,Mage,Sorcerer,SongJinBao,3,10,True,limit,baseline,False,60,5537,92.28333333333333,5415,1805.0,2.1403508771929824,3878,1800,0,10404,12482,0,38,71,175,82,0,181,75,Simulation reached MaxRounds before a terminal result.,D:\UE5 demo\GameXXK\Saved\Balance\20260907-final-matrix\hell-Mage-Sorcerer-SongJinBao\seed-20260907.json,36,14,0
hell-Mage-Sorcerer-SongJinBao,20260908,Training.Hell.3-1,7,Mage,Sorcerer,SongJinBao,3,10,True,limit,baseline,False,60,5545,92.41666666666667,5043,1848.3333333333333,0.0,2828,1727,10048,11381,12482,0,75,71,162,125,0,139,223,Simulation reached MaxRounds before a terminal result.,D:\UE5 demo\GameXXK\Saved\Balance\20260907-final-matrix\hell-Mage-Sorcerer-SongJinBao\seed-20260908.json,36,20,12
hell-Mage-Sorcerer-SongJinBao,20260909,Training.Hell.3-1,7,Mage,Sorcerer,SongJinBao,3,10,True,limit,baseline,False,60,5538,92.3,5538,1846.0,0.0,3186,1805,0,11101,12482,0,40,60,179,80,0,395,70,Simulation reached MaxRounds before a terminal result.,D:\UE5 demo\GameXXK\Saved\Balance\20260907-final-matrix\hell-Mage-Sorcerer-SongJinBao\seed-20260909.json,36,18,0
hell-Mage-Sorcerer-SongJinBao,20260910,Training.Hell.3-1,7,Mage,Sorcerer,SongJinBao,3,10,True,stalemate,baseline,True,8,5482,685.25,5119,1827.3333333333333,0.0,0,0,1317,12482,12482,0,11,40,17,23,2,561,0,,D:\UE5 demo\GameXXK\Saved\Balance\20260907-final-matrix\hell-Mage-Sorcerer-SongJinBao\seed-20260910.json,3,3,6
hell-Mage-Sorcerer-YueBai,20260906,Training.Hell.3-1,7,Mage,Sorcerer,YueBai,3,10,True,stalemate,baseline,True,9,5363,595.8888888888889,4531,1787.6666666666667,0.0,0,0,23582,11904,11904,0,21,102,20,66,0,138,300,,D:\UE5 demo\GameXXK\Saved\Balance\20260907-final-matrix\hell-Mage-Sorcerer-YueBai\seed-20260906.json,3,1,296
hell-Mage-Sorcerer-YueBai,20260907,Training.Hell.3-1,7,Mage,Sorcerer,YueBai,3,10,True,victory,baseline,True,2,11176,5588.0,4390,5588.0,,0,0,9781,11904,11904,0,8,58,0,25,15,3101,0,,D:\UE5 demo\GameXXK\Saved\Balance\20260907-final-matrix\hell-Mage-Sorcerer-YueBai\seed-20260907.json,0,0,0
hell-Mage-Sorcerer-YueBai,20260908,Training.Hell.3-1,7,Mage,Sorcerer,YueBai,3,10,True,stalemate,baseline,True,7,5464,780.5714285714286,5464,1821.3333333333333,0.0,0,0,9234,11904,11904,0,8,45,18,23,4,143,0,,D:\UE5 demo\GameXXK\Saved\Balance\20260907-final-matrix\hell-Mage-Sorcerer-YueBai\seed-20260908.json,3,1,296
hell-Mage-Sorcerer-YueBai,20260909,Training.Hell.3-1,7,Mage,Sorcerer,YueBai,3,10,True,stalemate,baseline,True,8,5504,688.0,5264,1834.6666666666667,0.0,0,0,16524,11904,11904,0,13,74,23,40,4,395,150,,D:\UE5 demo\GameXXK\Saved\Balance\20260907-final-matrix\hell-Mage-Sorcerer-YueBai\seed-20260909.json,3,1,296
hell-Mage-Sorcerer-YueBai,20260910,Training.Hell.3-1,7,Mage,Sorcerer,YueBai,3,10,True,victory,baseline,True,2,11176,5588.0,9012,5588.0,,0,0,8399,11904,11904,0,9,42,0,23,13,16920,0,,D:\UE5 demo\GameXXK\Saved\Balance\20260907-final-matrix\hell-Mage-Sorcerer-YueBai\seed-20260910.json,0,0,0
hell-Mage-Sorcerer-ZhouGuangZu,20260906,Training.Hell.3-1,7,Mage,Sorcerer,ZhouGuangZu,3,10,True,victory,baseline,True,4,11154,2788.5,4761,2784.0,2802.0,18,18,7305,11499,11499,0,19,68,3,35,12,247,1329,,D:\UE5 demo\GameXXK\Saved\Balance\20260907-final-matrix\hell-Mage-Sorcerer-ZhouGuangZu\seed-20260906.json,0,0,0
hell-Mage-Sorcerer-ZhouGuangZu,20260907,Training.Hell.3-1,7,Mage,Sorcerer,ZhouGuangZu,3,10,True,stalemate,baseline,True,14,8314,593.8571428571429,4575,2771.3333333333335,0.0,198,198,12999,11499,11499,0,27,76,33,65,5,180,2319,,D:\UE5 demo\GameXXK\Saved\Balance\20260907-final-matrix\hell-Mage-Sorcerer-ZhouGuangZu\seed-20260907.json,6,2,175
hell-Mage-Sorcerer-ZhouGuangZu,20260908,Training.Hell.3-1,7,Mage,Sorcerer,ZhouGuangZu,3,10,True,stalemate,baseline,True,8,5538,692.25,5034,1846.0,0.0,15,15,7938,11499,11499,0,13,60,23,37,0,138,1710,,D:\UE5 demo\GameXXK\Saved\Balance\20260907-final-matrix\hell-Mage-Sorcerer-ZhouGuangZu\seed-20260908.json,3,1,343
hell-Mage-Sorcerer-ZhouGuangZu,20260909,Training.Hell.3-1,7,Mage,Sorcerer,ZhouGuangZu,3,10,True,victory,baseline,True,4,11156,2789.0,5034,3563.3333333333335,466.0,12,12,4315,11499,11499,0,16,56,1,30,12,433,1014,,D:\UE5 demo\GameXXK\Saved\Balance\20260907-final-matrix\hell-Mage-Sorcerer-ZhouGuangZu\seed-20260909.json,0,0,0
hell-Mage-Sorcerer-ZhouGuangZu,20260910,Training.Hell.3-1,7,Mage,Sorcerer,ZhouGuangZu,3,10,True,victory,baseline,True,4,11171,2792.75,4215,1856.0,5603.0,15,15,7737,11499,11499,0,19,78,3,41,11,703,1326,,D:\UE5 demo\GameXXK\Saved\Balance\20260907-final-matrix\hell-Mage-Sorcerer-ZhouGuangZu\seed-20260910.json,0,0,0
hell-Mage-Sorcerer-JinGui,20260906,Training.Hell.3-1,7,Mage,Sorcerer,JinGui,0,10,True,limit,baseline,False,60,5538,92.3,5034,1846.0,0.0,2297,1950,21006,11386,11733,0,62,18,164,102,0,130,0,Simulation reached MaxRounds before a terminal result.,D:\UE5 demo\GameXXK\Saved\Balance\20260907-final-matrix\hell-Mage-Sorcerer-JinGui\seed-20260906.json,36,12,1567
hell-Mage-Sorcerer-JinGui,20260907,Training.Hell.3-1,7,Mage,Sorcerer,JinGui,0,10,True,limit,baseline,False,60,5535,92.25,5223,1845.0,0.0,2197,2007,33840,11543,11733,0,102,20,132,145,0,185,93,Simulation reached MaxRounds before a terminal result.,D:\UE5 demo\GameXXK\Saved\Balance\20260907-final-matrix\hell-Mage-Sorcerer-JinGui\seed-20260907.json,36,12,1667
hell-Mage-Sorcerer-JinGui,20260908,Training.Hell.3-1,7,Mage,Sorcerer,JinGui,0,10,True,limit,baseline,False,60,5481,91.35,5284,1827.0,0.0,2290,2026,32452,11469,11733,0,102,23,138,149,0,179,149,Simulation reached MaxRounds before a terminal result.,D:\UE5 demo\GameXXK\Saved\Balance\20260907-final-matrix\hell-Mage-Sorcerer-JinGui\seed-20260908.json,36,12,1574
hell-Mage-Sorcerer-JinGui,20260909,Training.Hell.3-1,7,Mage,Sorcerer,JinGui,0,10,True,victory,baseline,True,20,11176,558.8,7868,2761.0,170.1764705882353,201,201,14082,11733,11733,0,55,85,36,84,10,437,399,,D:\UE5 demo\GameXXK\Saved\Balance\20260907-final-matrix\hell-Mage-Sorcerer-JinGui\seed-20260909.json,12,4,407
hell-Mage-Sorcerer-JinGui,20260910,Training.Hell.3-1,7,Mage,Sorcerer,JinGui,0,10,True,limit,baseline,False,60,5539,92.31666666666666,5361,1787.0,3.1228070175438596,2488,2250,32604,11495,11733,0,100,23,137,145,0,380,0,Simulation reached MaxRounds before a terminal result.,D:\UE5 demo\GameXXK\Saved\Balance\20260907-final-matrix\hell-Mage-Sorcerer-JinGui\seed-20260910.json,36,12,1376
hell-Mage-Sorcerer-QiongMeiEr,20260906,Training.Hell.3-1,7,Mage,Sorcerer,QiongMeiEr,3,10,True,victory,baseline,True,6,11154,1859.0,4500,1855.6666666666667,1862.3333333333333,0,0,2450,12192,12192,0,20,44,6,34,12,77,615,,D:\UE5 demo\GameXXK\Saved\Balance\20260907-final-matrix\hell-Mage-Sorcerer-QiongMeiEr\seed-20260906.json,2,0,121
hell-Mage-Sorcerer-QiongMeiEr,20260907,Training.Hell.3-1,7,Mage,Sorcerer,QiongMeiEr,3,10,True,limit,baseline,False,60,5538,92.3,5034,1846.0,0.0,3514,3221,0,11899,12192,0,46,87,155,61,0,119,3094,Simulation reached MaxRounds before a terminal result.,D:\UE5 demo\GameXXK\Saved\Balance\20260907-final-matrix\hell-Mage-Sorcerer-QiongMeiEr\seed-20260907.json,35,11,0
hell-Mage-Sorcerer-QiongMeiEr,20260908,Training.Hell.3-1,7,Mage,Sorcerer,QiongMeiEr,3,10,True,victory,baseline,True,4,11174,2793.5,4541,1857.0,5603.0,0,0,1557,12192,12192,0,14,33,5,21,12,384,0,,D:\UE5 demo\GameXXK\Saved\Balance\20260907-final-matrix\hell-Mage-Sorcerer-QiongMeiEr\seed-20260908.json,0,0,0
hell-Mage-Sorcerer-QiongMeiEr,20260909,Training.Hell.3-1,7,Mage,Sorcerer,QiongMeiEr,3,10,True,limit,baseline,False,60,8327,138.78333333333333,5034,1857.0,48.35087719298246,1059,1059,2475,12192,12192,0,85,236,159,122,7,395,5496,Simulation reached MaxRounds before a terminal result.,D:\UE5 demo\GameXXK\Saved\Balance\20260907-final-matrix\hell-Mage-Sorcerer-QiongMeiEr\seed-20260909.json,35,11,415
hell-Mage-Sorcerer-QiongMeiEr,20260910,Training.Hell.3-1,7,Mage,Sorcerer,QiongMeiEr,3,10,True,victory,baseline,True,4,11171,2792.75,6227,2789.6666666666665,2802.0,121,121,1301,12192,12192,0,15,47,2,27,10,152,344,,D:\UE5 demo\GameXXK\Saved\Balance\20260907-final-matrix\hell-Mage-Sorcerer-QiongMeiEr\seed-20260910.json,2,0,0
hell-Mage-FormationMaster-TusiChief,20260906,Training.Hell.3-1,7,Mage,FormationMaster,TusiChief,3,10,True,stalemate,baseline,True,15,8320,554.6666666666666,1190,1839.0,233.58333333333334,150,150,21200,12661,12661,0,42,27,1,60,5,187,2325,,D:\UE5 demo\GameXXK\Saved\Balance\20260907-final-matrix\hell-Mage-FormationMaster-TusiChief\seed-20260906.json,7,3,545
hell-Mage-FormationMaster-TusiChief,20260907,Training.Hell.3-1,7,Mage,FormationMaster,TusiChief,3,10,True,stalemate,baseline,True,15,8346,556.4,3601,2090.0,173.0,840,840,21649,12661,12661,0,40,36,2,57,5,394,1710,,D:\UE5 demo\GameXXK\Saved\Balance\20260907-final-matrix\hell-Mage-FormationMaster-TusiChief\seed-20260907.json,9,4,583
hell-Mage-FormationMaster-TusiChief,20260908,Training.Hell.3-1,7,Mage,FormationMaster,TusiChief,3,10,True,stalemate,baseline,True,16,8330,520.625,771,2732.6666666666665,10.153846153846153,930,930,18985,12661,12661,0,42,36,3,59,5,169,1395,,D:\UE5 demo\GameXXK\Saved\Balance\20260907-final-matrix\hell-Mage-FormationMaster-TusiChief\seed-20260908.json,10,4,697
hell-Mage-FormationMaster-TusiChief,20260909,Training.Hell.3-1,7,Mage,FormationMaster,TusiChief,3,10,True,stalemate,baseline,True,14,5529,394.92857142857144,4565,1843.0,0.0,886,886,15907,12661,12661,0,34,18,5,50,0,1077,2039,,D:\UE5 demo\GameXXK\Saved\Balance\20260907-final-matrix\hell-Mage-FormationMaster-TusiChief\seed-20260909.json,7,3,475
hell-Mage-FormationMaster-TusiChief,20260910,Training.Hell.3-1,7,Mage,FormationMaster,TusiChief,3,10,True,stalemate,baseline,True,11,8329,757.1818181818181,1190,2712.0,24.125,0,0,13691,12661,12661,0,29,30,1,42,5,4,900,,D:\UE5 demo\GameXXK\Saved\Balance\20260907-final-matrix\hell-Mage-FormationMaster-TusiChief\seed-20260910.json,5,2,352
hell-Mage-FormationMaster-SongJinBao,20260906,Training.Hell.3-1,7,Mage,FormationMaster,SongJinBao,3,10,True,victory,baseline,True,3,11176,3725.3333333333335,1082,3725.3333333333335,,180,0,3855,12304,12484,0,13,21,0,23,10,483,300,,D:\UE5 demo\GameXXK\Saved\Balance\20260907-final-matrix\hell-Mage-FormationMaster-SongJinBao\seed-20260906.json,2,2,4
hell-Mage-FormationMaster-SongJinBao,20260907,Training.Hell.3-1,7,Mage,FormationMaster,SongJinBao,3,10,True,victory,baseline,True,2,11176,5588.0,1699,5588.0,,90,0,3316,12394,12484,0,10,24,0,16,9,555,300,,D:\UE5 demo\GameXXK\Saved\Balance\20260907-final-matrix\hell-Mage-FormationMaster-SongJinBao\seed-20260907.json,3,3,6
hell-Mage-FormationMaster-SongJinBao,20260908,Training.Hell.3-1,7,Mage,FormationMaster,SongJinBao,3,10,True,stalemate,baseline,True,10,5404,540.4,4130,1801.3333333333333,0.0,240,240,17951,12484,12484,0,45,24,0,66,4,440,2310,,D:\UE5 demo\GameXXK\Saved\Balance\20260907-final-matrix\hell-Mage-FormationMaster-SongJinBao\seed-20260908.json,3,3,6
hell-Mage-FormationMaster-SongJinBao,20260909,Training.Hell.3-1,7,Mage,FormationMaster,SongJinBao,3,10,True,stalemate,baseline,True,10,8303,830.3,4867,2701.6666666666665,28.285714285714285,0,0,19448,12484,12484,0,47,45,0,75,10,288,3075,,D:\UE5 demo\GameXXK\Saved\Balance\20260907-final-matrix\hell-Mage-FormationMaster-SongJinBao\seed-20260909.json,4,4,8
hell-Mage-FormationMaster-SongJinBao,20260910,Training.Hell.3-1,7,Mage,FormationMaster,SongJinBao,3,10,True,stalemate,baseline,True,15,8320,554.6666666666666,4432,2773.3333333333335,0.0,4,4,21996,12484,12484,0,66,51,4,100,6,401,3596,,D:\UE5 demo\GameXXK\Saved\Balance\20260907-final-matrix\hell-Mage-FormationMaster-SongJinBao\seed-20260910.json,7,7,10
hell-Mage-FormationMaster-YueBai,20260906,Training.Hell.3-1,7,Mage,FormationMaster,YueBai,3,10,True,stalemate,baseline,True,8,8338,1042.25,6787,2779.3333333333335,0.0,0,0,100125,11906,11906,0,21,330,0,402,12,18877,1800,,D:\UE5 demo\GameXXK\Saved\Balance\20260907-final-matrix\hell-Mage-FormationMaster-YueBai\seed-20260906.json,5,2,183
hell-Mage-FormationMaster-YueBai,20260907,Training.Hell.3-1,7,Mage,FormationMaster,YueBai,3,10,True,stalemate,baseline,True,10,8297,829.7,6126,2632.3333333333335,57.142857142857146,0,0,69842,11906,11906,0,27,306,0,173,12,18094,1800,,D:\UE5 demo\GameXXK\Saved\Balance\20260907-final-matrix\hell-Mage-FormationMaster-YueBai\seed-20260907.json,5,2,183
hell-Mage-FormationMaster-YueBai,20260908,Training.Hell.3-1,7,Mage,FormationMaster,YueBai,3,10,True,victory,baseline,True,5,11176,2235.2,0,2278.0,2171.0,630,375,17466,11651,11906,0,15,51,0,31,18,627,300,,D:\UE5 demo\GameXXK\Saved\Balance\20260907-final-matrix\hell-Mage-FormationMaster-YueBai\seed-20260908.json,5,2,266
hell-Mage-FormationMaster-YueBai,20260909,Training.Hell.3-1,7,Mage,FormationMaster,YueBai,3,10,True,stalemate,baseline,True,9,5521,613.4444444444445,4917,1840.3333333333333,0.0,0,0,61830,11906,11906,0,24,30,0,402,4,254,2100,,D:\UE5 demo\GameXXK\Saved\Balance\20260907-final-matrix\hell-Mage-FormationMaster-YueBai\seed-20260909.json,2,1,134
hell-Mage-FormationMaster-YueBai,20260910,Training.Hell.3-1,7,Mage,FormationMaster,YueBai,3,10,True,victory,baseline,True,3,11176,3725.3333333333335,7290,3725.3333333333335,,0,0,15957,11906,11906,0,9,66,0,33,16,14484,900,,D:\UE5 demo\GameXXK\Saved\Balance\20260907-final-matrix\hell-Mage-FormationMaster-YueBai\seed-20260910.json,3,1,134
hell-Mage-FormationMaster-ZhouGuangZu,20260906,Training.Hell.3-1,7,Mage,FormationMaster,ZhouGuangZu,3,10,True,victory,baseline,True,9,11176,1241.7777777777778,165,1857.6666666666667,933.8333333333334,798,720,18287,11423,11501,0,32,114,0,66,10,293,1509,,D:\UE5 demo\GameXXK\Saved\Balance\20260907-final-matrix\hell-Mage-FormationMaster-ZhouGuangZu\seed-20260906.json,7,3,553
hell-Mage-FormationMaster-ZhouGuangZu,20260907,Training.Hell.3-1,7,Mage,FormationMaster,ZhouGuangZu,3,10,True,victory,baseline,True,5,11174,2234.8,1659,2790.6666666666665,1401.0,648,468,10212,11321,11501,0,16,57,0,28,10,345,1404,,D:\UE5 demo\GameXXK\Saved\Balance\20260907-final-matrix\hell-Mage-FormationMaster-ZhouGuangZu\seed-20260907.json,6,2,723
hell-Mage-FormationMaster-ZhouGuangZu,20260908,Training.Hell.3-1,7,Mage,FormationMaster,ZhouGuangZu,3,10,True,victory,baseline,True,6,11176,1862.6666666666667,165,3141.6666666666665,583.6666666666666,837,657,11553,11321,11501,0,19,63,0,36,10,283,2151,,D:\UE5 demo\GameXXK\Saved\Balance\20260907-final-matrix\hell-Mage-FormationMaster-ZhouGuangZu\seed-20260908.json,6,2,723
hell-Mage-FormationMaster-ZhouGuangZu,20260909,Training.Hell.3-1,7,Mage,FormationMaster,ZhouGuangZu,3,10,True,victory,baseline,True,7,11165,1595.0,4565,1720.6666666666667,1500.75,528,468,8734,11441,11501,0,20,63,1,41,5,706,2472,,D:\UE5 demo\GameXXK\Saved\Balance\20260907-final-matrix\hell-Mage-FormationMaster-ZhouGuangZu\seed-20260909.json,3,1,264
hell-Mage-FormationMaster-ZhouGuangZu,20260910,Training.Hell.3-1,7,Mage,FormationMaster,ZhouGuangZu,3,10,True,victory,baseline,True,6,11176,1862.6666666666667,3919,1829.3333333333333,1896.0,819,459,12541,11141,11501,0,18,75,0,46,10,438,1386,,D:\UE5 demo\GameXXK\Saved\Balance\20260907-final-matrix\hell-Mage-FormationMaster-ZhouGuangZu\seed-20260910.json,3,1,264
hell-Mage-FormationMaster-JinGui,20260906,Training.Hell.3-1,7,Mage,FormationMaster,JinGui,0,10,True,stalemate,baseline,True,11,5303,482.09090909090907,594,1767.6666666666667,0.0,360,360,12561,11735,11735,0,25,24,7,39,0,269,1290,,D:\UE5 demo\GameXXK\Saved\Balance\20260907-final-matrix\hell-Mage-FormationMaster-JinGui\seed-20260906.json,6,3,436
hell-Mage-FormationMaster-JinGui,20260907,Training.Hell.3-1,7,Mage,FormationMaster,JinGui,0,10,True,stalemate,baseline,True,18,8345,463.6111111111111,2509,1822.6666666666667,191.8,930,930,27018,11735,11735,0,54,45,0,85,5,290,2595,,D:\UE5 demo\GameXXK\Saved\Balance\20260907-final-matrix\hell-Mage-FormationMaster-JinGui\seed-20260907.json,9,4,468
hell-Mage-FormationMaster-JinGui,20260908,Training.Hell.3-1,7,Mage,FormationMaster,JinGui,0,10,True,victory,baseline,True,3,11169,3723.0,3686,3723.0,,270,90,5142,11555,11735,0,10,27,0,18,5,684,210,,D:\UE5 demo\GameXXK\Saved\Balance\20260907-final-matrix\hell-Mage-FormationMaster-JinGui\seed-20260908.json,3,1,243
hell-Mage-FormationMaster-JinGui,20260909,Training.Hell.3-1,7,Mage,FormationMaster,JinGui,0,10,True,stalemate,baseline,True,12,5401,450.0833333333333,4867,1800.3333333333333,0.0,2,2,12845,11735,11735,0,28,18,6,42,0,438,1498,,D:\UE5 demo\GameXXK\Saved\Balance\20260907-final-matrix\hell-Mage-FormationMaster-JinGui\seed-20260909.json,4,2,318
hell-Mage-FormationMaster-JinGui,20260910,Training.Hell.3-1,7,Mage,FormationMaster,JinGui,0,10,True,stalemate,baseline,True,15,8301,553.4,1763,1802.6666666666667,241.08333333333334,2430,2250,24974,11555,11735,0,46,39,0,68,5,321,1350,,D:\UE5 demo\GameXXK\Saved\Balance\20260907-final-matrix\hell-Mage-FormationMaster-JinGui\seed-20260910.json,7,3,393
hell-Mage-FormationMaster-QiongMeiEr,20260906,Training.Hell.3-1,7,Mage,FormationMaster,QiongMeiEr,3,10,True,victory,baseline,True,5,11155,2231.0,3416,2764.3333333333335,1431.0,0,0,7654,12194,12194,0,22,36,0,32,10,320,900,,D:\UE5 demo\GameXXK\Saved\Balance\20260907-final-matrix\hell-Mage-FormationMaster-QiongMeiEr\seed-20260906.json,1,0,44
hell-Mage-FormationMaster-QiongMeiEr,20260907,Training.Hell.3-1,7,Mage,FormationMaster,QiongMeiEr,3,10,True,victory,baseline,True,5,11162,2232.4,1699,2615.0,1658.5,240,240,8225,12194,12194,0,20,36,1,29,10,362,810,,D:\UE5 demo\GameXXK\Saved\Balance\20260907-final-matrix\hell-Mage-FormationMaster-QiongMeiEr\seed-20260907.json,4,0,341
hell-Mage-FormationMaster-QiongMeiEr,20260908,Training.Hell.3-1,7,Mage,FormationMaster,QiongMeiEr,3,10,True,victory,baseline,True,3,11176,3725.3333333333335,3064,3725.3333333333335,,180,60,5581,12074,12194,0,14,36,0,20,5,490,240,,D:\UE5 demo\GameXXK\Saved\Balance\20260907-final-matrix\hell-Mage-FormationMaster-QiongMeiEr\seed-20260908.json,2,0,212
hell-Mage-FormationMaster-QiongMeiEr,20260909,Training.Hell.3-1,7,Mage,FormationMaster,QiongMeiEr,3,10,True,stalemate,baseline,True,8,8328,1041.0,5521,2776.0,0.0,0,0,13021,12194,12194,0,33,24,2,45,5,374,1500,,D:\UE5 demo\GameXXK\Saved\Balance\20260907-final-matrix\hell-Mage-FormationMaster-QiongMeiEr\seed-20260909.json,1,0,44
hell-Mage-FormationMaster-QiongMeiEr,20260910,Training.Hell.3-1,7,Mage,FormationMaster,QiongMeiEr,3,10,True,victory,baseline,True,2,11176,5588.0,4904,5588.0,,60,60,2985,12194,12194,0,10,33,0,29,5,535,240,,D:\UE5 demo\GameXXK\Saved\Balance\20260907-final-matrix\hell-Mage-FormationMaster-QiongMeiEr\seed-20260910.json,2,0,212
hell-Formation-Blade-TusiChief,20260906,Training.Hell.3-1,7,Formation,Blade,TusiChief,3,10,True,limit,baseline,False,60,8307,138.45,3406,2171.3333333333335,31.45614035087719,2904,2895,57052,12603,12612,0,107,215,73,103,0,102,1305,Simulation reached MaxRounds before a terminal result.,D:\UE5 demo\GameXXK\Saved\Balance\20260907-final-matrix\hell-Formation-Blade-TusiChief\seed-20260906.json,28,13,232
hell-Formation-Blade-TusiChief,20260907,Training.Hell.3-1,7,Formation,Blade,TusiChief,3,10,True,stalemate,baseline,True,41,8321,202.9512195121951,2654,1646.6666666666667,88.97368421052632,1922,1922,38824,12612,12612,0,75,156,45,73,0,193,853,,D:\UE5 demo\GameXXK\Saved\Balance\20260907-final-matrix\hell-Formation-Blade-TusiChief\seed-20260907.json,18,8,599
hell-Formation-Blade-TusiChief,20260908,Training.Hell.3-1,7,Formation,Blade,TusiChief,3,10,True,stalemate,baseline,True,46,5394,117.26086956521739,1190,1491.0,21.41860465116279,2118,2118,42698,12612,12612,0,82,155,53,78,0,144,1332,,D:\UE5 demo\GameXXK\Saved\Balance\20260907-final-matrix\hell-Formation-Blade-TusiChief\seed-20260908.json,22,10,1595
hell-Formation-Blade-TusiChief,20260909,Training.Hell.3-1,7,Formation,Blade,TusiChief,3,10,True,stalemate,baseline,True,34,5295,155.73529411764707,2375,1765.0,0.0,1659,1659,27344,12612,12612,0,55,103,44,53,1,168,741,,D:\UE5 demo\GameXXK\Saved\Balance\20260907-final-matrix\hell-Formation-Blade-TusiChief\seed-20260909.json,15,7,591
hell-Formation-Blade-TusiChief,20260910,Training.Hell.3-1,7,Formation,Blade,TusiChief,3,10,True,stalemate,baseline,True,42,5531,131.6904761904762,2292,1843.6666666666667,0.0,1958,1958,38034,12612,12612,0,67,144,56,64,0,242,1192,,D:\UE5 demo\GameXXK\Saved\Balance\20260907-final-matrix\hell-Formation-Blade-TusiChief\seed-20260910.json,19,9,984
hell-Formation-Blade-SongJinBao,20260906,Training.Hell.3-1,7,Formation,Blade,SongJinBao,3,10,True,stalemate,baseline,True,8,8265,1033.125,5463,2755.0,0.0,0,0,7242,12435,12435,0,24,50,8,26,9,215,450,,D:\UE5 demo\GameXXK\Saved\Balance\20260907-final-matrix\hell-Formation-Blade-SongJinBao\seed-20260906.json,1,1,2
hell-Formation-Blade-SongJinBao,20260907,Training.Hell.3-1,7,Formation,Blade,SongJinBao,3,10,True,stalemate,baseline,True,8,5474,684.25,2611,1824.6666666666667,0.0,0,0,3834,12435,12435,0,17,22,11,22,1,495,225,,D:\UE5 demo\GameXXK\Saved\Balance\20260907-final-matrix\hell-Formation-Blade-SongJinBao\seed-20260907.json,1,1,2
hell-Formation-Blade-SongJinBao,20260908,Training.Hell.3-1,7,Formation,Blade,SongJinBao,3,10,True,stalemate,baseline,True,32,5509,172.15625,2628,1836.3333333333333,0.0,1066,1066,34506,12435,12435,0,69,179,59,72,4,484,1709,,D:\UE5 demo\GameXXK\Saved\Balance\20260907-final-matrix\hell-Formation-Blade-SongJinBao\seed-20260908.json,14,10,407
hell-Formation-Blade-SongJinBao,20260909,Training.Hell.3-1,7,Formation,Blade,SongJinBao,3,10,True,stalemate,baseline,True,15,8306,553.7333333333333,3223,2661.3333333333335,26.833333333333332,942,942,21726,12435,12435,0,50,102,19,54,10,55,798,,D:\UE5 demo\GameXXK\Saved\Balance\20260907-final-matrix\hell-Formation-Blade-SongJinBao\seed-20260909.json,6,3,260
hell-Formation-Blade-SongJinBao,20260910,Training.Hell.3-1,7,Formation,Blade,SongJinBao,3,10,True,stalemate,baseline,True,15,5448,363.2,1670,1816.0,0.0,630,630,19170,12435,12435,0,39,86,18,40,0,657,1395,,D:\UE5 demo\GameXXK\Saved\Balance\20260907-final-matrix\hell-Formation-Blade-SongJinBao\seed-20260910.json,8,6,378
hell-Formation-Blade-YueBai,20260906,Training.Hell.3-1,7,Formation,Blade,YueBai,3,10,True,victory,baseline,True,4,11176,2794.0,5573,2601.0,3373.0,0,0,12216,11857,11857,0,11,43,0,19,9,8398,150,,D:\UE5 demo\GameXXK\Saved\Balance\20260907-final-matrix\hell-Formation-Blade-YueBai\seed-20260906.json,2,1,49
hell-Formation-Blade-YueBai,20260907,Training.Hell.3-1,7,Formation,Blade,YueBai,3,10,True,victory,baseline,True,6,11176,1862.6666666666667,6024,2791.3333333333335,934.0,0,0,13128,11857,11857,0,15,50,1,22,8,17738,0,,D:\UE5 demo\GameXXK\Saved\Balance\20260907-final-matrix\hell-Formation-Blade-YueBai\seed-20260907.json,6,2,515
hell-Formation-Blade-YueBai,20260908,Training.Hell.3-1,7,Formation,Blade,YueBai,3,10,True,stalemate,baseline,True,40,5356,133.9,1190,1355.0,34.891891891891895,3032,3032,93504,11857,11857,0,73,304,44,99,5,55,618,,D:\UE5 demo\GameXXK\Saved\Balance\20260907-final-matrix\hell-Formation-Blade-YueBai\seed-20260908.json,23,8,2146
hell-Formation-Blade-YueBai,20260909,Training.Hell.3-1,7,Formation,Blade,YueBai,3,10,True,victory,baseline,True,6,11165,1860.8333333333333,2375,1857.6666666666667,1864.0,810,300,14346,11347,11857,0,18,66,0,23,5,1524,60,,D:\UE5 demo\GameXXK\Saved\Balance\20260907-final-matrix\hell-Formation-Blade-YueBai\seed-20260909.json,6,2,321
hell-Formation-Blade-YueBai,20260910,Training.Hell.3-1,7,Formation,Blade,YueBai,3,10,True,victory,baseline,True,5,11176,2235.2,6024,2638.3333333333335,1630.5,0,0,18114,11857,11857,0,14,53,1,25,13,15718,375,,D:\UE5 demo\GameXXK\Saved\Balance\20260907-final-matrix\hell-Formation-Blade-YueBai\seed-20260910.json,2,1,49
hell-Formation-Blade-ZhouGuangZu,20260906,Training.Hell.3-1,7,Formation,Blade,ZhouGuangZu,3,10,True,stalemate,baseline,True,18,8332,462.8888888888889,2411,1705.3333333333333,214.4,1701,1701,21540,11452,11452,0,37,134,22,48,0,89,2347,,D:\UE5 demo\GameXXK\Saved\Balance\20260907-final-matrix\hell-Formation-Blade-ZhouGuangZu\seed-20260906.json,12,4,767
hell-Formation-Blade-ZhouGuangZu,20260907,Training.Hell.3-1,7,Formation,Blade,ZhouGuangZu,3,10,True,victory,baseline,True,14,11363,811.6428571428571,1190,1300.0,678.4545454545455,1137,1137,18147,11452,11452,0,38,125,9,50,0,610,2135,,D:\UE5 demo\GameXXK\Saved\Balance\20260907-final-matrix\hell-Formation-Blade-ZhouGuangZu\seed-20260907.json,9,3,869
hell-Formation-Blade-ZhouGuangZu,20260908,Training.Hell.3-1,7,Formation,Blade,ZhouGuangZu,3,10,True,stalemate,baseline,True,18,5664,314.6666666666667,1190,1608.3333333333333,55.93333333333333,1565,1565,27549,11452,11452,0,34,133,24,49,0,55,2287,,D:\UE5 demo\GameXXK\Saved\Balance\20260907-final-matrix\hell-Formation-Blade-ZhouGuangZu\seed-20260908.json,12,4,1442
hell-Formation-Blade-ZhouGuangZu,20260909,Training.Hell.3-1,7,Formation,Blade,ZhouGuangZu,3,10,True,victory,baseline,True,8,11159,1394.875,2772,1852.0,1120.6,829,770,12474,11393,11452,0,28,90,0,35,1,182,1481,,D:\UE5 demo\GameXXK\Saved\Balance\20260907-final-matrix\hell-Formation-Blade-ZhouGuangZu\seed-20260909.json,9,3,693
hell-Formation-Blade-ZhouGuangZu,20260910,Training.Hell.3-1,7,Formation,Blade,ZhouGuangZu,3,10,True,stalemate,baseline,True,14,8320,594.2857142857143,585,1425.0,367.72727272727275,912,912,16779,11452,11452,0,33,109,13,41,1,74,2555,,D:\UE5 demo\GameXXK\Saved\Balance\20260907-final-matrix\hell-Formation-Blade-ZhouGuangZu\seed-20260910.json,9,3,591
hell-Formation-Blade-JinGui,20260906,Training.Hell.3-1,7,Formation,Blade,JinGui,0,10,True,stalemate,baseline,True,26,5554,213.6153846153846,1190,1439.3333333333333,53.73913043478261,654,654,28562,11686,11686,0,47,104,28,46,1,55,996,,D:\UE5 demo\GameXXK\Saved\Balance\20260907-final-matrix\hell-Formation-Blade-JinGui\seed-20260906.json,16,6,1611
hell-Formation-Blade-JinGui,20260907,Training.Hell.3-1,7,Formation,Blade,JinGui,0,10,True,stalemate,baseline,True,45,5453,121.17777777777778,2460,1817.6666666666667,0.0,1932,1932,49236,11686,11686,0,82,168,52,77,0,31,1233,,D:\UE5 demo\GameXXK\Saved\Balance\20260907-final-matrix\hell-Formation-Blade-JinGui\seed-20260907.json,26,9,2365
hell-Formation-Blade-JinGui,20260908,Training.Hell.3-1,7,Formation,Blade,JinGui,0,10,True,stalemate,baseline,True,30,5373,179.1,1190,1791.0,0.0,1567,1567,31198,11686,11686,0,55,115,33,55,0,69,758,,D:\UE5 demo\GameXXK\Saved\Balance\20260907-final-matrix\hell-Formation-Blade-JinGui\seed-20260908.json,16,6,1202
hell-Formation-Blade-JinGui,20260909,Training.Hell.3-1,7,Formation,Blade,JinGui,0,10,True,stalemate,baseline,True,45,5209,115.75555555555556,2375,1599.6666666666667,9.761904761904763,1577,1577,44034,11686,11686,0,74,147,59,71,0,94,1283,,D:\UE5 demo\GameXXK\Saved\Balance\20260907-final-matrix\hell-Formation-Blade-JinGui\seed-20260909.json,24,9,1631
hell-Formation-Blade-JinGui,20260910,Training.Hell.3-1,7,Formation,Blade,JinGui,0,10,True,stalemate,baseline,True,18,5167,287.05555555555554,2760,1722.3333333333333,0.0,427,427,15426,11686,11686,0,30,61,22,33,0,822,473,,D:\UE5 demo\GameXXK\Saved\Balance\20260907-final-matrix\hell-Formation-Blade-JinGui\seed-20260910.json,10,3,945
hell-Formation-Blade-QiongMeiEr,20260906,Training.Hell.3-1,7,Formation,Blade,QiongMeiEr,3,10,True,stalemate,baseline,True,16,8329,520.5625,2192,1857.6666666666667,212.0,659,659,15762,12145,12145,0,37,90,20,35,1,167,1031,,D:\UE5 demo\GameXXK\Saved\Balance\20260907-final-matrix\hell-Formation-Blade-QiongMeiEr\seed-20260906.json,7,0,250
hell-Formation-Blade-QiongMeiEr,20260907,Training.Hell.3-1,7,Formation,Blade,QiongMeiEr,3,10,True,victory,baseline,True,15,11157,743.8,2337,1747.3333333333333,492.9166666666667,450,450,20874,12145,12145,0,53,119,9,50,1,184,2005,,D:\UE5 demo\GameXXK\Saved\Balance\20260907-final-matrix\hell-Formation-Blade-QiongMeiEr\seed-20260907.json,10,2,1274
hell-Formation-Blade-QiongMeiEr,20260908,Training.Hell.3-1,7,Formation,Blade,QiongMeiEr,3,10,True,victory,baseline,True,9,11155,1239.4444444444443,2709,1800.0,959.1666666666666,706,315,7668,11754,12145,0,32,60,4,35,2,123,765,,D:\UE5 demo\GameXXK\Saved\Balance\20260907-final-matrix\hell-Formation-Blade-QiongMeiEr\seed-20260908.json,7,1,620
hell-Formation-Blade-QiongMeiEr,20260909,Training.Hell.3-1,7,Formation,Blade,QiongMeiEr,3,10,True,stalemate,baseline,True,13,8281,637.0,4228,1774.3333333333333,295.8,0,0,11076,12145,12145,0,29,56,19,31,1,67,405,,D:\UE5 demo\GameXXK\Saved\Balance\20260907-final-matrix\hell-Formation-Blade-QiongMeiEr\seed-20260909.json,4,1,160
hell-Formation-Blade-QiongMeiEr,20260910,Training.Hell.3-1,7,Formation,Blade,QiongMeiEr,3,10,True,stalemate,baseline,True,15,5529,368.6,2476,1843.0,0.0,480,480,17892,12145,12145,0,38,91,19,40,0,282,1565,,D:\UE5 demo\GameXXK\Saved\Balance\20260907-final-matrix\hell-Formation-Blade-QiongMeiEr\seed-20260910.json,6,1,612
hell-Formation-Guard-TusiChief,20260906,Training.Hell.3-1,7,Formation,Guard,TusiChief,3,10,True,limit,baseline,False,60,5588,93.13333333333334,1190,1117.3333333333333,39.228070175438596,2002,1494,151655,12157,12665,0,169,256,11,128,0,4,906,Simulation reached MaxRounds before a terminal result.,D:\UE5 demo\GameXXK\Saved\Balance\20260907-final-matrix\hell-Formation-Guard-TusiChief\seed-20260906.json,28,15,1136
hell-Formation-Guard-TusiChief,20260907,Training.Hell.3-1,7,Formation,Guard,TusiChief,3,10,True,stalemate,baseline,True,49,5546,113.18367346938776,2202,1501.3333333333333,22.652173913043477,1594,1248,116097,12319,12665,0,136,236,8,98,0,4,702,,D:\UE5 demo\GameXXK\Saved\Balance\20260907-final-matrix\hell-Formation-Guard-TusiChief\seed-20260907.json,26,15,1455
hell-Formation-Guard-TusiChief,20260908,Training.Hell.3-1,7,Formation,Guard,TusiChief,3,10,True,limit,baseline,False,60,5475,91.25,757,1463.6666666666667,19.017543859649123,2631,1674,151752,11708,12665,0,170,253,10,130,0,0,726,Simulation reached MaxRounds before a terminal result.,D:\UE5 demo\GameXXK\Saved\Balance\20260907-final-matrix\hell-Formation-Guard-TusiChief\seed-20260908.json,27,14,1641
hell-Formation-Guard-TusiChief,20260909,Training.Hell.3-1,7,Formation,Guard,TusiChief,3,10,True,stalemate,baseline,True,49,5413,110.46938775510205,0,1308.3333333333333,32.34782608695652,2792,1330,113111,11203,12665,0,133,198,11,99,0,7,545,,D:\UE5 demo\GameXXK\Saved\Balance\20260907-final-matrix\hell-Formation-Guard-TusiChief\seed-20260909.json,19,10,1238
hell-Formation-Guard-TusiChief,20260910,Training.Hell.3-1,7,Formation,Guard,TusiChief,3,10,True,stalemate,baseline,True,11,5547,504.27272727272725,1190,1155.3333333333333,260.125,0,0,23784,12665,12665,0,29,36,1,27,0,4,300,,D:\UE5 demo\GameXXK\Saved\Balance\20260907-final-matrix\hell-Formation-Guard-TusiChief\seed-20260910.json,4,2,540
hell-Formation-Guard-SongJinBao,20260906,Training.Hell.3-1,7,Formation,Guard,SongJinBao,3,10,True,stalemate,baseline,True,30,5488,182.93333333333334,541,987.3333333333334,93.55555555555556,761,761,104277,12488,12488,0,114,173,9,107,1,0,964,,D:\UE5 demo\GameXXK\Saved\Balance\20260907-final-matrix\hell-Formation-Guard-SongJinBao\seed-20260906.json,20,15,735
hell-Formation-Guard-SongJinBao,20260907,Training.Hell.3-1,7,Formation,Guard,SongJinBao,3,10,True,stalemate,baseline,True,20,5450,272.5,1561,1663.0,27.11764705882353,664,664,74725,12488,12488,0,80,145,9,82,9,28,386,,D:\UE5 demo\GameXXK\Saved\Balance\20260907-final-matrix\hell-Formation-Guard-SongJinBao\seed-20260907.json,9,9,14
hell-Formation-Guard-SongJinBao,20260908,Training.Hell.3-1,7,Formation,Guard,SongJinBao,3,10,True,stalemate,baseline,True,15,5233,348.8666666666667,2445,1744.3333333333333,0.0,482,482,48509,12488,12488,0,58,94,2,52,10,418,418,,D:\UE5 demo\GameXXK\Saved\Balance\20260907-final-matrix\hell-Formation-Guard-SongJinBao\seed-20260908.json,6,6,10
hell-Formation-Guard-SongJinBao,20260909,Training.Hell.3-1,7,Formation,Guard,SongJinBao,3,10,True,limit,baseline,False,60,5723,95.38333333333334,0,1357.3333333333333,28.964912280701753,2385,1648,207358,11751,12488,0,227,350,26,200,5,0,1052,Simulation reached MaxRounds before a terminal result.,D:\UE5 demo\GameXXK\Saved\Balance\20260907-final-matrix\hell-Formation-Guard-SongJinBao\seed-20260909.json,38,29,182
hell-Formation-Guard-SongJinBao,20260910,Training.Hell.3-1,7,Formation,Guard,SongJinBao,3,10,True,limit,baseline,False,60,5588,93.13333333333334,541,1181.3333333333333,35.85964912280702,2082,1804,191890,12210,12488,0,213,372,29,180,1,150,1421,Simulation reached MaxRounds before a terminal result.,D:\UE5 demo\GameXXK\Saved\Balance\20260907-final-matrix\hell-Formation-Guard-SongJinBao\seed-20260910.json,40,31,1042
hell-Formation-Guard-YueBai,20260906,Training.Hell.3-1,7,Formation,Guard,YueBai,3,10,True,victory,baseline,True,11,11157,1014.2727272727273,5573,1987.6666666666667,649.25,0,0,45505,11910,11910,0,33,131,0,39,20,15421,300,,D:\UE5 demo\GameXXK\Saved\Balance\20260907-final-matrix\hell-Formation-Guard-YueBai\seed-20260906.json,6,4,102
hell-Formation-Guard-YueBai,20260907,Training.Hell.3-1,7,Formation,Guard,YueBai,3,10,True,victory,baseline,True,15,11176,745.0666666666667,5573,2114.6666666666665,402.6666666666667,0,0,62643,11910,11910,0,43,129,1,53,16,26156,300,,D:\UE5 demo\GameXXK\Saved\Balance\20260907-final-matrix\hell-Formation-Guard-YueBai\seed-20260907.json,9,6,153
hell-Formation-Guard-YueBai,20260908,Training.Hell.3-1,7,Formation,Guard,YueBai,3,10,True,limit,baseline,False,60,5711,95.18333333333334,30,987.3333333333334,48.228070175438596,7170,1330,225535,6070,11910,0,174,495,6,173,12,0,695,Simulation reached MaxRounds before a terminal result.,D:\UE5 demo\GameXXK\Saved\Balance\20260907-final-matrix\hell-Formation-Guard-YueBai\seed-20260908.json,41,26,2793
hell-Formation-Guard-YueBai,20260909,Training.Hell.3-1,7,Formation,Guard,YueBai,3,10,True,victory,baseline,True,11,11176,1016.0,0,1987.6666666666667,651.625,1710,600,46182,10800,11910,0,31,121,2,35,16,12886,0,,D:\UE5 demo\GameXXK\Saved\Balance\20260907-final-matrix\hell-Formation-Guard-YueBai\seed-20260909.json,9,6,194
hell-Formation-Guard-YueBai,20260910,Training.Hell.3-1,7,Formation,Guard,YueBai,3,10,True,victory,baseline,True,11,11176,1016.0,5573,1867.6666666666667,696.625,0,0,55339,11910,11910,0,31,118,2,47,28,15578,0,,D:\UE5 demo\GameXXK\Saved\Balance\20260907-final-matrix\hell-Formation-Guard-YueBai\seed-20260910.json,6,4,102
hell-Formation-Guard-ZhouGuangZu,20260906,Training.Hell.3-1,7,Formation,Guard,ZhouGuangZu,3,10,True,victory,baseline,True,29,11176,385.37931034482756,0,1064.3333333333333,307.03846153846155,2240,2240,109817,11505,11505,0,109,260,0,113,0,628,4033,,D:\UE5 demo\GameXXK\Saved\Balance\20260907-final-matrix\hell-Formation-Guard-ZhouGuangZu\seed-20260906.json,20,10,2264
hell-Formation-Guard-ZhouGuangZu,20260907,Training.Hell.3-1,7,Formation,Guard,ZhouGuangZu,3,10,True,victory,baseline,True,26,11366,437.15384615384613,705,1127.6666666666667,347.0869565217391,3920,3683,86902,11268,11505,0,90,232,2,102,0,16,1927,,D:\UE5 demo\GameXXK\Saved\Balance\20260907-final-matrix\hell-Formation-Guard-ZhouGuangZu\seed-20260907.json,23,12,2218
hell-Formation-Guard-ZhouGuangZu,20260908,Training.Hell.3-1,7,Formation,Guard,ZhouGuangZu,3,10,True,victory,baseline,True,25,11358,454.32,0,987.3333333333334,381.6363636363636,4497,4041,87518,11049,11505,0,92,235,0,94,0,0,1191,,D:\UE5 demo\GameXXK\Saved\Balance\20260907-final-matrix\hell-Formation-Guard-ZhouGuangZu\seed-20260908.json,20,9,2291
hell-Formation-Guard-ZhouGuangZu,20260909,Training.Hell.3-1,7,Formation,Guard,ZhouGuangZu,3,10,True,victory,baseline,True,19,11366,598.2105263157895,0,1119.3333333333333,500.5,2572,2286,68652,11219,11505,0,68,170,0,78,0,0,1425,,D:\UE5 demo\GameXXK\Saved\Balance\20260907-final-matrix\hell-Formation-Guard-ZhouGuangZu\seed-20260909.json,18,8,2226
hell-Formation-Guard-ZhouGuangZu,20260910,Training.Hell.3-1,7,Formation,Guard,ZhouGuangZu,3,10,True,victory,baseline,True,26,11366,437.15384615384613,165,1285.3333333333333,326.5217391304348,4160,3935,92384,11280,11505,0,92,252,1,99,0,0,1375,,D:\UE5 demo\GameXXK\Saved\Balance\20260907-final-matrix\hell-Formation-Guard-ZhouGuangZu\seed-20260910.json,20,10,2035
hell-Formation-Guard-JinGui,20260906,Training.Hell.3-1,7,Formation,Guard,JinGui,0,10,True,limit,baseline,False,60,5380,89.66666666666667,594,1333.3333333333333,24.210526315789473,3392,2727,150456,11074,11739,0,174,307,9,125,0,0,273,Simulation reached MaxRounds before a terminal result.,D:\UE5 demo\GameXXK\Saved\Balance\20260907-final-matrix\hell-Formation-Guard-JinGui\seed-20260906.json,41,26,2969
hell-Formation-Guard-JinGui,20260907,Training.Hell.3-1,7,Formation,Guard,JinGui,0,10,True,limit,baseline,False,60,5356,89.26666666666667,1763,1462.6666666666667,16.982456140350877,5104,2850,148662,9485,11739,0,174,301,7,117,0,0,0,Simulation reached MaxRounds before a terminal result.,D:\UE5 demo\GameXXK\Saved\Balance\20260907-final-matrix\hell-Formation-Guard-JinGui\seed-20260907.json,41,26,3057
hell-Formation-Guard-JinGui,20260908,Training.Hell.3-1,7,Formation,Guard,JinGui,0,10,True,limit,baseline,False,60,5680,94.66666666666667,0,1462.6666666666667,22.666666666666668,2991,2700,147030,11448,11739,0,168,302,13,121,0,0,225,Simulation reached MaxRounds before a terminal result.,D:\UE5 demo\GameXXK\Saved\Balance\20260907-final-matrix\hell-Formation-Guard-JinGui\seed-20260908.json,41,26,3310
hell-Formation-Guard-JinGui,20260909,Training.Hell.3-1,7,Formation,Guard,JinGui,0,10,True,limit,baseline,False,60,5707,95.11666666666666,0,1439.6666666666667,24.350877192982455,6291,2325,147666,7773,11739,0,169,291,14,120,0,0,0,Simulation reached MaxRounds before a terminal result.,D:\UE5 demo\GameXXK\Saved\Balance\20260907-final-matrix\hell-Formation-Guard-JinGui\seed-20260909.json,41,26,3130
hell-Formation-Guard-JinGui,20260910,Training.Hell.3-1,7,Formation,Guard,JinGui,0,10,True,limit,baseline,False,60,5652,94.2,1763,1461.6666666666667,22.228070175438596,2889,1776,153949,10626,11739,0,172,307,11,120,0,0,699,Simulation reached MaxRounds before a terminal result.,D:\UE5 demo\GameXXK\Saved\Balance\20260907-final-matrix\hell-Formation-Guard-JinGui\seed-20260910.json,41,26,3052
hell-Formation-Guard-QiongMeiEr,20260906,Training.Hell.3-1,7,Formation,Guard,QiongMeiEr,3,10,True,stalemate,baseline,True,23,8522,370.5217391304348,510,1510.6666666666667,199.5,667,667,69914,12198,12198,0,85,153,6,72,0,0,1628,,D:\UE5 demo\GameXXK\Saved\Balance\20260907-final-matrix\hell-Formation-Guard-QiongMeiEr\seed-20260906.json,13,6,851
hell-Formation-Guard-QiongMeiEr,20260907,Training.Hell.3-1,7,Formation,Guard,QiongMeiEr,3,10,True,victory,baseline,True,22,11330,515.0,1050,1447.3333333333333,367.7894736842105,2589,800,80114,10409,12198,0,92,177,2,81,0,16,400,,D:\UE5 demo\GameXXK\Saved\Balance\20260907-final-matrix\hell-Formation-Guard-QiongMeiEr\seed-20260907.json,14,7,1730
hell-Formation-Guard-QiongMeiEr,20260908,Training.Hell.3-1,7,Formation,Guard,QiongMeiEr,3,10,True,victory,baseline,True,20,11338,566.9,878,1400.0,419.88235294117646,884,830,69330,12144,12198,0,81,151,1,74,0,230,835,,D:\UE5 demo\GameXXK\Saved\Balance\20260907-final-matrix\hell-Formation-Guard-QiongMeiEr\seed-20260908.json,11,4,1154
hell-Formation-Guard-QiongMeiEr,20260909,Training.Hell.3-1,7,Formation,Guard,QiongMeiEr,3,10,True,stalemate,baseline,True,36,5507,152.97222222222223,0,1391.6666666666667,40.36363636363637,2341,2341,117356,12198,12198,0,136,217,5,104,0,119,1619,,D:\UE5 demo\GameXXK\Saved\Balance\20260907-final-matrix\hell-Formation-Guard-QiongMeiEr\seed-20260909.json,22,13,1295
hell-Formation-Guard-QiongMeiEr,20260910,Training.Hell.3-1,7,Formation,Guard,QiongMeiEr,3,10,True,victory,baseline,True,23,11352,493.5652173913044,510,1117.3333333333333,400.0,2892,910,82656,10216,12198,0,92,177,0,82,0,203,455,,D:\UE5 demo\GameXXK\Saved\Balance\20260907-final-matrix\hell-Formation-Guard-QiongMeiEr\seed-20260910.json,14,5,1674
hell-Formation-Healer-TusiChief,20260906,Training.Hell.3-1,7,Formation,Healer,TusiChief,3,10,True,victory,baseline,True,8,5764,720.5,1190,1167.6666666666667,452.2,839,637,7168,12200,12402,0,26,91,2,21,0,86,149,,D:\UE5 demo\GameXXK\Saved\Balance\20260907-final-matrix\hell-Formation-Healer-TusiChief\seed-20260906.json,5,2,200
hell-Formation-Healer-TusiChief,20260907,Training.Hell.3-1,7,Formation,Healer,TusiChief,3,10,True,victory,baseline,True,5,5764,1152.8,2202,1574.6666666666667,520.0,178,178,7026,12402,12402,0,16,41,0,19,0,1397,290,,D:\UE5 demo\GameXXK\Saved\Balance\20260907-final-matrix\hell-Formation-Healer-TusiChief\seed-20260907.json,3,1,613
hell-Formation-Healer-TusiChief,20260908,Training.Hell.3-1,7,Formation,Healer,TusiChief,3,10,True,victory,baseline,True,8,5764,720.5,1220,1394.6666666666667,316.0,984,808,7631,12226,12402,0,25,74,2,21,0,146,197,,D:\UE5 demo\GameXXK\Saved\Balance\20260907-final-matrix\hell-Formation-Healer-TusiChief\seed-20260908.json,7,2,949
hell-Formation-Healer-TusiChief,20260909,Training.Hell.3-1,7,Formation,Healer,TusiChief,3,10,True,victory,baseline,True,7,5764,823.4285714285714,450,1551.0,277.75,522,295,8236,12175,12402,0,24,69,0,21,0,218,179,,D:\UE5 demo\GameXXK\Saved\Balance\20260907-final-matrix\hell-Formation-Healer-TusiChief\seed-20260909.json,4,1,423
hell-Formation-Healer-TusiChief,20260910,Training.Hell.3-1,7,Formation,Healer,TusiChief,3,10,True,victory,baseline,True,4,5574,1393.5,1190,1646.3333333333333,635.0,9,9,6353,12402,12402,0,13,35,1,14,0,46,159,,D:\UE5 demo\GameXXK\Saved\Balance\20260907-final-matrix\hell-Formation-Healer-TusiChief\seed-20260910.json,0,0,0
hell-Formation-Healer-SongJinBao,20260906,Training.Hell.3-1,7,Formation,Healer,SongJinBao,3,10,True,victory,baseline,True,3,5574,1858.0,4101,1858.0,,189,71,5112,12107,12225,0,19,62,0,20,9,923,247,,D:\UE5 demo\GameXXK\Saved\Balance\20260907-final-matrix\hell-Formation-Healer-SongJinBao\seed-20260906.json,2,2,4
hell-Formation-Healer-SongJinBao,20260907,Training.Hell.3-1,7,Formation,Healer,SongJinBao,3,10,True,victory,baseline,True,5,5574,1114.8,1786,1779.0,118.5,429,173,7668,11969,12225,0,23,79,3,25,5,383,145,,D:\UE5 demo\GameXXK\Saved\Balance\20260907-final-matrix\hell-Formation-Healer-SongJinBao\seed-20260907.json,2,1,105
hell-Formation-Healer-SongJinBao,20260908,Training.Hell.3-1,7,Formation,Healer,SongJinBao,3,10,True,victory,baseline,True,5,5574,1114.8,2922,1758.3333333333333,149.5,12,12,5964,12225,12225,0,24,77,2,23,4,442,312,,D:\UE5 demo\GameXXK\Saved\Balance\20260907-final-matrix\hell-Formation-Healer-SongJinBao\seed-20260908.json,0,0,0
hell-Formation-Healer-SongJinBao,20260909,Training.Hell.3-1,7,Formation,Healer,SongJinBao,3,10,True,victory,baseline,True,3,8371,2790.3333333333335,1417,2790.3333333333335,,189,171,6816,12207,12225,0,22,65,0,24,9,422,147,,D:\UE5 demo\GameXXK\Saved\Balance\20260907-final-matrix\hell-Formation-Healer-SongJinBao\seed-20260909.json,2,1,105
hell-Formation-Healer-SongJinBao,20260910,Training.Hell.3-1,7,Formation,Healer,SongJinBao,3,10,True,victory,baseline,True,3,5574,1858.0,2961,1858.0,,279,102,5538,12048,12225,0,16,59,0,17,6,68,366,,D:\UE5 demo\GameXXK\Saved\Balance\20260907-final-matrix\hell-Formation-Healer-SongJinBao\seed-20260910.json,3,3,6
hell-Formation-Healer-YueBai,20260906,Training.Hell.3-1,7,Formation,Healer,YueBai,3,10,True,victory,baseline,True,8,11176,1397.0,6076,2297.3333333333335,856.8,18,18,27174,11647,11647,0,26,119,2,35,12,13584,468,,D:\UE5 demo\GameXXK\Saved\Balance\20260907-final-matrix\hell-Formation-Healer-YueBai\seed-20260906.json,6,2,222
hell-Formation-Healer-YueBai,20260907,Training.Hell.3-1,7,Formation,Healer,YueBai,3,10,True,victory,baseline,True,8,8375,1046.875,5573,2098.3333333333335,416.0,18,18,25164,11647,11647,0,26,124,2,35,12,17364,318,,D:\UE5 demo\GameXXK\Saved\Balance\20260907-final-matrix\hell-Formation-Healer-YueBai\seed-20260907.json,6,2,222
hell-Formation-Healer-YueBai,20260908,Training.Hell.3-1,7,Formation,Healer,YueBai,3,10,True,victory,baseline,True,7,5764,823.4285714285714,450,1255.3333333333333,499.5,525,299,22614,11421,11647,0,25,109,0,30,8,92,181,,D:\UE5 demo\GameXXK\Saved\Balance\20260907-final-matrix\hell-Formation-Healer-YueBai\seed-20260908.json,7,2,527
hell-Formation-Healer-YueBai,20260909,Training.Hell.3-1,7,Formation,Healer,YueBai,3,10,True,victory,baseline,True,8,8375,1046.875,450,2185.0,364.0,948,536,23832,11235,11647,0,28,108,0,36,8,17698,175,,D:\UE5 demo\GameXXK\Saved\Balance\20260907-final-matrix\hell-Formation-Healer-YueBai\seed-20260909.json,6,2,304
hell-Formation-Healer-YueBai,20260910,Training.Hell.3-1,7,Formation,Healer,YueBai,3,10,True,victory,baseline,True,7,8375,1196.4285714285713,5573,2249.0,407.0,15,15,22554,11647,11647,0,22,91,2,31,12,34972,465,,D:\UE5 demo\GameXXK\Saved\Balance\20260907-final-matrix\hell-Formation-Healer-YueBai\seed-20260910.json,3,1,111
hell-Formation-Healer-ZhouGuangZu,20260906,Training.Hell.3-1,7,Formation,Healer,ZhouGuangZu,3,10,True,victory,baseline,True,8,5764,720.5,615,1205.3333333333333,429.6,534,475,12138,11183,11242,0,25,96,2,29,0,53,950,,D:\UE5 demo\GameXXK\Saved\Balance\20260907-final-matrix\hell-Formation-Healer-ZhouGuangZu\seed-20260906.json,8,2,1018
hell-Formation-Healer-ZhouGuangZu,20260907,Training.Hell.3-1,7,Formation,Healer,ZhouGuangZu,3,10,True,victory,baseline,True,7,5764,823.4285714285714,930,1331.0,442.75,749,581,11241,11074,11242,0,23,81,2,26,0,174,1150,,D:\UE5 demo\GameXXK\Saved\Balance\20260907-final-matrix\hell-Formation-Healer-ZhouGuangZu\seed-20260907.json,8,2,986
hell-Formation-Healer-ZhouGuangZu,20260908,Training.Hell.3-1,7,Formation,Healer,ZhouGuangZu,3,10,True,victory,baseline,True,8,5764,720.5,450,1087.3333333333333,500.4,831,771,13782,11182,11242,0,24,106,1,31,0,251,957,,D:\UE5 demo\GameXXK\Saved\Balance\20260907-final-matrix\hell-Formation-Healer-ZhouGuangZu\seed-20260908.json,7,2,621
hell-Formation-Healer-ZhouGuangZu,20260909,Training.Hell.3-1,7,Formation,Healer,ZhouGuangZu,3,10,True,victory,baseline,True,12,8555,712.9166666666666,450,1213.0,546.2222222222222,1035,976,19866,11183,11242,0,41,157,1,48,0,135,2027,,D:\UE5 demo\GameXXK\Saved\Balance\20260907-final-matrix\hell-Formation-Healer-ZhouGuangZu\seed-20260909.json,11,3,1176
hell-Formation-Healer-ZhouGuangZu,20260910,Training.Hell.3-1,7,Formation,Healer,ZhouGuangZu,3,10,True,victory,baseline,True,9,5574,619.3333333333334,1436,1027.6666666666667,415.1666666666667,1624,1130,12519,10748,11242,0,26,97,4,31,0,254,535,,D:\UE5 demo\GameXXK\Saved\Balance\20260907-final-matrix\hell-Formation-Healer-ZhouGuangZu\seed-20260910.json,10,3,1146
hell-Formation-Healer-JinGui,20260906,Training.Hell.3-1,7,Formation,Healer,JinGui,0,10,True,victory,baseline,True,5,5764,1152.8,1044,1575.0,519.5,560,551,5894,11467,11476,0,20,67,0,19,0,215,304,,D:\UE5 demo\GameXXK\Saved\Balance\20260907-final-matrix\hell-Formation-Healer-JinGui\seed-20260906.json,4,1,771
hell-Formation-Healer-JinGui,20260907,Training.Hell.3-1,7,Formation,Healer,JinGui,0,10,True,victory,baseline,True,4,5574,1393.5,2296,1501.3333333333333,1070.0,399,90,5152,11167,11476,0,16,53,0,19,0,317,153,,D:\UE5 demo\GameXXK\Saved\Balance\20260907-final-matrix\hell-Formation-Healer-JinGui\seed-20260907.json,3,1,219
hell-Formation-Healer-JinGui,20260908,Training.Hell.3-1,7,Formation,Healer,JinGui,0,10,True,victory,baseline,True,7,5574,796.2857142857143,450,1582.6666666666667,206.5,465,465,5578,11476,11476,0,24,82,3,23,0,304,345,,D:\UE5 demo\GameXXK\Saved\Balance\20260907-final-matrix\hell-Formation-Healer-JinGui\seed-20260908.json,6,2,526
hell-Formation-Healer-JinGui,20260909,Training.Hell.3-1,7,Formation,Healer,JinGui,0,10,True,victory,baseline,True,4,5764,1441.0,450,1345.0,1729.0,869,15,3258,10622,11476,0,16,58,0,17,0,239,3,,D:\UE5 demo\GameXXK\Saved\Balance\20260907-final-matrix\hell-Formation-Healer-JinGui\seed-20260909.json,4,1,219
hell-Formation-Healer-JinGui,20260910,Training.Hell.3-1,7,Formation,Healer,JinGui,0,10,True,victory,baseline,True,4,5574,1393.5,2075,1743.6666666666667,343.0,339,43,1704,11180,11476,0,18,59,0,18,0,333,50,,D:\UE5 demo\GameXXK\Saved\Balance\20260907-final-matrix\hell-Formation-Healer-JinGui\seed-20260910.json,3,1,219
hell-Formation-Healer-QiongMeiEr,20260906,Training.Hell.3-1,7,Formation,Healer,QiongMeiEr,3,10,True,victory,baseline,True,5,5574,1114.8,1610,1788.0,105.0,375,294,5964,11854,11935,0,24,76,1,21,0,308,336,,D:\UE5 demo\GameXXK\Saved\Balance\20260907-final-matrix\hell-Formation-Healer-QiongMeiEr\seed-20260906.json,2,0,188
hell-Formation-Healer-QiongMeiEr,20260907,Training.Hell.3-1,7,Formation,Healer,QiongMeiEr,3,10,True,victory,baseline,True,4,5764,1441.0,1190,1593.3333333333333,984.0,192,95,4686,11838,11935,0,21,62,1,21,0,130,154,,D:\UE5 demo\GameXXK\Saved\Balance\20260907-final-matrix\hell-Formation-Healer-QiongMeiEr\seed-20260907.json,3,0,632
hell-Formation-Healer-QiongMeiEr,20260908,Training.Hell.3-1,7,Formation,Healer,QiongMeiEr,3,10,True,victory,baseline,True,4,5574,1393.5,1741,1599.6666666666667,775.0,339,143,5538,11739,11935,0,19,54,1,19,0,187,25,,D:\UE5 demo\GameXXK\Saved\Balance\20260907-final-matrix\hell-Formation-Healer-QiongMeiEr\seed-20260908.json,3,0,585
hell-Formation-Healer-QiongMeiEr,20260909,Training.Hell.3-1,7,Formation,Healer,QiongMeiEr,3,10,True,victory,baseline,True,4,5574,1393.5,1999,1541.0,951.0,126,112,5112,11921,11935,0,20,60,0,22,0,227,50,,D:\UE5 demo\GameXXK\Saved\Balance\20260907-final-matrix\hell-Formation-Healer-QiongMeiEr\seed-20260909.json,2,0,188
hell-Formation-Healer-QiongMeiEr,20260910,Training.Hell.3-1,7,Formation,Healer,QiongMeiEr,3,10,True,victory,baseline,True,3,5574,1858.0,2177,1858.0,,189,113,5964,11859,11935,0,18,73,0,18,0,229,205,,D:\UE5 demo\GameXXK\Saved\Balance\20260907-final-matrix\hell-Formation-Healer-QiongMeiEr\seed-20260910.json,2,0,188
hell-Formation-Hunter-TusiChief,20260906,Training.Hell.3-1,7,Formation,Hunter,TusiChief,3,10,True,victory,baseline,True,8,11156,1394.5,3033,1851.0,1120.6,510,496,14126,12339,12353,0,33,86,4,40,0,844,179,,D:\UE5 demo\GameXXK\Saved\Balance\20260907-final-matrix\hell-Formation-Hunter-TusiChief\seed-20260906.json,4,2,113
hell-Formation-Hunter-TusiChief,20260907,Training.Hell.3-1,7,Formation,Hunter,TusiChief,3,10,True,victory,baseline,True,10,11149,1114.9,3275,1837.0,805.4285714285714,0,0,13209,12353,12353,0,33,93,8,33,0,515,900,,D:\UE5 demo\GameXXK\Saved\Balance\20260907-final-matrix\hell-Formation-Hunter-TusiChief\seed-20260907.json,4,2,307
hell-Formation-Hunter-TusiChief,20260908,Training.Hell.3-1,7,Formation,Hunter,TusiChief,3,10,True,victory,baseline,True,10,11176,1117.6,2429,1700.3333333333333,867.8571428571429,810,305,18284,11848,12353,0,35,90,7,43,0,887,295,,D:\UE5 demo\GameXXK\Saved\Balance\20260907-final-matrix\hell-Formation-Hunter-TusiChief\seed-20260908.json,4,1,341
hell-Formation-Hunter-TusiChief,20260909,Training.Hell.3-1,7,Formation,Hunter,TusiChief,3,10,True,victory,baseline,True,9,11176,1241.7777777777778,2772,1816.6666666666667,954.3333333333334,196,196,11505,12353,12353,0,35,87,6,37,0,725,704,,D:\UE5 demo\GameXXK\Saved\Balance\20260907-final-matrix\hell-Formation-Hunter-TusiChief\seed-20260909.json,2,1,0
hell-Formation-Hunter-TusiChief,20260910,Training.Hell.3-1,7,Formation,Hunter,TusiChief,3,10,True,victory,baseline,True,10,11176,1117.6,2064,1749.0,847.0,870,830,15944,12313,12353,0,35,94,7,40,0,429,220,,D:\UE5 demo\GameXXK\Saved\Balance\20260907-final-matrix\hell-Formation-Hunter-TusiChief\seed-20260910.json,5,2,428
hell-Formation-Hunter-SongJinBao,20260906,Training.Hell.3-1,7,Formation,Hunter,SongJinBao,3,10,True,victory,baseline,True,7,11155,1593.5714285714287,2017,1790.6666666666667,1445.75,120,120,9372,12176,12176,0,26,78,4,35,1,1013,705,,D:\UE5 demo\GameXXK\Saved\Balance\20260907-final-matrix\hell-Formation-Hunter-SongJinBao\seed-20260906.json,4,4,8
hell-Formation-Hunter-SongJinBao,20260907,Training.Hell.3-1,7,Formation,Hunter,SongJinBao,3,10,True,victory,baseline,True,7,11149,1592.7142857142858,2656,1798.6666666666667,1438.25,690,525,11076,12011,12176,0,29,90,3,37,8,1139,225,,D:\UE5 demo\GameXXK\Saved\Balance\20260907-final-matrix\hell-Formation-Hunter-SongJinBao\seed-20260907.json,3,1,226
hell-Formation-Hunter-SongJinBao,20260908,Training.Hell.3-1,7,Formation,Hunter,SongJinBao,3,10,True,victory,baseline,True,9,11172,1241.3333333333333,3863,1846.3333333333333,938.8333333333334,0,0,15762,12176,12176,0,31,87,6,37,5,662,900,,D:\UE5 demo\GameXXK\Saved\Balance\20260907-final-matrix\hell-Formation-Hunter-SongJinBao\seed-20260908.json,1,1,2
hell-Formation-Hunter-SongJinBao,20260909,Training.Hell.3-1,7,Formation,Hunter,SongJinBao,3,10,True,victory,baseline,True,7,11176,1596.5714285714287,2772,1828.3333333333333,1422.75,0,0,13632,12176,12176,0,30,96,4,36,1,763,675,,D:\UE5 demo\GameXXK\Saved\Balance\20260907-final-matrix\hell-Formation-Hunter-SongJinBao\seed-20260909.json,2,2,4
hell-Formation-Hunter-SongJinBao,20260910,Training.Hell.3-1,7,Formation,Hunter,SongJinBao,3,10,True,victory,baseline,True,4,11149,2787.25,2160,2731.3333333333335,2955.0,330,310,8520,12156,12176,0,24,74,0,33,13,901,440,,D:\UE5 demo\GameXXK\Saved\Balance\20260907-final-matrix\hell-Formation-Hunter-SongJinBao\seed-20260910.json,4,4,8
hell-Formation-Hunter-YueBai,20260906,Training.Hell.3-1,7,Formation,Hunter,YueBai,3,10,True,victory,baseline,True,3,11171,3723.6666666666665,5573,3723.6666666666665,,0,0,10878,11598,11598,0,12,50,0,22,8,25756,150,,D:\UE5 demo\GameXXK\Saved\Balance\20260907-final-matrix\hell-Formation-Hunter-YueBai\seed-20260906.json,0,0,0
hell-Formation-Hunter-YueBai,20260907,Training.Hell.3-1,7,Formation,Hunter,YueBai,3,10,True,victory,baseline,True,3,11164,3721.3333333333335,5573,3721.3333333333335,,0,0,13980,11598,11598,0,13,79,0,25,8,4489,300,,D:\UE5 demo\GameXXK\Saved\Balance\20260907-final-matrix\hell-Formation-Hunter-YueBai\seed-20260907.json,3,1,88
hell-Formation-Hunter-YueBai,20260908,Training.Hell.3-1,7,Formation,Hunter,YueBai,3,10,True,victory,baseline,True,7,11176,1596.5714285714287,1190,1616.3333333333333,1581.75,450,445,20550,11593,11598,0,25,121,4,41,4,420,380,,D:\UE5 demo\GameXXK\Saved\Balance\20260907-final-matrix\hell-Formation-Hunter-YueBai\seed-20260908.json,5,2,304
hell-Formation-Hunter-YueBai,20260909,Training.Hell.3-1,7,Formation,Hunter,YueBai,3,10,True,victory,baseline,True,5,11176,2235.2,2952,1749.6666666666667,2963.5,0,0,21456,11598,11598,0,23,111,0,38,8,482,450,,D:\UE5 demo\GameXXK\Saved\Balance\20260907-final-matrix\hell-Formation-Hunter-YueBai\seed-20260909.json,0,0,0
hell-Formation-Hunter-YueBai,20260910,Training.Hell.3-1,7,Formation,Hunter,YueBai,3,10,True,victory,baseline,True,4,11176,2794.0,5663,2659.6666666666665,3197.0,0,0,20364,11598,11598,0,18,85,0,31,12,27942,450,,D:\UE5 demo\GameXXK\Saved\Balance\20260907-final-matrix\hell-Formation-Hunter-YueBai\seed-20260910.json,2,1,49
hell-Formation-Hunter-ZhouGuangZu,20260906,Training.Hell.3-1,7,Formation,Hunter,ZhouGuangZu,3,10,True,victory,baseline,True,6,11176,1862.6666666666667,1865,1857.6666666666667,1867.6666666666667,843,723,21144,11073,11193,0,35,141,0,50,0,471,2022,,D:\UE5 demo\GameXXK\Saved\Balance\20260907-final-matrix\hell-Formation-Hunter-ZhouGuangZu\seed-20260906.json,5,2,313
hell-Formation-Hunter-ZhouGuangZu,20260907,Training.Hell.3-1,7,Formation,Hunter,ZhouGuangZu,3,10,True,victory,baseline,True,5,11158,2231.6,2772,1831.0,2832.5,24,24,16824,11193,11193,0,29,119,0,40,0,519,1710,,D:\UE5 demo\GameXXK\Saved\Balance\20260907-final-matrix\hell-Formation-Hunter-ZhouGuangZu\seed-20260907.json,0,0,0
hell-Formation-Hunter-ZhouGuangZu,20260908,Training.Hell.3-1,7,Formation,Hunter,ZhouGuangZu,3,10,True,victory,baseline,True,7,11161,1594.4285714285713,1021,1729.3333333333333,1493.25,336,336,22026,11193,11193,0,36,153,1,51,0,3766,2490,,D:\UE5 demo\GameXXK\Saved\Balance\20260907-final-matrix\hell-Formation-Hunter-ZhouGuangZu\seed-20260908.json,4,2,233
hell-Formation-Hunter-ZhouGuangZu,20260909,Training.Hell.3-1,7,Formation,Hunter,ZhouGuangZu,3,10,True,victory,baseline,True,6,11169,1861.5,2259,1857.6666666666667,1865.3333333333333,660,660,14223,11193,11193,0,33,115,0,42,0,1540,1629,,D:\UE5 demo\GameXXK\Saved\Balance\20260907-final-matrix\hell-Formation-Hunter-ZhouGuangZu\seed-20260909.json,5,2,452
hell-Formation-Hunter-ZhouGuangZu,20260910,Training.Hell.3-1,7,Formation,Hunter,ZhouGuangZu,3,10,True,victory,baseline,True,6,11173,1862.1666666666667,1877,1857.6666666666667,1866.6666666666667,606,547,19851,11134,11193,0,33,138,0,47,0,1164,2279,,D:\UE5 demo\GameXXK\Saved\Balance\20260907-final-matrix\hell-Formation-Hunter-ZhouGuangZu\seed-20260910.json,5,2,313
hell-Formation-Hunter-JinGui,20260906,Training.Hell.3-1,7,Formation,Hunter,JinGui,0,10,True,victory,baseline,True,8,11176,1397.0,4031,1857.6666666666667,1120.6,300,300,12048,11427,11427,0,29,85,7,40,0,760,375,,D:\UE5 demo\GameXXK\Saved\Balance\20260907-final-matrix\hell-Formation-Hunter-JinGui\seed-20260906.json,5,2,230
hell-Formation-Hunter-JinGui,20260907,Training.Hell.3-1,7,Formation,Hunter,JinGui,0,10,True,victory,baseline,True,6,11154,1859.0,4782,1803.6666666666667,1914.3333333333333,0,0,8600,11427,11427,0,23,77,5,26,0,424,300,,D:\UE5 demo\GameXXK\Saved\Balance\20260907-final-matrix\hell-Formation-Hunter-JinGui\seed-20260907.json,2,1,160
hell-Formation-Hunter-JinGui,20260908,Training.Hell.3-1,7,Formation,Hunter,JinGui,0,10,True,victory,baseline,True,10,11176,1117.6,1736,1721.0,859.0,570,570,18598,11427,11427,0,35,97,7,43,0,1432,555,,D:\UE5 demo\GameXXK\Saved\Balance\20260907-final-matrix\hell-Formation-Hunter-JinGui\seed-20260908.json,5,2,356
hell-Formation-Hunter-JinGui,20260909,Training.Hell.3-1,7,Formation,Hunter,JinGui,0,10,True,victory,baseline,True,8,11150,1393.75,3527,1656.3333333333333,1236.2,0,0,8720,11427,11427,0,24,75,7,30,0,462,450,,D:\UE5 demo\GameXXK\Saved\Balance\20260907-final-matrix\hell-Formation-Hunter-JinGui\seed-20260909.json,2,1,160
hell-Formation-Hunter-JinGui,20260910,Training.Hell.3-1,7,Formation,Hunter,JinGui,0,10,True,victory,baseline,True,8,11169,1396.125,2279,1747.6666666666667,1185.2,810,600,14218,11217,11427,0,33,86,3,39,0,561,375,,D:\UE5 demo\GameXXK\Saved\Balance\20260907-final-matrix\hell-Formation-Hunter-JinGui\seed-20260910.json,5,2,271
hell-Formation-Hunter-QiongMeiEr,20260906,Training.Hell.3-1,7,Formation,Hunter,QiongMeiEr,3,10,True,victory,baseline,True,6,11163,1860.5,1997,1853.6666666666667,1867.3333333333333,300,300,8946,11886,11886,0,27,85,3,36,0,596,840,,D:\UE5 demo\GameXXK\Saved\Balance\20260907-final-matrix\hell-Formation-Hunter-QiongMeiEr\seed-20260906.json,4,2,133
hell-Formation-Hunter-QiongMeiEr,20260907,Training.Hell.3-1,7,Formation,Hunter,QiongMeiEr,3,10,True,victory,baseline,True,7,11157,1593.857142857143,3376,1761.3333333333333,1468.25,205,205,7668,11886,11886,0,27,74,6,35,0,511,395,,D:\UE5 demo\GameXXK\Saved\Balance\20260907-final-matrix\hell-Formation-Hunter-QiongMeiEr\seed-20260907.json,4,2,48
hell-Formation-Hunter-QiongMeiEr,20260908,Training.Hell.3-1,7,Formation,Hunter,QiongMeiEr,3,10,True,victory,baseline,True,7,11164,1594.857142857143,1715,1853.6666666666667,1400.75,660,635,11076,11861,11886,0,30,97,0,33,0,484,505,,D:\UE5 demo\GameXXK\Saved\Balance\20260907-final-matrix\hell-Formation-Hunter-QiongMeiEr\seed-20260908.json,4,2,133
hell-Formation-Hunter-QiongMeiEr,20260909,Training.Hell.3-1,7,Formation,Hunter,QiongMeiEr,3,10,True,victory,baseline,True,8,11176,1397.0,2772,1822.0,1142.0,0,0,8946,11886,11886,0,31,86,4,34,0,961,525,,D:\UE5 demo\GameXXK\Saved\Balance\20260907-final-matrix\hell-Formation-Hunter-QiongMeiEr\seed-20260909.json,2,1,46
hell-Formation-Hunter-QiongMeiEr,20260910,Training.Hell.3-1,7,Formation,Hunter,QiongMeiEr,3,10,True,victory,baseline,True,7,11176,1596.5714285714287,2295,1699.3333333333333,1519.5,180,180,10224,11886,11886,0,29,88,3,36,0,1900,1035,,D:\UE5 demo\GameXXK\Saved\Balance\20260907-final-matrix\hell-Formation-Hunter-QiongMeiEr\seed-20260910.json,4,2,218
hell-Formation-Sorcerer-TusiChief,20260906,Training.Hell.3-1,7,Formation,Sorcerer,TusiChief,3,10,True,stalemate,baseline,True,22,5443,247.4090909090909,1190,1684.0,20.57894736842105,1196,1196,25399,12659,12659,0,54,106,31,59,0,93,679,,D:\UE5 demo\GameXXK\Saved\Balance\20260907-final-matrix\hell-Formation-Sorcerer-TusiChief\seed-20260906.json,11,5,788
hell-Formation-Sorcerer-TusiChief,20260907,Training.Hell.3-1,7,Formation,Sorcerer,TusiChief,3,10,True,stalemate,baseline,True,14,5481,391.5,4390,1827.0,0.0,196,196,14422,12659,12659,0,30,65,22,34,0,76,629,,D:\UE5 demo\GameXXK\Saved\Balance\20260907-final-matrix\hell-Formation-Sorcerer-TusiChief\seed-20260907.json,4,2,196
hell-Formation-Sorcerer-TusiChief,20260908,Training.Hell.3-1,7,Formation,Sorcerer,TusiChief,3,10,True,stalemate,baseline,True,26,5376,206.76923076923077,4486,1792.0,0.0,1486,1486,28687,12659,12659,0,59,124,37,55,0,837,689,,D:\UE5 demo\GameXXK\Saved\Balance\20260907-final-matrix\hell-Formation-Sorcerer-TusiChief\seed-20260908.json,13,6,1054
hell-Formation-Sorcerer-TusiChief,20260909,Training.Hell.3-1,7,Formation,Sorcerer,TusiChief,3,10,True,stalemate,baseline,True,17,5371,315.94117647058823,3839,1790.3333333333333,0.0,630,630,23328,12659,12659,0,48,101,18,50,0,270,945,,D:\UE5 demo\GameXXK\Saved\Balance\20260907-final-matrix\hell-Formation-Sorcerer-TusiChief\seed-20260909.json,9,4,858
hell-Formation-Sorcerer-TusiChief,20260910,Training.Hell.3-1,7,Formation,Sorcerer,TusiChief,3,10,True,stalemate,baseline,True,8,5527,690.875,1190,1842.3333333333333,0.0,0,0,7566,12659,12659,0,16,35,11,21,0,73,300,,D:\UE5 demo\GameXXK\Saved\Balance\20260907-final-matrix\hell-Formation-Sorcerer-TusiChief\seed-20260910.json,2,1,225
hell-Formation-Sorcerer-SongJinBao,20260906,Training.Hell.3-1,7,Formation,Sorcerer,SongJinBao,3,10,True,stalemate,baseline,True,8,5364,670.5,3887,1788.0,0.0,0,0,10818,12482,12482,0,22,86,9,28,7,139,825,,D:\UE5 demo\GameXXK\Saved\Balance\20260907-final-matrix\hell-Formation-Sorcerer-SongJinBao\seed-20260906.json,3,3,6
hell-Formation-Sorcerer-SongJinBao,20260907,Training.Hell.3-1,7,Formation,Sorcerer,SongJinBao,3,10,True,stalemate,baseline,True,14,5526,394.7142857142857,5257,1842.0,0.0,2,2,12780,12482,12482,0,30,80,22,35,4,181,973,,D:\UE5 demo\GameXXK\Saved\Balance\20260907-final-matrix\hell-Formation-Sorcerer-SongJinBao\seed-20260907.json,3,3,4
hell-Formation-Sorcerer-SongJinBao,20260908,Training.Hell.3-1,7,Formation,Sorcerer,SongJinBao,3,10,True,stalemate,baseline,True,13,5480,421.53846153846155,5319,1826.6666666666667,0.0,164,164,12780,12482,12482,0,33,80,19,40,4,139,661,,D:\UE5 demo\GameXXK\Saved\Balance\20260907-final-matrix\hell-Formation-Sorcerer-SongJinBao\seed-20260908.json,4,2,164
hell-Formation-Sorcerer-SongJinBao,20260909,Training.Hell.3-1,7,Formation,Sorcerer,SongJinBao,3,10,True,stalemate,baseline,True,8,5496,687.0,4393,1832.0,0.0,0,0,8946,12482,12482,0,18,56,11,24,0,404,450,,D:\UE5 demo\GameXXK\Saved\Balance\20260907-final-matrix\hell-Formation-Sorcerer-SongJinBao\seed-20260909.json,3,1,352
hell-Formation-Sorcerer-SongJinBao,20260910,Training.Hell.3-1,7,Formation,Sorcerer,SongJinBao,3,10,True,stalemate,baseline,True,19,5544,291.7894736842105,3406,1848.0,0.0,810,810,17040,12482,12482,0,32,98,37,39,2,508,765,,D:\UE5 demo\GameXXK\Saved\Balance\20260907-final-matrix\hell-Formation-Sorcerer-SongJinBao\seed-20260910.json,12,10,370
hell-Formation-Sorcerer-YueBai,20260906,Training.Hell.3-1,7,Formation,Sorcerer,YueBai,3,10,True,stalemate,baseline,True,8,5461,682.625,3887,1820.3333333333333,0.0,0,0,26085,11904,11904,0,29,123,5,46,7,138,675,,D:\UE5 demo\GameXXK\Saved\Balance\20260907-final-matrix\hell-Formation-Sorcerer-YueBai\seed-20260906.json,3,1,296
hell-Formation-Sorcerer-YueBai,20260907,Training.Hell.3-1,7,Formation,Sorcerer,YueBai,3,10,True,stalemate,baseline,True,9,5358,595.3333333333334,4276,1786.0,0.0,0,0,26448,11904,11904,0,26,110,10,37,0,180,825,,D:\UE5 demo\GameXXK\Saved\Balance\20260907-final-matrix\hell-Formation-Sorcerer-YueBai\seed-20260907.json,3,1,296
hell-Formation-Sorcerer-YueBai,20260908,Training.Hell.3-1,7,Formation,Sorcerer,YueBai,3,10,True,stalemate,baseline,True,13,5461,420.0769230769231,3839,1820.3333333333333,0.0,630,630,45372,11904,11904,0,45,203,13,70,7,270,795,,D:\UE5 demo\GameXXK\Saved\Balance\20260907-final-matrix\hell-Formation-Sorcerer-YueBai\seed-20260908.json,9,3,800
hell-Formation-Sorcerer-YueBai,20260909,Training.Hell.3-1,7,Formation,Sorcerer,YueBai,3,10,True,stalemate,baseline,True,8,5529,691.125,3977,1843.0,0.0,0,0,21144,11904,11904,0,21,98,9,31,11,114,450,,D:\UE5 demo\GameXXK\Saved\Balance\20260907-final-matrix\hell-Formation-Sorcerer-YueBai\seed-20260909.json,3,1,296
hell-Formation-Sorcerer-YueBai,20260910,Training.Hell.3-1,7,Formation,Sorcerer,YueBai,3,10,True,stalemate,baseline,True,11,5406,491.45454545454544,3491,1802.0,0.0,270,270,37086,11904,11904,0,35,144,13,58,0,225,930,,D:\UE5 demo\GameXXK\Saved\Balance\20260907-final-matrix\hell-Formation-Sorcerer-YueBai\seed-20260910.json,9,3,800
hell-Formation-Sorcerer-ZhouGuangZu,20260906,Training.Hell.3-1,7,Formation,Sorcerer,ZhouGuangZu,3,10,True,stalemate,baseline,True,16,8337,521.0625,4052,2629.6666666666665,34.46153846153846,182,182,30909,11499,11499,0,47,193,28,74,7,138,4444,,D:\UE5 demo\GameXXK\Saved\Balance\20260907-final-matrix\hell-Formation-Sorcerer-ZhouGuangZu\seed-20260906.json,9,3,388
hell-Formation-Sorcerer-ZhouGuangZu,20260907,Training.Hell.3-1,7,Formation,Sorcerer,ZhouGuangZu,3,10,True,victory,baseline,True,8,11165,1395.625,4441,2265.0,874.0,36,36,23283,11499,11499,0,40,142,4,58,6,180,2799,,D:\UE5 demo\GameXXK\Saved\Balance\20260907-final-matrix\hell-Formation-Sorcerer-ZhouGuangZu\seed-20260907.json,6,2,623
hell-Formation-Sorcerer-ZhouGuangZu,20260908,Training.Hell.3-1,7,Formation,Sorcerer,ZhouGuangZu,3,10,True,victory,baseline,True,6,11176,1862.6666666666667,4390,1857.6666666666667,1867.6666666666667,18,18,13599,11499,11499,0,23,93,5,39,14,184,1554,,D:\UE5 demo\GameXXK\Saved\Balance\20260907-final-matrix\hell-Formation-Sorcerer-ZhouGuangZu\seed-20260908.json,0,0,0
hell-Formation-Sorcerer-ZhouGuangZu,20260909,Training.Hell.3-1,7,Formation,Sorcerer,ZhouGuangZu,3,10,True,victory,baseline,True,4,11163,2790.75,3839,2787.0,2802.0,465,285,8202,11319,11499,0,20,80,0,33,19,597,1131,,D:\UE5 demo\GameXXK\Saved\Balance\20260907-final-matrix\hell-Formation-Sorcerer-ZhouGuangZu\seed-20260909.json,3,1,255
hell-Formation-Sorcerer-ZhouGuangZu,20260910,Training.Hell.3-1,7,Formation,Sorcerer,ZhouGuangZu,3,10,True,stalemate,baseline,True,17,8327,489.8235294117647,3856,1838.3333333333333,200.85714285714286,218,218,32979,11499,11499,0,48,197,28,73,7,192,3787,,D:\UE5 demo\GameXXK\Saved\Balance\20260907-final-matrix\hell-Formation-Sorcerer-ZhouGuangZu\seed-20260910.json,9,3,346
hell-Formation-Sorcerer-JinGui,20260906,Training.Hell.3-1,7,Formation,Sorcerer,JinGui,0,10,True,stalemate,baseline,True,9,5525,613.8888888888889,5067,1841.6666666666667,0.0,0,0,9106,11733,11733,0,23,49,10,26,0,130,525,,D:\UE5 demo\GameXXK\Saved\Balance\20260907-final-matrix\hell-Formation-Sorcerer-JinGui\seed-20260906.json,3,1,322
hell-Formation-Sorcerer-JinGui,20260907,Training.Hell.3-1,7,Formation,Sorcerer,JinGui,0,10,True,stalemate,baseline,True,7,5476,782.2857142857143,5476,1825.3333333333333,0.0,0,0,6430,11733,11733,0,17,42,7,19,0,185,300,,D:\UE5 demo\GameXXK\Saved\Balance\20260907-final-matrix\hell-Formation-Sorcerer-JinGui\seed-20260907.json,3,1,322
hell-Formation-Sorcerer-JinGui,20260908,Training.Hell.3-1,7,Formation,Sorcerer,JinGui,0,10,True,stalemate,baseline,True,8,5464,683.0,4784,1821.3333333333333,0.0,0,0,8680,11733,11733,0,21,41,10,25,0,130,375,,D:\UE5 demo\GameXXK\Saved\Balance\20260907-final-matrix\hell-Formation-Sorcerer-JinGui\seed-20260908.json,3,1,322
hell-Formation-Sorcerer-JinGui,20260909,Training.Hell.3-1,7,Formation,Sorcerer,JinGui,0,10,True,stalemate,baseline,True,16,5393,337.0625,4955,1797.6666666666667,0.0,554,554,21816,11733,11733,0,39,87,20,40,0,251,796,,D:\UE5 demo\GameXXK\Saved\Balance\20260907-final-matrix\hell-Formation-Sorcerer-JinGui\seed-20260909.json,12,4,1036
hell-Formation-Sorcerer-JinGui,20260910,Training.Hell.3-1,7,Formation,Sorcerer,JinGui,0,10,True,stalemate,baseline,True,14,5456,389.7142857142857,3828,1818.6666666666667,0.0,164,164,16318,11733,11733,0,33,66,18,36,0,380,736,,D:\UE5 demo\GameXXK\Saved\Balance\20260907-final-matrix\hell-Formation-Sorcerer-JinGui\seed-20260910.json,6,2,480
hell-Formation-Sorcerer-QiongMeiEr,20260906,Training.Hell.3-1,7,Formation,Sorcerer,QiongMeiEr,3,10,True,victory,baseline,True,7,11127,1589.5714285714287,4500,1848.6666666666667,1395.25,0,0,8904,12192,12192,0,25,79,4,35,13,97,450,,D:\UE5 demo\GameXXK\Saved\Balance\20260907-final-matrix\hell-Formation-Sorcerer-QiongMeiEr\seed-20260906.json,2,0,121
hell-Formation-Sorcerer-QiongMeiEr,20260907,Training.Hell.3-1,7,Formation,Sorcerer,QiongMeiEr,3,10,True,victory,baseline,True,6,11176,1862.6666666666667,4889,2726.0,999.3333333333334,0,0,8238,12192,12192,0,24,67,2,32,6,121,300,,D:\UE5 demo\GameXXK\Saved\Balance\20260907-final-matrix\hell-Formation-Sorcerer-QiongMeiEr\seed-20260907.json,2,0,121
hell-Formation-Sorcerer-QiongMeiEr,20260908,Training.Hell.3-1,7,Formation,Sorcerer,QiongMeiEr,3,10,True,stalemate,baseline,True,23,8301,360.9130434782609,3997,1850.0,137.55,202,202,21192,12192,12192,0,52,158,33,52,7,77,2303,,D:\UE5 demo\GameXXK\Saved\Balance\20260907-final-matrix\hell-Formation-Sorcerer-QiongMeiEr\seed-20260908.json,10,2,286
hell-Formation-Sorcerer-QiongMeiEr,20260909,Training.Hell.3-1,7,Formation,Sorcerer,QiongMeiEr,3,10,True,victory,baseline,True,9,11154,1239.3333333333333,4493,1798.3333333333333,959.8333333333334,300,300,10893,12192,12192,0,34,96,4,41,14,368,840,,D:\UE5 demo\GameXXK\Saved\Balance\20260907-final-matrix\hell-Formation-Sorcerer-QiongMeiEr\seed-20260909.json,4,0,324
hell-Formation-Sorcerer-QiongMeiEr,20260910,Training.Hell.3-1,7,Formation,Sorcerer,QiongMeiEr,3,10,True,victory,baseline,True,9,11165,1240.5555555555557,3328,1772.6666666666667,974.5,480,480,9792,12192,12192,0,37,101,3,44,13,302,1200,,D:\UE5 demo\GameXXK\Saved\Balance\20260907-final-matrix\hell-Formation-Sorcerer-QiongMeiEr\seed-20260910.json,4,0,324
hell-Formation-FormationMaster-TusiChief,20260906,Training.Hell.3-1,7,Formation,FormationMaster,TusiChief,3,10,True,stalemate,baseline,True,10,5728,572.8,1190,1759.6666666666667,64.14285714285714,30,30,18190,12661,12661,0,27,45,0,31,0,4,1395,,D:\UE5 demo\GameXXK\Saved\Balance\20260907-final-matrix\hell-Formation-FormationMaster-TusiChief\seed-20260906.json,2,0,321
hell-Formation-FormationMaster-TusiChief,20260907,Training.Hell.3-1,7,Formation,FormationMaster,TusiChief,3,10,True,stalemate,baseline,True,36,5389,149.69444444444446,3601,1796.3333333333333,0.0,1920,1920,65377,12661,12661,0,101,177,4,97,0,904,6330,,D:\UE5 demo\GameXXK\Saved\Balance\20260907-final-matrix\hell-Formation-FormationMaster-TusiChief\seed-20260907.json,16,8,1524
hell-Formation-FormationMaster-TusiChief,20260908,Training.Hell.3-1,7,Formation,FormationMaster,TusiChief,3,10,True,stalemate,baseline,True,18,5339,296.6111111111111,771,1779.6666666666667,0.0,1410,1410,36067,12661,12661,0,50,99,1,54,0,1236,2265,,D:\UE5 demo\GameXXK\Saved\Balance\20260907-final-matrix\hell-Formation-FormationMaster-TusiChief\seed-20260908.json,7,1,1031
hell-Formation-FormationMaster-TusiChief,20260909,Training.Hell.3-1,7,Formation,FormationMaster,TusiChief,3,10,True,stalemate,baseline,True,28,5403,192.96428571428572,985,1801.0,0.0,2610,2610,53175,12661,12661,0,79,129,2,81,0,493,3315,,D:\UE5 demo\GameXXK\Saved\Balance\20260907-final-matrix\hell-Formation-FormationMaster-TusiChief\seed-20260909.json,8,1,1249
hell-Formation-FormationMaster-TusiChief,20260910,Training.Hell.3-1,7,Formation,FormationMaster,TusiChief,3,10,True,stalemate,baseline,True,10,5441,544.1,1190,1683.3333333333333,55.857142857142854,0,0,16856,12661,12661,0,27,51,0,30,0,103,1800,,D:\UE5 demo\GameXXK\Saved\Balance\20260907-final-matrix\hell-Formation-FormationMaster-TusiChief\seed-20260910.json,3,1,420
hell-Formation-FormationMaster-SongJinBao,20260906,Training.Hell.3-1,7,Formation,FormationMaster,SongJinBao,3,10,True,stalemate,baseline,True,16,5525,345.3125,1867,1841.6666666666667,0.0,960,960,45225,12484,12484,0,76,183,0,85,5,452,4290,,D:\UE5 demo\GameXXK\Saved\Balance\20260907-final-matrix\hell-Formation-FormationMaster-SongJinBao\seed-20260906.json,5,5,10
hell-Formation-FormationMaster-SongJinBao,20260907,Training.Hell.3-1,7,Formation,FormationMaster,SongJinBao,3,10,True,stalemate,baseline,True,15,5344,356.26666666666665,1699,1781.3333333333333,0.0,870,870,37308,12484,12484,0,70,138,1,80,5,421,3555,,D:\UE5 demo\GameXXK\Saved\Balance\20260907-final-matrix\hell-Formation-FormationMaster-SongJinBao\seed-20260907.json,5,3,277
hell-Formation-FormationMaster-SongJinBao,20260908,Training.Hell.3-1,7,Formation,FormationMaster,SongJinBao,3,10,True,stalemate,baseline,True,21,5535,263.57142857142856,1765,1845.0,0.0,1410,1410,51525,12484,12484,0,93,219,4,107,4,538,4815,,D:\UE5 demo\GameXXK\Saved\Balance\20260907-final-matrix\hell-Formation-FormationMaster-SongJinBao\seed-20260908.json,9,9,18
hell-Formation-FormationMaster-SongJinBao,20260909,Training.Hell.3-1,7,Formation,FormationMaster,SongJinBao,3,10,True,stalemate,baseline,True,15,5475,365.0,1585,1825.0,0.0,930,930,38343,12484,12484,0,70,153,0,81,4,255,3195,,D:\UE5 demo\GameXXK\Saved\Balance\20260907-final-matrix\hell-Formation-FormationMaster-SongJinBao\seed-20260909.json,5,5,10
hell-Formation-FormationMaster-SongJinBao,20260910,Training.Hell.3-1,7,Formation,FormationMaster,SongJinBao,3,10,True,stalemate,baseline,True,14,5312,379.42857142857144,2658,1770.6666666666667,0.0,1350,1290,40260,12424,12484,0,64,159,0,73,1,271,3810,,D:\UE5 demo\GameXXK\Saved\Balance\20260907-final-matrix\hell-Formation-FormationMaster-SongJinBao\seed-20260910.json,7,7,14
hell-Formation-FormationMaster-YueBai,20260906,Training.Hell.3-1,7,Formation,FormationMaster,YueBai,3,10,True,victory,baseline,True,3,11175,3725.0,5573,3725.0,,0,0,17670,11906,11906,0,9,66,0,23,16,36822,750,,D:\UE5 demo\GameXXK\Saved\Balance\20260907-final-matrix\hell-Formation-FormationMaster-YueBai\seed-20260906.json,3,1,134
hell-Formation-FormationMaster-YueBai,20260907,Training.Hell.3-1,7,Formation,FormationMaster,YueBai,3,10,True,stalemate,baseline,True,9,8243,915.8888888888889,5573,2747.6666666666665,0.0,0,0,67680,11906,11906,0,24,372,0,127,8,22241,1650,,D:\UE5 demo\GameXXK\Saved\Balance\20260907-final-matrix\hell-Formation-FormationMaster-YueBai\seed-20260907.json,5,2,183
hell-Formation-FormationMaster-YueBai,20260908,Training.Hell.3-1,7,Formation,FormationMaster,YueBai,3,10,True,stalemate,baseline,True,15,5448,363.2,0,1366.6666666666667,112.33333333333333,1020,1020,37800,11906,11906,0,42,156,0,58,8,27,2805,,D:\UE5 demo\GameXXK\Saved\Balance\20260907-final-matrix\hell-Formation-FormationMaster-YueBai\seed-20260908.json,9,3,1052
hell-Formation-FormationMaster-YueBai,20260909,Training.Hell.3-1,7,Formation,FormationMaster,YueBai,3,10,True,victory,baseline,True,9,11176,1241.7777777777778,985,2303.6666666666665,710.8333333333334,1110,1070,33213,11866,11906,0,27,138,0,51,20,37550,655,,D:\UE5 demo\GameXXK\Saved\Balance\20260907-final-matrix\hell-Formation-FormationMaster-YueBai\seed-20260909.json,8,3,400
hell-Formation-FormationMaster-YueBai,20260910,Training.Hell.3-1,7,Formation,FormationMaster,YueBai,3,10,True,victory,baseline,True,8,11176,1397.0,5753,2336.3333333333335,833.4,0,0,30186,11906,11906,0,23,150,0,48,16,32631,1500,,D:\UE5 demo\GameXXK\Saved\Balance\20260907-final-matrix\hell-Formation-FormationMaster-YueBai\seed-20260910.json,5,2,183
hell-Formation-FormationMaster-ZhouGuangZu,20260906,Training.Hell.3-1,7,Formation,FormationMaster,ZhouGuangZu,3,10,True,victory,baseline,True,19,11176,588.2105263157895,175,1149.0,483.0625,1635,1635,57867,11501,11501,0,69,237,0,87,0,230,7623,,D:\UE5 demo\GameXXK\Saved\Balance\20260907-final-matrix\hell-Formation-FormationMaster-ZhouGuangZu\seed-20260906.json,14,5,1802
hell-Formation-FormationMaster-ZhouGuangZu,20260907,Training.Hell.3-1,7,Formation,FormationMaster,ZhouGuangZu,3,10,True,stalemate,baseline,True,12,5473,456.0833333333333,1659,1480.6666666666667,114.55555555555556,1614,1494,40137,11381,11501,0,41,150,0,60,0,112,5379,,D:\UE5 demo\GameXXK\Saved\Balance\20260907-final-matrix\hell-Formation-FormationMaster-ZhouGuangZu\seed-20260907.json,9,3,1193
hell-Formation-FormationMaster-ZhouGuangZu,20260908,Training.Hell.3-1,7,Formation,FormationMaster,ZhouGuangZu,3,10,True,victory,baseline,True,12,11366,947.1666666666666,175,1414.0,791.5555555555555,1488,1370,35742,11383,11501,0,42,156,0,57,0,250,3832,,D:\UE5 demo\GameXXK\Saved\Balance\20260907-final-matrix\hell-Formation-FormationMaster-ZhouGuangZu\seed-20260908.json,11,3,1603
hell-Formation-FormationMaster-ZhouGuangZu,20260909,Training.Hell.3-1,7,Formation,FormationMaster,ZhouGuangZu,3,10,True,victory,baseline,True,11,11366,1033.2727272727273,985,1544.0,841.75,1776,1596,31521,11321,11501,0,36,132,0,48,0,363,2139,,D:\UE5 demo\GameXXK\Saved\Balance\20260907-final-matrix\hell-Formation-FormationMaster-ZhouGuangZu\seed-20260909.json,11,3,1711
hell-Formation-FormationMaster-ZhouGuangZu,20260910,Training.Hell.3-1,7,Formation,FormationMaster,ZhouGuangZu,3,10,True,victory,baseline,True,10,11155,1115.5,1436,1727.3333333333333,853.2857142857143,672,612,23574,11441,11501,0,33,144,0,59,0,161,4128,,D:\UE5 demo\GameXXK\Saved\Balance\20260907-final-matrix\hell-Formation-FormationMaster-ZhouGuangZu\seed-20260910.json,8,3,1089
hell-Formation-FormationMaster-JinGui,20260906,Training.Hell.3-1,7,Formation,FormationMaster,JinGui,0,10,True,stalemate,baseline,True,25,5539,221.56,594,1287.0,76.27272727272727,2070,2010,55462,11675,11735,0,74,126,0,68,0,172,5415,,D:\UE5 demo\GameXXK\Saved\Balance\20260907-final-matrix\hell-Formation-FormationMaster-JinGui\seed-20260906.json,12,5,1323
hell-Formation-FormationMaster-JinGui,20260907,Training.Hell.3-1,7,Formation,FormationMaster,JinGui,0,10,True,stalemate,baseline,True,25,5523,220.92,2509,1614.0,30.954545454545453,1462,1462,37985,11735,11735,0,65,111,9,72,0,0,3338,,D:\UE5 demo\GameXXK\Saved\Balance\20260907-final-matrix\hell-Formation-FormationMaster-JinGui\seed-20260907.json,14,5,1331
hell-Formation-FormationMaster-JinGui,20260908,Training.Hell.3-1,7,Formation,FormationMaster,JinGui,0,10,True,stalemate,baseline,True,42,5441,129.54761904761904,635,1350.6666666666667,35.61538461538461,4484,4484,84268,11735,11735,0,124,210,1,121,0,91,4741,,D:\UE5 demo\GameXXK\Saved\Balance\20260907-final-matrix\hell-Formation-FormationMaster-JinGui\seed-20260908.json,20,9,1679
hell-Formation-FormationMaster-JinGui,20260909,Training.Hell.3-1,7,Formation,FormationMaster,JinGui,0,10,True,stalemate,baseline,True,15,5563,370.8666666666667,985,1854.3333333333333,0.0,900,900,33373,11735,11735,0,42,87,2,47,0,0,2475,,D:\UE5 demo\GameXXK\Saved\Balance\20260907-final-matrix\hell-Formation-FormationMaster-JinGui\seed-20260909.json,9,3,1370
hell-Formation-FormationMaster-JinGui,20260910,Training.Hell.3-1,7,Formation,FormationMaster,JinGui,0,10,True,stalemate,baseline,True,47,5488,116.76595744680851,1763,1829.3333333333333,0.0,3570,3570,97756,11735,11735,0,141,237,0,136,0,53,8355,,D:\UE5 demo\GameXXK\Saved\Balance\20260907-final-matrix\hell-Formation-FormationMaster-JinGui\seed-20260910.json,23,10,2250
hell-Formation-FormationMaster-QiongMeiEr,20260906,Training.Hell.3-1,7,Formation,FormationMaster,QiongMeiEr,3,10,True,victory,baseline,True,11,11159,1014.4545454545455,1310,1694.0,759.625,450,450,28293,12194,12194,0,48,102,0,52,0,463,2775,,D:\UE5 demo\GameXXK\Saved\Balance\20260907-final-matrix\hell-Formation-FormationMaster-QiongMeiEr\seed-20260906.json,4,0,441
hell-Formation-FormationMaster-QiongMeiEr,20260907,Training.Hell.3-1,7,Formation,FormationMaster,QiongMeiEr,3,10,True,victory,baseline,True,10,11340,1134.0,1699,1677.0,901.2857142857143,240,240,17076,12194,12194,0,44,102,3,50,0,767,1410,,D:\UE5 demo\GameXXK\Saved\Balance\20260907-final-matrix\hell-Formation-FormationMaster-QiongMeiEr\seed-20260907.json,3,0,256
hell-Formation-FormationMaster-QiongMeiEr,20260908,Training.Hell.3-1,7,Formation,FormationMaster,QiongMeiEr,3,10,True,victory,baseline,True,7,11156,1593.7142857142858,1680,1816.0,1427.0,660,660,16644,12194,12194,0,32,81,0,41,0,440,1290,,D:\UE5 demo\GameXXK\Saved\Balance\20260907-final-matrix\hell-Formation-FormationMaster-QiongMeiEr\seed-20260908.json,3,0,256
hell-Formation-FormationMaster-QiongMeiEr,20260909,Training.Hell.3-1,7,Formation,FormationMaster,QiongMeiEr,3,10,True,victory,baseline,True,10,11165,1116.5,2257,1780.6666666666667,831.8571428571429,480,480,20865,12194,12194,0,49,99,0,55,0,378,1770,,D:\UE5 demo\GameXXK\Saved\Balance\20260907-final-matrix\hell-Formation-FormationMaster-QiongMeiEr\seed-20260909.json,4,0,385
hell-Formation-FormationMaster-QiongMeiEr,20260910,Training.Hell.3-1,7,Formation,FormationMaster,QiongMeiEr,3,10,True,victory,baseline,True,7,11160,1594.2857142857142,2446,1836.3333333333333,1412.75,660,660,20391,12194,12194,0,33,87,0,41,0,312,1440,,D:\UE5 demo\GameXXK\Saved\Balance\20260907-final-matrix\hell-Formation-FormationMaster-QiongMeiEr\seed-20260910.json,2,0,212
Training.Normal.3-1-Blade-TusiChief,20260906,Training.Normal.3-1,7,Blade,Blade,TusiChief,3,10,True,victory,baseline,True,1,1794,1794.0,1794,1794.0,,0,0,142,12612,12612,0,3,8,0,2,0,2272,0,,D:\UE5 demo\GameXXK\Saved\Balance\20260907-final-matrix\Training.Normal.3-1-Blade-TusiChief\seed-20260906.json,0,0,0
Training.Normal.3-1-Blade-TusiChief,20260907,Training.Normal.3-1,7,Blade,Blade,TusiChief,3,10,True,victory,baseline,True,1,1794,1794.0,1794,1794.0,,0,0,142,12612,12612,0,2,3,0,2,0,2808,0,,D:\UE5 demo\GameXXK\Saved\Balance\20260907-final-matrix\Training.Normal.3-1-Blade-TusiChief\seed-20260907.json,0,0,0
Training.Normal.3-1-Blade-TusiChief,20260908,Training.Normal.3-1,7,Blade,Blade,TusiChief,3,10,True,victory,baseline,True,1,1794,1794.0,1794,1794.0,,0,0,531,12612,12612,0,3,9,0,3,0,1935,0,,D:\UE5 demo\GameXXK\Saved\Balance\20260907-final-matrix\Training.Normal.3-1-Blade-TusiChief\seed-20260908.json,0,0,0
Training.Normal.3-1-Blade-TusiChief,20260909,Training.Normal.3-1,7,Blade,Blade,TusiChief,3,10,True,victory,baseline,True,2,1794,897.0,1794,897.0,,0,0,0,12612,12612,0,3,7,0,4,0,1211,0,,D:\UE5 demo\GameXXK\Saved\Balance\20260907-final-matrix\Training.Normal.3-1-Blade-TusiChief\seed-20260909.json,0,0,0
Training.Normal.3-1-Blade-TusiChief,20260910,Training.Normal.3-1,7,Blade,Blade,TusiChief,3,10,True,victory,baseline,True,1,1794,1794.0,1794,1794.0,,0,0,142,12612,12612,0,3,7,0,2,0,2988,0,,D:\UE5 demo\GameXXK\Saved\Balance\20260907-final-matrix\Training.Normal.3-1-Blade-TusiChief\seed-20260910.json,0,0,0
Training.Normal.3-1-Blade-SongJinBao,20260906,Training.Normal.3-1,7,Blade,Blade,SongJinBao,3,10,True,victory,baseline,True,1,1794,1794.0,1794,1794.0,,0,0,0,12435,12435,0,3,5,0,3,0,1842,0,,D:\UE5 demo\GameXXK\Saved\Balance\20260907-final-matrix\Training.Normal.3-1-Blade-SongJinBao\seed-20260906.json,0,0,0
Training.Normal.3-1-Blade-SongJinBao,20260907,Training.Normal.3-1,7,Blade,Blade,SongJinBao,3,10,True,victory,baseline,True,1,1794,1794.0,1794,1794.0,,0,0,0,12435,12435,0,1,2,0,3,0,1292,0,,D:\UE5 demo\GameXXK\Saved\Balance\20260907-final-matrix\Training.Normal.3-1-Blade-SongJinBao\seed-20260907.json,0,0,0
Training.Normal.3-1-Blade-SongJinBao,20260908,Training.Normal.3-1,7,Blade,Blade,SongJinBao,3,10,True,victory,baseline,True,1,1794,1794.0,1794,1794.0,,0,0,0,12435,12435,0,3,8,0,4,0,2522,0,,D:\UE5 demo\GameXXK\Saved\Balance\20260907-final-matrix\Training.Normal.3-1-Blade-SongJinBao\seed-20260908.json,0,0,0
Training.Normal.3-1-Blade-SongJinBao,20260909,Training.Normal.3-1,7,Blade,Blade,SongJinBao,3,10,True,victory,baseline,True,1,1794,1794.0,1794,1794.0,,0,0,0,12435,12435,0,4,10,0,3,0,2519,0,,D:\UE5 demo\GameXXK\Saved\Balance\20260907-final-matrix\Training.Normal.3-1-Blade-SongJinBao\seed-20260909.json,0,0,0
Training.Normal.3-1-Blade-SongJinBao,20260910,Training.Normal.3-1,7,Blade,Blade,SongJinBao,3,10,True,victory,baseline,True,1,1794,1794.0,1794,1794.0,,0,0,0,12435,12435,0,3,7,0,3,0,2065,0,,D:\UE5 demo\GameXXK\Saved\Balance\20260907-final-matrix\Training.Normal.3-1-Blade-SongJinBao\seed-20260910.json,0,0,0
Training.Normal.3-1-Blade-YueBai,20260906,Training.Normal.3-1,7,Blade,Blade,YueBai,3,10,True,victory,baseline,True,1,1794,1794.0,1794,1794.0,,0,0,2916,11857,11857,0,3,14,0,5,4,23922,0,,D:\UE5 demo\GameXXK\Saved\Balance\20260907-final-matrix\Training.Normal.3-1-Blade-YueBai\seed-20260906.json,0,0,0
Training.Normal.3-1-Blade-YueBai,20260907,Training.Normal.3-1,7,Blade,Blade,YueBai,3,10,True,victory,baseline,True,1,1794,1794.0,1794,1794.0,,0,0,0,11857,11857,0,2,5,0,3,0,1972,0,,D:\UE5 demo\GameXXK\Saved\Balance\20260907-final-matrix\Training.Normal.3-1-Blade-YueBai\seed-20260907.json,0,0,0
Training.Normal.3-1-Blade-YueBai,20260908,Training.Normal.3-1,7,Blade,Blade,YueBai,3,10,True,victory,baseline,True,2,1794,897.0,1794,897.0,,0,0,4860,11857,11857,0,3,17,0,7,4,1894,0,,D:\UE5 demo\GameXXK\Saved\Balance\20260907-final-matrix\Training.Normal.3-1-Blade-YueBai\seed-20260908.json,0,0,0
Training.Normal.3-1-Blade-YueBai,20260909,Training.Normal.3-1,7,Blade,Blade,YueBai,3,10,True,victory,baseline,True,2,1794,897.0,1794,897.0,,0,0,486,11857,11857,0,3,7,0,4,0,1211,0,,D:\UE5 demo\GameXXK\Saved\Balance\20260907-final-matrix\Training.Normal.3-1-Blade-YueBai\seed-20260909.json,0,0,0
Training.Normal.3-1-Blade-YueBai,20260910,Training.Normal.3-1,7,Blade,Blade,YueBai,3,10,True,victory,baseline,True,1,1794,1794.0,1794,1794.0,,0,0,2916,11857,11857,0,3,13,0,5,4,23465,0,,D:\UE5 demo\GameXXK\Saved\Balance\20260907-final-matrix\Training.Normal.3-1-Blade-YueBai\seed-20260910.json,0,0,0
Training.Normal.3-1-Blade-ZhouGuangZu,20260906,Training.Normal.3-1,7,Blade,Blade,ZhouGuangZu,3,10,True,victory,baseline,True,2,1794,897.0,1794,897.0,,3,3,1323,11452,11452,0,4,11,0,5,0,1211,3,,D:\UE5 demo\GameXXK\Saved\Balance\20260907-final-matrix\Training.Normal.3-1-Blade-ZhouGuangZu\seed-20260906.json,0,0,0
Training.Normal.3-1-Blade-ZhouGuangZu,20260907,Training.Normal.3-1,7,Blade,Blade,ZhouGuangZu,3,10,True,victory,baseline,True,1,1794,1794.0,1794,1794.0,,0,0,0,11452,11452,0,2,5,0,3,0,1972,0,,D:\UE5 demo\GameXXK\Saved\Balance\20260907-final-matrix\Training.Normal.3-1-Blade-ZhouGuangZu\seed-20260907.json,0,0,0
Training.Normal.3-1-Blade-ZhouGuangZu,20260908,Training.Normal.3-1,7,Blade,Blade,ZhouGuangZu,3,10,True,victory,baseline,True,1,1794,1794.0,1794,1794.0,,3,3,882,11452,11452,0,4,11,0,4,0,2519,3,,D:\UE5 demo\GameXXK\Saved\Balance\20260907-final-matrix\Training.Normal.3-1-Blade-ZhouGuangZu\seed-20260908.json,0,0,0
Training.Normal.3-1-Blade-ZhouGuangZu,20260909,Training.Normal.3-1,7,Blade,Blade,ZhouGuangZu,3,10,True,victory,baseline,True,1,1794,1794.0,1794,1794.0,,3,3,0,11452,11452,0,4,10,0,3,0,2519,3,,D:\UE5 demo\GameXXK\Saved\Balance\20260907-final-matrix\Training.Normal.3-1-Blade-ZhouGuangZu\seed-20260909.json,0,0,0
Training.Normal.3-1-Blade-ZhouGuangZu,20260910,Training.Normal.3-1,7,Blade,Blade,ZhouGuangZu,3,10,True,victory,baseline,True,2,1794,897.0,1579,897.0,,6,6,1323,11452,11452,0,5,16,0,6,0,2676,315,,D:\UE5 demo\GameXXK\Saved\Balance\20260907-final-matrix\Training.Normal.3-1-Blade-ZhouGuangZu\seed-20260910.json,0,0,0
Training.Normal.3-1-Blade-JinGui,20260906,Training.Normal.3-1,7,Blade,Blade,JinGui,0,10,True,victory,baseline,True,1,1794,1794.0,1794,1794.0,,0,0,0,11686,11686,0,4,8,0,3,0,1271,0,,D:\UE5 demo\GameXXK\Saved\Balance\20260907-final-matrix\Training.Normal.3-1-Blade-JinGui\seed-20260906.json,0,0,0
Training.Normal.3-1-Blade-JinGui,20260907,Training.Normal.3-1,7,Blade,Blade,JinGui,0,10,True,victory,baseline,True,1,1794,1794.0,1794,1794.0,,0,0,0,11686,11686,0,2,6,0,3,0,1624,0,,D:\UE5 demo\GameXXK\Saved\Balance\20260907-final-matrix\Training.Normal.3-1-Blade-JinGui\seed-20260907.json,0,0,0
Training.Normal.3-1-Blade-JinGui,20260908,Training.Normal.3-1,7,Blade,Blade,JinGui,0,10,True,victory,baseline,True,2,1794,897.0,1794,897.0,,0,0,0,11686,11686,0,3,8,0,3,0,1894,0,,D:\UE5 demo\GameXXK\Saved\Balance\20260907-final-matrix\Training.Normal.3-1-Blade-JinGui\seed-20260908.json,0,0,0
Training.Normal.3-1-Blade-JinGui,20260909,Training.Normal.3-1,7,Blade,Blade,JinGui,0,10,True,victory,baseline,True,2,1794,897.0,1794,897.0,,0,0,0,11686,11686,0,3,7,0,4,0,1211,0,,D:\UE5 demo\GameXXK\Saved\Balance\20260907-final-matrix\Training.Normal.3-1-Blade-JinGui\seed-20260909.json,0,0,0
Training.Normal.3-1-Blade-JinGui,20260910,Training.Normal.3-1,7,Blade,Blade,JinGui,0,10,True,victory,baseline,True,1,1794,1794.0,1794,1794.0,,0,0,0,11686,11686,0,2,6,0,3,0,1624,0,,D:\UE5 demo\GameXXK\Saved\Balance\20260907-final-matrix\Training.Normal.3-1-Blade-JinGui\seed-20260910.json,0,0,0
Training.Normal.3-1-Blade-QiongMeiEr,20260906,Training.Normal.3-1,7,Blade,Blade,QiongMeiEr,3,10,True,victory,baseline,True,1,1794,1794.0,1794,1794.0,,0,0,0,12145,12145,0,3,8,0,3,0,1089,0,,D:\UE5 demo\GameXXK\Saved\Balance\20260907-final-matrix\Training.Normal.3-1-Blade-QiongMeiEr\seed-20260906.json,0,0,0
Training.Normal.3-1-Blade-QiongMeiEr,20260907,Training.Normal.3-1,7,Blade,Blade,QiongMeiEr,3,10,True,victory,baseline,True,1,1794,1794.0,1794,1794.0,,0,0,0,12145,12145,0,1,5,0,3,0,1357,0,,D:\UE5 demo\GameXXK\Saved\Balance\20260907-final-matrix\Training.Normal.3-1-Blade-QiongMeiEr\seed-20260907.json,0,0,0
Training.Normal.3-1-Blade-QiongMeiEr,20260908,Training.Normal.3-1,7,Blade,Blade,QiongMeiEr,3,10,True,victory,baseline,True,1,1794,1794.0,1794,1794.0,,0,0,0,12145,12145,0,4,11,0,5,0,2113,0,,D:\UE5 demo\GameXXK\Saved\Balance\20260907-final-matrix\Training.Normal.3-1-Blade-QiongMeiEr\seed-20260908.json,0,0,0
Training.Normal.3-1-Blade-QiongMeiEr,20260909,Training.Normal.3-1,7,Blade,Blade,QiongMeiEr,3,10,True,victory,baseline,True,1,1794,1794.0,1794,1794.0,,0,0,0,12145,12145,0,4,10,0,3,0,2519,0,,D:\UE5 demo\GameXXK\Saved\Balance\20260907-final-matrix\Training.Normal.3-1-Blade-QiongMeiEr\seed-20260909.json,0,0,0
Training.Normal.3-1-Blade-QiongMeiEr,20260910,Training.Normal.3-1,7,Blade,Blade,QiongMeiEr,3,10,True,victory,baseline,True,1,1794,1794.0,1794,1794.0,,0,0,0,12145,12145,0,3,10,0,3,0,2130,0,,D:\UE5 demo\GameXXK\Saved\Balance\20260907-final-matrix\Training.Normal.3-1-Blade-QiongMeiEr\seed-20260910.json,0,0,0
Training.Normal.3-1-Guard-TusiChief,20260906,Training.Normal.3-1,7,Blade,Guard,TusiChief,3,10,True,victory,baseline,True,2,1794,897.0,912,897.0,,30,0,4245,12635,12665,0,5,9,0,5,0,2356,0,,D:\UE5 demo\GameXXK\Saved\Balance\20260907-final-matrix\Training.Normal.3-1-Guard-TusiChief\seed-20260906.json,3,3,3
Training.Normal.3-1-Guard-TusiChief,20260907,Training.Normal.3-1,7,Blade,Guard,TusiChief,3,10,True,victory,baseline,True,1,1794,1794.0,1794,1794.0,,0,0,142,12665,12665,0,2,3,0,2,0,2808,0,,D:\UE5 demo\GameXXK\Saved\Balance\20260907-final-matrix\Training.Normal.3-1-Guard-TusiChief\seed-20260907.json,0,0,0
Training.Normal.3-1-Guard-TusiChief,20260908,Training.Normal.3-1,7,Blade,Guard,TusiChief,3,10,True,victory,baseline,True,2,1794,897.0,1414,897.0,,0,0,673,12665,12665,0,3,9,1,4,0,3403,0,,D:\UE5 demo\GameXXK\Saved\Balance\20260907-final-matrix\Training.Normal.3-1-Guard-TusiChief\seed-20260908.json,0,0,0
Training.Normal.3-1-Guard-TusiChief,20260909,Training.Normal.3-1,7,Blade,Guard,TusiChief,3,10,True,victory,baseline,True,2,1794,897.0,912,897.0,,60,0,3447,12605,12665,0,6,6,0,7,0,2668,0,,D:\UE5 demo\GameXXK\Saved\Balance\20260907-final-matrix\Training.Normal.3-1-Guard-TusiChief\seed-20260909.json,3,3,3
Training.Normal.3-1-Guard-TusiChief,20260910,Training.Normal.3-1,7,Blade,Guard,TusiChief,3,10,True,victory,baseline,True,2,1794,897.0,912,897.0,,0,0,1525,12665,12665,0,5,9,0,5,0,2356,0,,D:\UE5 demo\GameXXK\Saved\Balance\20260907-final-matrix\Training.Normal.3-1-Guard-TusiChief\seed-20260910.json,0,0,0
Training.Normal.3-1-Guard-SongJinBao,20260906,Training.Normal.3-1,7,Blade,Guard,SongJinBao,3,10,True,victory,baseline,True,2,1794,897.0,380,897.0,,30,0,6242,12458,12488,0,6,13,0,5,1,1752,0,,D:\UE5 demo\GameXXK\Saved\Balance\20260907-final-matrix\Training.Normal.3-1-Guard-SongJinBao\seed-20260906.json,3,3,3
Training.Normal.3-1-Guard-SongJinBao,20260907,Training.Normal.3-1,7,Blade,Guard,SongJinBao,3,10,True,victory,baseline,True,1,1794,1794.0,1794,1794.0,,0,0,0,12488,12488,0,2,3,0,3,0,2089,0,,D:\UE5 demo\GameXXK\Saved\Balance\20260907-final-matrix\Training.Normal.3-1-Guard-SongJinBao\seed-20260907.json,0,0,0
Training.Normal.3-1-Guard-SongJinBao,20260908,Training.Normal.3-1,7,Blade,Guard,SongJinBao,3,10,True,victory,baseline,True,1,1794,1794.0,1794,1794.0,,0,0,1560,12488,12488,0,4,6,0,5,4,1561,0,,D:\UE5 demo\GameXXK\Saved\Balance\20260907-final-matrix\Training.Normal.3-1-Guard-SongJinBao\seed-20260908.json,0,0,0
Training.Normal.3-1-Guard-SongJinBao,20260909,Training.Normal.3-1,7,Blade,Guard,SongJinBao,3,10,True,victory,baseline,True,2,1794,897.0,912,897.0,,30,0,4239,12458,12488,0,6,3,0,8,0,1754,0,,D:\UE5 demo\GameXXK\Saved\Balance\20260907-final-matrix\Training.Normal.3-1-Guard-SongJinBao\seed-20260909.json,3,3,3
Training.Normal.3-1-Guard-SongJinBao,20260910,Training.Normal.3-1,7,Blade,Guard,SongJinBao,3,10,True,victory,baseline,True,2,1794,897.0,1292,897.0,,30,0,4456,12458,12488,0,5,13,0,4,1,1751,0,,D:\UE5 demo\GameXXK\Saved\Balance\20260907-final-matrix\Training.Normal.3-1-Guard-SongJinBao\seed-20260910.json,3,3,3
Training.Normal.3-1-Guard-YueBai,20260906,Training.Normal.3-1,7,Blade,Guard,YueBai,3,10,True,victory,baseline,True,1,1794,1794.0,1794,1794.0,,0,0,5144,11910,11910,0,3,19,0,4,4,34259,0,,D:\UE5 demo\GameXXK\Saved\Balance\20260907-final-matrix\Training.Normal.3-1-Guard-YueBai\seed-20260906.json,0,0,0
Training.Normal.3-1-Guard-YueBai,20260907,Training.Normal.3-1,7,Blade,Guard,YueBai,3,10,True,victory,baseline,True,1,1794,1794.0,1794,1794.0,,0,0,4702,11910,11910,0,3,12,0,6,4,21753,0,,D:\UE5 demo\GameXXK\Saved\Balance\20260907-final-matrix\Training.Normal.3-1-Guard-YueBai\seed-20260907.json,0,0,0
Training.Normal.3-1-Guard-YueBai,20260908,Training.Normal.3-1,7,Blade,Guard,YueBai,3,10,True,victory,baseline,True,2,1794,897.0,942,897.0,,50,10,8206,11870,11910,0,6,15,0,12,4,1379,65,,D:\UE5 demo\GameXXK\Saved\Balance\20260907-final-matrix\Training.Normal.3-1-Guard-YueBai\seed-20260908.json,4,4,4
Training.Normal.3-1-Guard-YueBai,20260909,Training.Normal.3-1,7,Blade,Guard,YueBai,3,10,True,victory,baseline,True,2,1794,897.0,912,897.0,,30,0,7190,11880,11910,0,6,22,0,8,4,23923,0,,D:\UE5 demo\GameXXK\Saved\Balance\20260907-final-matrix\Training.Normal.3-1-Guard-YueBai\seed-20260909.json,3,3,3
Training.Normal.3-1-Guard-YueBai,20260910,Training.Normal.3-1,7,Blade,Guard,YueBai,3,10,True,victory,baseline,True,1,1794,1794.0,1794,1794.0,,0,0,5144,11910,11910,0,3,19,0,4,4,34259,0,,D:\UE5 demo\GameXXK\Saved\Balance\20260907-final-matrix\Training.Normal.3-1-Guard-YueBai\seed-20260910.json,0,0,0
Training.Normal.3-1-Guard-ZhouGuangZu,20260906,Training.Normal.3-1,7,Blade,Guard,ZhouGuangZu,3,10,True,victory,baseline,True,2,1794,897.0,0,897.0,,76,36,5789,11465,11505,0,7,19,0,9,0,1347,285,,D:\UE5 demo\GameXXK\Saved\Balance\20260907-final-matrix\Training.Normal.3-1-Guard-ZhouGuangZu\seed-20260906.json,4,4,4
Training.Normal.3-1-Guard-ZhouGuangZu,20260907,Training.Normal.3-1,7,Blade,Guard,ZhouGuangZu,3,10,True,victory,baseline,True,3,1794,598.0,1579,598.0,,23,23,10917,11505,11505,0,11,25,0,14,0,1347,619,,D:\UE5 demo\GameXXK\Saved\Balance\20260907-final-matrix\Training.Normal.3-1-Guard-ZhouGuangZu\seed-20260907.json,4,4,3
Training.Normal.3-1-Guard-ZhouGuangZu,20260908,Training.Normal.3-1,7,Blade,Guard,ZhouGuangZu,3,10,True,victory,baseline,True,2,1794,897.0,912,897.0,,39,12,5563,11478,11505,0,8,22,0,10,0,2660,315,,D:\UE5 demo\GameXXK\Saved\Balance\20260907-final-matrix\Training.Normal.3-1-Guard-ZhouGuangZu\seed-20260908.json,3,3,3
Training.Normal.3-1-Guard-ZhouGuangZu,20260909,Training.Normal.3-1,7,Blade,Guard,ZhouGuangZu,3,10,True,victory,baseline,True,2,1794,897.0,912,897.0,,56,36,3787,11485,11505,0,7,9,0,10,0,1349,360,,D:\UE5 demo\GameXXK\Saved\Balance\20260907-final-matrix\Training.Normal.3-1-Guard-ZhouGuangZu\seed-20260909.json,4,4,4
Training.Normal.3-1-Guard-ZhouGuangZu,20260910,Training.Normal.3-1,7,Blade,Guard,ZhouGuangZu,3,10,True,victory,baseline,True,2,1794,897.0,912,897.0,,66,6,5563,11445,11505,0,7,19,0,9,0,1346,315,,D:\UE5 demo\GameXXK\Saved\Balance\20260907-final-matrix\Training.Normal.3-1-Guard-ZhouGuangZu\seed-20260910.json,4,4,4
Training.Normal.3-1-Guard-JinGui,20260906,Training.Normal.3-1,7,Blade,Guard,JinGui,0,10,True,victory,baseline,True,2,1794,897.0,912,897.0,,30,0,2228,11709,11739,0,6,16,0,4,0,2222,0,,D:\UE5 demo\GameXXK\Saved\Balance\20260907-final-matrix\Training.Normal.3-1-Guard-JinGui\seed-20260906.json,3,3,3
Training.Normal.3-1-Guard-JinGui,20260907,Training.Normal.3-1,7,Blade,Guard,JinGui,0,10,True,victory,baseline,True,1,1794,1794.0,1794,1794.0,,0,0,0,11739,11739,0,2,6,0,3,0,1624,0,,D:\UE5 demo\GameXXK\Saved\Balance\20260907-final-matrix\Training.Normal.3-1-Guard-JinGui\seed-20260907.json,0,0,0
Training.Normal.3-1-Guard-JinGui,20260908,Training.Normal.3-1,7,Blade,Guard,JinGui,0,10,True,victory,baseline,True,2,1794,897.0,912,897.0,,30,0,1560,11709,11739,0,4,9,0,5,0,1337,0,,D:\UE5 demo\GameXXK\Saved\Balance\20260907-final-matrix\Training.Normal.3-1-Guard-JinGui\seed-20260908.json,3,3,3
Training.Normal.3-1-Guard-JinGui,20260909,Training.Normal.3-1,7,Blade,Guard,JinGui,0,10,True,victory,baseline,True,2,1794,897.0,912,897.0,,30,0,1560,11709,11739,0,4,9,0,6,0,1337,0,,D:\UE5 demo\GameXXK\Saved\Balance\20260907-final-matrix\Training.Normal.3-1-Guard-JinGui\seed-20260909.json,3,3,3
Training.Normal.3-1-Guard-JinGui,20260910,Training.Normal.3-1,7,Blade,Guard,JinGui,0,10,True,victory,baseline,True,1,1794,1794.0,1794,1794.0,,0,0,0,11739,11739,0,2,6,0,3,0,1624,0,,D:\UE5 demo\GameXXK\Saved\Balance\20260907-final-matrix\Training.Normal.3-1-Guard-JinGui\seed-20260910.json,0,0,0
Training.Normal.3-1-Guard-QiongMeiEr,20260906,Training.Normal.3-1,7,Blade,Guard,QiongMeiEr,3,10,True,victory,baseline,True,2,1794,897.0,912,897.0,,20,0,4014,12178,12198,0,6,16,0,5,0,2040,0,,D:\UE5 demo\GameXXK\Saved\Balance\20260907-final-matrix\Training.Normal.3-1-Guard-QiongMeiEr\seed-20260906.json,2,2,2
Training.Normal.3-1-Guard-QiongMeiEr,20260907,Training.Normal.3-1,7,Blade,Guard,QiongMeiEr,3,10,True,victory,baseline,True,1,1794,1794.0,1794,1794.0,,0,0,0,12198,12198,0,2,6,0,3,0,2040,0,,D:\UE5 demo\GameXXK\Saved\Balance\20260907-final-matrix\Training.Normal.3-1-Guard-QiongMeiEr\seed-20260907.json,0,0,0
Training.Normal.3-1-Guard-QiongMeiEr,20260908,Training.Normal.3-1,7,Blade,Guard,QiongMeiEr,3,10,True,victory,baseline,True,2,1794,897.0,1414,897.0,,0,0,2453,12198,12198,0,5,9,0,8,0,1001,0,,D:\UE5 demo\GameXXK\Saved\Balance\20260907-final-matrix\Training.Normal.3-1-Guard-QiongMeiEr\seed-20260908.json,0,0,0
Training.Normal.3-1-Guard-QiongMeiEr,20260909,Training.Normal.3-1,7,Blade,Guard,QiongMeiEr,3,10,True,victory,baseline,True,2,1794,897.0,912,897.0,,30,0,4239,12168,12198,0,6,6,0,8,0,1521,0,,D:\UE5 demo\GameXXK\Saved\Balance\20260907-final-matrix\Training.Normal.3-1-Guard-QiongMeiEr\seed-20260909.json,3,3,3
Training.Normal.3-1-Guard-QiongMeiEr,20260910,Training.Normal.3-1,7,Blade,Guard,QiongMeiEr,3,10,True,victory,baseline,True,2,1794,897.0,1414,897.0,,0,0,2228,12198,12198,0,5,16,0,4,0,2040,0,,D:\UE5 demo\GameXXK\Saved\Balance\20260907-final-matrix\Training.Normal.3-1-Guard-QiongMeiEr\seed-20260910.json,0,0,0
Training.Normal.3-1-Healer-TusiChief,20260906,Training.Normal.3-1,7,Blade,Healer,TusiChief,3,10,True,victory,baseline,True,2,1794,897.0,912,897.0,,30,0,673,12372,12402,0,3,9,1,4,0,2702,0,,D:\UE5 demo\GameXXK\Saved\Balance\20260907-final-matrix\Training.Normal.3-1-Healer-TusiChief\seed-20260906.json,3,3,3
Training.Normal.3-1-Healer-TusiChief,20260907,Training.Normal.3-1,7,Blade,Healer,TusiChief,3,10,True,victory,baseline,True,1,1794,1794.0,1794,1794.0,,0,0,142,12402,12402,0,2,3,0,2,0,2808,0,,D:\UE5 demo\GameXXK\Saved\Balance\20260907-final-matrix\Training.Normal.3-1-Healer-TusiChief\seed-20260907.json,0,0,0
Training.Normal.3-1-Healer-TusiChief,20260908,Training.Normal.3-1,7,Blade,Healer,TusiChief,3,10,True,victory,baseline,True,2,1794,897.0,1414,897.0,,3,3,673,12402,12402,0,4,9,1,5,0,3428,3,,D:\UE5 demo\GameXXK\Saved\Balance\20260907-final-matrix\Training.Normal.3-1-Healer-TusiChief\seed-20260908.json,0,0,0
Training.Normal.3-1-Healer-TusiChief,20260909,Training.Normal.3-1,7,Blade,Healer,TusiChief,3,10,True,victory,baseline,True,2,1794,897.0,912,897.0,,30,10,994,12382,12402,0,5,6,1,7,0,2668,65,,D:\UE5 demo\GameXXK\Saved\Balance\20260907-final-matrix\Training.Normal.3-1-Healer-TusiChief\seed-20260909.json,2,2,2
Training.Normal.3-1-Healer-TusiChief,20260910,Training.Normal.3-1,7,Blade,Healer,TusiChief,3,10,True,victory,baseline,True,2,1794,897.0,912,897.0,,3,3,1525,12402,12402,0,5,9,0,5,0,2356,3,,D:\UE5 demo\GameXXK\Saved\Balance\20260907-final-matrix\Training.Normal.3-1-Healer-TusiChief\seed-20260910.json,0,0,0
Training.Normal.3-1-Healer-SongJinBao,20260906,Training.Normal.3-1,7,Blade,Healer,SongJinBao,3,10,True,victory,baseline,True,1,1794,1794.0,1794,1794.0,,3,3,0,12225,12225,0,7,17,0,6,5,1927,3,,D:\UE5 demo\GameXXK\Saved\Balance\20260907-final-matrix\Training.Normal.3-1-Healer-SongJinBao\seed-20260906.json,0,0,0
Training.Normal.3-1-Healer-SongJinBao,20260907,Training.Normal.3-1,7,Blade,Healer,SongJinBao,3,10,True,victory,baseline,True,1,1794,1794.0,1794,1794.0,,0,0,0,12225,12225,0,2,3,0,3,0,2089,0,,D:\UE5 demo\GameXXK\Saved\Balance\20260907-final-matrix\Training.Normal.3-1-Healer-SongJinBao\seed-20260907.json,0,0,0
Training.Normal.3-1-Healer-SongJinBao,20260908,Training.Normal.3-1,7,Blade,Healer,SongJinBao,3,10,True,victory,baseline,True,1,1794,1794.0,1794,1794.0,,3,3,0,12225,12225,0,5,18,0,5,4,2051,3,,D:\UE5 demo\GameXXK\Saved\Balance\20260907-final-matrix\Training.Normal.3-1-Healer-SongJinBao\seed-20260908.json,0,0,0
Training.Normal.3-1-Healer-SongJinBao,20260909,Training.Normal.3-1,7,Blade,Healer,SongJinBao,3,10,True,victory,baseline,True,2,1794,897.0,1442,897.0,,13,3,0,12215,12225,0,6,18,0,8,4,1928,3,,D:\UE5 demo\GameXXK\Saved\Balance\20260907-final-matrix\Training.Normal.3-1-Healer-SongJinBao\seed-20260909.json,1,1,1
Training.Normal.3-1-Healer-SongJinBao,20260910,Training.Normal.3-1,7,Blade,Healer,SongJinBao,3,10,True,victory,baseline,True,1,1794,1794.0,1794,1794.0,,3,3,0,12225,12225,0,4,8,0,5,5,1878,3,,D:\UE5 demo\GameXXK\Saved\Balance\20260907-final-matrix\Training.Normal.3-1-Healer-SongJinBao\seed-20260910.json,0,0,0
Training.Normal.3-1-Healer-YueBai,20260906,Training.Normal.3-1,7,Blade,Healer,YueBai,3,10,True,victory,baseline,True,1,1794,1794.0,1794,1794.0,,3,3,2916,11647,11647,0,3,21,0,4,4,34709,3,,D:\UE5 demo\GameXXK\Saved\Balance\20260907-final-matrix\Training.Normal.3-1-Healer-YueBai\seed-20260906.json,0,0,0
Training.Normal.3-1-Healer-YueBai,20260907,Training.Normal.3-1,7,Blade,Healer,YueBai,3,10,True,victory,baseline,True,1,1794,1794.0,1794,1794.0,,0,0,2916,11647,11647,0,2,12,0,5,4,13060,0,,D:\UE5 demo\GameXXK\Saved\Balance\20260907-final-matrix\Training.Normal.3-1-Healer-YueBai\seed-20260907.json,0,0,0
Training.Normal.3-1-Healer-YueBai,20260908,Training.Normal.3-1,7,Blade,Healer,YueBai,3,10,True,victory,baseline,True,2,1794,897.0,1539,897.0,,0,0,4860,11647,11647,0,4,14,0,9,4,2303,0,,D:\UE5 demo\GameXXK\Saved\Balance\20260907-final-matrix\Training.Normal.3-1-Healer-YueBai\seed-20260908.json,0,0,0
Training.Normal.3-1-Healer-YueBai,20260909,Training.Normal.3-1,7,Blade,Healer,YueBai,3,10,True,victory,baseline,True,2,1794,897.0,912,897.0,,20,0,3402,11627,11647,0,4,14,1,9,4,13177,0,,D:\UE5 demo\GameXXK\Saved\Balance\20260907-final-matrix\Training.Normal.3-1-Healer-YueBai\seed-20260909.json,2,2,2
Training.Normal.3-1-Healer-YueBai,20260910,Training.Normal.3-1,7,Blade,Healer,YueBai,3,10,True,victory,baseline,True,1,1794,1794.0,1794,1794.0,,3,3,2916,11647,11647,0,3,14,0,5,4,24068,3,,D:\UE5 demo\GameXXK\Saved\Balance\20260907-final-matrix\Training.Normal.3-1-Healer-YueBai\seed-20260910.json,0,0,0
Training.Normal.3-1-Healer-ZhouGuangZu,20260906,Training.Normal.3-1,7,Blade,Healer,ZhouGuangZu,3,10,True,victory,baseline,True,3,1794,598.0,615,598.0,,79,41,1323,11204,11242,0,9,26,0,11,0,1838,361,,D:\UE5 demo\GameXXK\Saved\Balance\20260907-final-matrix\Training.Normal.3-1-Healer-ZhouGuangZu\seed-20260906.json,3,3,3
Training.Normal.3-1-Healer-ZhouGuangZu,20260907,Training.Normal.3-1,7,Blade,Healer,ZhouGuangZu,3,10,True,victory,baseline,True,2,1794,897.0,1579,897.0,,6,6,1323,11242,11242,0,6,16,1,10,0,1382,315,,D:\UE5 demo\GameXXK\Saved\Balance\20260907-final-matrix\Training.Normal.3-1-Healer-ZhouGuangZu\seed-20260907.json,0,0,0
Training.Normal.3-1-Healer-ZhouGuangZu,20260908,Training.Normal.3-1,7,Blade,Healer,ZhouGuangZu,3,10,True,victory,baseline,True,3,1794,598.0,1077,598.0,,96,9,1323,11155,11242,0,7,20,1,10,0,2867,312,,D:\UE5 demo\GameXXK\Saved\Balance\20260907-final-matrix\Training.Normal.3-1-Healer-ZhouGuangZu\seed-20260908.json,3,3,3
Training.Normal.3-1-Healer-ZhouGuangZu,20260909,Training.Normal.3-1,7,Blade,Healer,ZhouGuangZu,3,10,True,victory,baseline,True,3,1794,598.0,912,598.0,,66,26,1323,11202,11242,0,7,14,1,10,0,2657,295,,D:\UE5 demo\GameXXK\Saved\Balance\20260907-final-matrix\Training.Normal.3-1-Healer-ZhouGuangZu\seed-20260909.json,2,2,2
Training.Normal.3-1-Healer-ZhouGuangZu,20260910,Training.Normal.3-1,7,Blade,Healer,ZhouGuangZu,3,10,True,victory,baseline,True,3,1794,598.0,1202,598.0,,96,6,1323,11152,11242,0,7,14,1,10,0,2764,315,,D:\UE5 demo\GameXXK\Saved\Balance\20260907-final-matrix\Training.Normal.3-1-Healer-ZhouGuangZu\seed-20260910.json,3,3,3
Training.Normal.3-1-Healer-JinGui,20260906,Training.Normal.3-1,7,Blade,Healer,JinGui,0,10,True,victory,baseline,True,2,1794,897.0,1212,897.0,,56,18,466,11438,11476,0,9,26,0,9,0,731,69,,D:\UE5 demo\GameXXK\Saved\Balance\20260907-final-matrix\Training.Normal.3-1-Healer-JinGui\seed-20260906.json,3,3,3
Training.Normal.3-1-Healer-JinGui,20260907,Training.Normal.3-1,7,Blade,Healer,JinGui,0,10,True,victory,baseline,True,1,1794,1794.0,1794,1794.0,,0,0,0,11476,11476,0,2,6,0,3,0,1624,0,,D:\UE5 demo\GameXXK\Saved\Balance\20260907-final-matrix\Training.Normal.3-1-Healer-JinGui\seed-20260907.json,0,0,0
Training.Normal.3-1-Healer-JinGui,20260908,Training.Normal.3-1,7,Blade,Healer,JinGui,0,10,True,victory,baseline,True,2,1794,897.0,912,897.0,,30,0,466,11446,11476,0,3,9,1,5,0,1045,0,,D:\UE5 demo\GameXXK\Saved\Balance\20260907-final-matrix\Training.Normal.3-1-Healer-JinGui\seed-20260908.json,3,3,3
Training.Normal.3-1-Healer-JinGui,20260909,Training.Normal.3-1,7,Blade,Healer,JinGui,0,10,True,victory,baseline,True,2,1794,897.0,912,897.0,,20,0,0,11456,11476,0,3,9,1,6,0,1337,0,,D:\UE5 demo\GameXXK\Saved\Balance\20260907-final-matrix\Training.Normal.3-1-Healer-JinGui\seed-20260909.json,2,2,2
Training.Normal.3-1-Healer-JinGui,20260910,Training.Normal.3-1,7,Blade,Healer,JinGui,0,10,True,victory,baseline,True,1,1794,1794.0,1794,1794.0,,0,0,0,11476,11476,0,2,6,0,3,0,1624,0,,D:\UE5 demo\GameXXK\Saved\Balance\20260907-final-matrix\Training.Normal.3-1-Healer-JinGui\seed-20260910.json,0,0,0
Training.Normal.3-1-Healer-QiongMeiEr,20260906,Training.Normal.3-1,7,Blade,Healer,QiongMeiEr,3,10,True,victory,baseline,True,2,1794,897.0,1337,897.0,,23,3,0,11915,11935,0,7,20,0,5,0,2465,3,,D:\UE5 demo\GameXXK\Saved\Balance\20260907-final-matrix\Training.Normal.3-1-Healer-QiongMeiEr\seed-20260906.json,2,2,2
Training.Normal.3-1-Healer-QiongMeiEr,20260907,Training.Normal.3-1,7,Blade,Healer,QiongMeiEr,3,10,True,victory,baseline,True,1,1794,1794.0,1794,1794.0,,0,0,0,11935,11935,0,2,6,0,3,0,2040,0,,D:\UE5 demo\GameXXK\Saved\Balance\20260907-final-matrix\Training.Normal.3-1-Healer-QiongMeiEr\seed-20260907.json,0,0,0
Training.Normal.3-1-Healer-QiongMeiEr,20260908,Training.Normal.3-1,7,Blade,Healer,QiongMeiEr,3,10,True,victory,baseline,True,2,1794,897.0,1539,897.0,,3,3,0,11935,11935,0,6,11,0,9,1,1126,3,,D:\UE5 demo\GameXXK\Saved\Balance\20260907-final-matrix\Training.Normal.3-1-Healer-QiongMeiEr\seed-20260908.json,0,0,0
Training.Normal.3-1-Healer-QiongMeiEr,20260909,Training.Normal.3-1,7,Blade,Healer,QiongMeiEr,3,10,True,victory,baseline,True,2,1794,897.0,1564,897.0,,3,3,0,11935,11935,0,6,21,0,8,0,1251,78,,D:\UE5 demo\GameXXK\Saved\Balance\20260907-final-matrix\Training.Normal.3-1-Healer-QiongMeiEr\seed-20260909.json,0,0,0
Training.Normal.3-1-Healer-QiongMeiEr,20260910,Training.Normal.3-1,7,Blade,Healer,QiongMeiEr,3,10,True,victory,baseline,True,1,1794,1794.0,1794,1794.0,,3,3,0,11935,11935,0,5,8,0,5,0,2215,3,,D:\UE5 demo\GameXXK\Saved\Balance\20260907-final-matrix\Training.Normal.3-1-Healer-QiongMeiEr\seed-20260910.json,0,0,0
Training.Normal.3-1-Hunter-TusiChief,20260906,Training.Normal.3-1,7,Blade,Hunter,TusiChief,3,10,True,victory,baseline,True,1,1794,1794.0,1794,1794.0,,0,0,142,12353,12353,0,2,6,0,2,0,2211,0,,D:\UE5 demo\GameXXK\Saved\Balance\20260907-final-matrix\Training.Normal.3-1-Hunter-TusiChief\seed-20260906.json,0,0,0
Training.Normal.3-1-Hunter-TusiChief,20260907,Training.Normal.3-1,7,Blade,Hunter,TusiChief,3,10,True,victory,baseline,True,1,1794,1794.0,1794,1794.0,,0,0,142,12353,12353,0,2,3,0,2,0,3179,0,,D:\UE5 demo\GameXXK\Saved\Balance\20260907-final-matrix\Training.Normal.3-1-Hunter-TusiChief\seed-20260907.json,0,0,0
Training.Normal.3-1-Hunter-TusiChief,20260908,Training.Normal.3-1,7,Blade,Hunter,TusiChief,3,10,True,victory,baseline,True,1,1794,1794.0,1794,1794.0,,0,0,673,12353,12353,0,4,13,0,6,0,4073,0,,D:\UE5 demo\GameXXK\Saved\Balance\20260907-final-matrix\Training.Normal.3-1-Hunter-TusiChief\seed-20260908.json,0,0,0
Training.Normal.3-1-Hunter-TusiChief,20260909,Training.Normal.3-1,7,Blade,Hunter,TusiChief,3,10,True,victory,baseline,True,1,1794,1794.0,1794,1794.0,,0,0,0,12353,12353,0,3,8,0,4,0,1786,0,,D:\UE5 demo\GameXXK\Saved\Balance\20260907-final-matrix\Training.Normal.3-1-Hunter-TusiChief\seed-20260909.json,0,0,0
Training.Normal.3-1-Hunter-TusiChief,20260910,Training.Normal.3-1,7,Blade,Hunter,TusiChief,3,10,True,victory,baseline,True,1,1794,1794.0,1794,1794.0,,0,0,142,12353,12353,0,2,5,0,2,0,2865,0,,D:\UE5 demo\GameXXK\Saved\Balance\20260907-final-matrix\Training.Normal.3-1-Hunter-TusiChief\seed-20260910.json,0,0,0
Training.Normal.3-1-Hunter-SongJinBao,20260906,Training.Normal.3-1,7,Blade,Hunter,SongJinBao,3,10,True,victory,baseline,True,1,1794,1794.0,1794,1794.0,,0,0,0,12176,12176,0,2,5,0,3,0,1048,0,,D:\UE5 demo\GameXXK\Saved\Balance\20260907-final-matrix\Training.Normal.3-1-Hunter-SongJinBao\seed-20260906.json,0,0,0
Training.Normal.3-1-Hunter-SongJinBao,20260907,Training.Normal.3-1,7,Blade,Hunter,SongJinBao,3,10,True,victory,baseline,True,1,1794,1794.0,1794,1794.0,,0,0,0,12176,12176,0,2,6,0,3,0,1602,0,,D:\UE5 demo\GameXXK\Saved\Balance\20260907-final-matrix\Training.Normal.3-1-Hunter-SongJinBao\seed-20260907.json,0,0,0
Training.Normal.3-1-Hunter-SongJinBao,20260908,Training.Normal.3-1,7,Blade,Hunter,SongJinBao,3,10,True,victory,baseline,True,1,1794,1794.0,1794,1794.0,,0,0,0,12176,12176,0,2,6,0,5,4,1561,0,,D:\UE5 demo\GameXXK\Saved\Balance\20260907-final-matrix\Training.Normal.3-1-Hunter-SongJinBao\seed-20260908.json,0,0,0
Training.Normal.3-1-Hunter-SongJinBao,20260909,Training.Normal.3-1,7,Blade,Hunter,SongJinBao,3,10,True,victory,baseline,True,1,1794,1794.0,1794,1794.0,,0,0,0,12176,12176,0,3,8,0,4,0,1786,0,,D:\UE5 demo\GameXXK\Saved\Balance\20260907-final-matrix\Training.Normal.3-1-Hunter-SongJinBao\seed-20260909.json,0,0,0
Training.Normal.3-1-Hunter-SongJinBao,20260910,Training.Normal.3-1,7,Blade,Hunter,SongJinBao,3,10,True,victory,baseline,True,1,1794,1794.0,1794,1794.0,,0,0,0,12176,12176,0,2,5,0,3,0,2101,0,,D:\UE5 demo\GameXXK\Saved\Balance\20260907-final-matrix\Training.Normal.3-1-Hunter-SongJinBao\seed-20260910.json,0,0,0
Training.Normal.3-1-Hunter-YueBai,20260906,Training.Normal.3-1,7,Blade,Hunter,YueBai,3,10,True,victory,baseline,True,1,1794,1794.0,1794,1794.0,,0,0,2916,11598,11598,0,2,14,0,5,4,11849,0,,D:\UE5 demo\GameXXK\Saved\Balance\20260907-final-matrix\Training.Normal.3-1-Hunter-YueBai\seed-20260906.json,0,0,0
Training.Normal.3-1-Hunter-YueBai,20260907,Training.Normal.3-1,7,Blade,Hunter,YueBai,3,10,True,victory,baseline,True,1,1794,1794.0,1794,1794.0,,0,0,0,11598,11598,0,2,6,0,3,0,1602,0,,D:\UE5 demo\GameXXK\Saved\Balance\20260907-final-matrix\Training.Normal.3-1-Hunter-YueBai\seed-20260907.json,0,0,0
Training.Normal.3-1-Hunter-YueBai,20260908,Training.Normal.3-1,7,Blade,Hunter,YueBai,3,10,True,victory,baseline,True,1,1794,1794.0,1794,1794.0,,0,0,4374,11598,11598,0,3,17,0,6,4,1876,0,,D:\UE5 demo\GameXXK\Saved\Balance\20260907-final-matrix\Training.Normal.3-1-Hunter-YueBai\seed-20260908.json,0,0,0
Training.Normal.3-1-Hunter-YueBai,20260909,Training.Normal.3-1,7,Blade,Hunter,YueBai,3,10,True,victory,baseline,True,1,1794,1794.0,1794,1794.0,,0,0,0,11598,11598,0,3,8,0,4,0,1786,0,,D:\UE5 demo\GameXXK\Saved\Balance\20260907-final-matrix\Training.Normal.3-1-Hunter-YueBai\seed-20260909.json,0,0,0
Training.Normal.3-1-Hunter-YueBai,20260910,Training.Normal.3-1,7,Blade,Hunter,YueBai,3,10,True,victory,baseline,True,1,1794,1794.0,1794,1794.0,,0,0,2916,11598,11598,0,2,14,0,5,4,12902,0,,D:\UE5 demo\GameXXK\Saved\Balance\20260907-final-matrix\Training.Normal.3-1-Hunter-YueBai\seed-20260910.json,0,0,0
Training.Normal.3-1-Hunter-ZhouGuangZu,20260906,Training.Normal.3-1,7,Blade,Hunter,ZhouGuangZu,3,10,True,victory,baseline,True,1,1794,1794.0,1794,1794.0,,0,0,441,11193,11193,0,5,8,0,5,0,1265,0,,D:\UE5 demo\GameXXK\Saved\Balance\20260907-final-matrix\Training.Normal.3-1-Hunter-ZhouGuangZu\seed-20260906.json,0,0,0
Training.Normal.3-1-Hunter-ZhouGuangZu,20260907,Training.Normal.3-1,7,Blade,Hunter,ZhouGuangZu,3,10,True,victory,baseline,True,1,1794,1794.0,1794,1794.0,,0,0,0,11193,11193,0,2,6,0,3,0,1602,0,,D:\UE5 demo\GameXXK\Saved\Balance\20260907-final-matrix\Training.Normal.3-1-Hunter-ZhouGuangZu\seed-20260907.json,0,0,0
Training.Normal.3-1-Hunter-ZhouGuangZu,20260908,Training.Normal.3-1,7,Blade,Hunter,ZhouGuangZu,3,10,True,victory,baseline,True,1,1794,1794.0,1794,1794.0,,0,0,1323,11193,11193,0,5,12,0,7,0,1839,0,,D:\UE5 demo\GameXXK\Saved\Balance\20260907-final-matrix\Training.Normal.3-1-Hunter-ZhouGuangZu\seed-20260908.json,0,0,0
Training.Normal.3-1-Hunter-ZhouGuangZu,20260909,Training.Normal.3-1,7,Blade,Hunter,ZhouGuangZu,3,10,True,victory,baseline,True,1,1794,1794.0,1794,1794.0,,0,0,0,11193,11193,0,3,8,0,4,0,1786,0,,D:\UE5 demo\GameXXK\Saved\Balance\20260907-final-matrix\Training.Normal.3-1-Hunter-ZhouGuangZu\seed-20260909.json,0,0,0
Training.Normal.3-1-Hunter-ZhouGuangZu,20260910,Training.Normal.3-1,7,Blade,Hunter,ZhouGuangZu,3,10,True,victory,baseline,True,1,1794,1794.0,1794,1794.0,,0,0,1323,11193,11193,0,5,11,0,6,0,2482,0,,D:\UE5 demo\GameXXK\Saved\Balance\20260907-final-matrix\Training.Normal.3-1-Hunter-ZhouGuangZu\seed-20260910.json,0,0,0
Training.Normal.3-1-Hunter-JinGui,20260906,Training.Normal.3-1,7,Blade,Hunter,JinGui,0,10,True,victory,baseline,True,1,1794,1794.0,1794,1794.0,,0,0,0,11427,11427,0,3,8,0,3,0,1078,0,,D:\UE5 demo\GameXXK\Saved\Balance\20260907-final-matrix\Training.Normal.3-1-Hunter-JinGui\seed-20260906.json,0,0,0
Training.Normal.3-1-Hunter-JinGui,20260907,Training.Normal.3-1,7,Blade,Hunter,JinGui,0,10,True,victory,baseline,True,1,1794,1794.0,1794,1794.0,,0,0,0,11427,11427,0,2,9,0,3,0,863,0,,D:\UE5 demo\GameXXK\Saved\Balance\20260907-final-matrix\Training.Normal.3-1-Hunter-JinGui\seed-20260907.json,0,0,0
Training.Normal.3-1-Hunter-JinGui,20260908,Training.Normal.3-1,7,Blade,Hunter,JinGui,0,10,True,victory,baseline,True,1,1794,1794.0,1794,1794.0,,0,0,466,11427,11427,0,5,13,0,7,0,1201,0,,D:\UE5 demo\GameXXK\Saved\Balance\20260907-final-matrix\Training.Normal.3-1-Hunter-JinGui\seed-20260908.json,0,0,0
Training.Normal.3-1-Hunter-JinGui,20260909,Training.Normal.3-1,7,Blade,Hunter,JinGui,0,10,True,victory,baseline,True,1,1794,1794.0,1794,1794.0,,0,0,0,11427,11427,0,3,8,0,4,0,1786,0,,D:\UE5 demo\GameXXK\Saved\Balance\20260907-final-matrix\Training.Normal.3-1-Hunter-JinGui\seed-20260909.json,0,0,0
Training.Normal.3-1-Hunter-JinGui,20260910,Training.Normal.3-1,7,Blade,Hunter,JinGui,0,10,True,victory,baseline,True,1,1794,1794.0,1794,1794.0,,0,0,0,11427,11427,0,2,6,0,3,0,1420,0,,D:\UE5 demo\GameXXK\Saved\Balance\20260907-final-matrix\Training.Normal.3-1-Hunter-JinGui\seed-20260910.json,0,0,0
Training.Normal.3-1-Hunter-QiongMeiEr,20260906,Training.Normal.3-1,7,Blade,Hunter,QiongMeiEr,3,10,True,victory,baseline,True,1,1794,1794.0,1794,1794.0,,0,0,0,11886,11886,0,2,8,0,3,0,1342,0,,D:\UE5 demo\GameXXK\Saved\Balance\20260907-final-matrix\Training.Normal.3-1-Hunter-QiongMeiEr\seed-20260906.json,0,0,0
Training.Normal.3-1-Hunter-QiongMeiEr,20260907,Training.Normal.3-1,7,Blade,Hunter,QiongMeiEr,3,10,True,victory,baseline,True,1,1794,1794.0,1794,1794.0,,0,0,0,11886,11886,0,2,6,0,3,0,1157,0,,D:\UE5 demo\GameXXK\Saved\Balance\20260907-final-matrix\Training.Normal.3-1-Hunter-QiongMeiEr\seed-20260907.json,0,0,0
Training.Normal.3-1-Hunter-QiongMeiEr,20260908,Training.Normal.3-1,7,Blade,Hunter,QiongMeiEr,3,10,True,victory,baseline,True,1,1794,1794.0,1794,1794.0,,0,0,0,11886,11886,0,4,13,0,7,0,1258,0,,D:\UE5 demo\GameXXK\Saved\Balance\20260907-final-matrix\Training.Normal.3-1-Hunter-QiongMeiEr\seed-20260908.json,0,0,0
Training.Normal.3-1-Hunter-QiongMeiEr,20260909,Training.Normal.3-1,7,Blade,Hunter,QiongMeiEr,3,10,True,victory,baseline,True,1,1794,1794.0,1794,1794.0,,0,0,0,11886,11886,0,3,8,0,4,0,1786,0,,D:\UE5 demo\GameXXK\Saved\Balance\20260907-final-matrix\Training.Normal.3-1-Hunter-QiongMeiEr\seed-20260909.json,0,0,0
Training.Normal.3-1-Hunter-QiongMeiEr,20260910,Training.Normal.3-1,7,Blade,Hunter,QiongMeiEr,3,10,True,victory,baseline,True,1,1794,1794.0,1794,1794.0,,0,0,0,11886,11886,0,2,8,0,3,0,2053,0,,D:\UE5 demo\GameXXK\Saved\Balance\20260907-final-matrix\Training.Normal.3-1-Hunter-QiongMeiEr\seed-20260910.json,0,0,0
Training.Normal.3-1-Sorcerer-TusiChief,20260906,Training.Normal.3-1,7,Blade,Sorcerer,TusiChief,3,10,True,victory,baseline,True,1,1794,1794.0,1794,1794.0,,0,0,142,12659,12659,0,2,5,0,2,0,2197,0,,D:\UE5 demo\GameXXK\Saved\Balance\20260907-final-matrix\Training.Normal.3-1-Sorcerer-TusiChief\seed-20260906.json,0,0,0
Training.Normal.3-1-Sorcerer-TusiChief,20260907,Training.Normal.3-1,7,Blade,Sorcerer,TusiChief,3,10,True,victory,baseline,True,1,1794,1794.0,1794,1794.0,,0,0,0,12659,12659,0,2,7,0,2,0,823,0,,D:\UE5 demo\GameXXK\Saved\Balance\20260907-final-matrix\Training.Normal.3-1-Sorcerer-TusiChief\seed-20260907.json,0,0,0
Training.Normal.3-1-Sorcerer-TusiChief,20260908,Training.Normal.3-1,7,Blade,Sorcerer,TusiChief,3,10,True,victory,baseline,True,1,1794,1794.0,1794,1794.0,,0,0,531,12659,12659,0,3,8,0,2,0,451,0,,D:\UE5 demo\GameXXK\Saved\Balance\20260907-final-matrix\Training.Normal.3-1-Sorcerer-TusiChief\seed-20260908.json,0,0,0
Training.Normal.3-1-Sorcerer-TusiChief,20260909,Training.Normal.3-1,7,Blade,Sorcerer,TusiChief,3,10,True,victory,baseline,True,1,1794,1794.0,1794,1794.0,,0,0,0,12659,12659,0,2,4,0,2,0,381,0,,D:\UE5 demo\GameXXK\Saved\Balance\20260907-final-matrix\Training.Normal.3-1-Sorcerer-TusiChief\seed-20260909.json,0,0,0
Training.Normal.3-1-Sorcerer-TusiChief,20260910,Training.Normal.3-1,7,Blade,Sorcerer,TusiChief,3,10,True,victory,baseline,True,1,1794,1794.0,1794,1794.0,,0,0,1054,12659,12659,0,5,12,0,5,0,2852,0,,D:\UE5 demo\GameXXK\Saved\Balance\20260907-final-matrix\Training.Normal.3-1-Sorcerer-TusiChief\seed-20260910.json,0,0,0
Training.Normal.3-1-Sorcerer-SongJinBao,20260906,Training.Normal.3-1,7,Blade,Sorcerer,SongJinBao,3,10,True,victory,baseline,True,1,1794,1794.0,1794,1794.0,,0,0,0,12482,12482,0,1,2,0,2,0,648,0,,D:\UE5 demo\GameXXK\Saved\Balance\20260907-final-matrix\Training.Normal.3-1-Sorcerer-SongJinBao\seed-20260906.json,0,0,0
Training.Normal.3-1-Sorcerer-SongJinBao,20260907,Training.Normal.3-1,7,Blade,Sorcerer,SongJinBao,3,10,True,victory,baseline,True,1,1794,1794.0,1794,1794.0,,0,0,0,12482,12482,0,2,7,0,2,0,823,0,,D:\UE5 demo\GameXXK\Saved\Balance\20260907-final-matrix\Training.Normal.3-1-Sorcerer-SongJinBao\seed-20260907.json,0,0,0
Training.Normal.3-1-Sorcerer-SongJinBao,20260908,Training.Normal.3-1,7,Blade,Sorcerer,SongJinBao,3,10,True,victory,baseline,True,1,1794,1794.0,1794,1794.0,,0,0,0,12482,12482,0,2,4,0,2,0,381,0,,D:\UE5 demo\GameXXK\Saved\Balance\20260907-final-matrix\Training.Normal.3-1-Sorcerer-SongJinBao\seed-20260908.json,0,0,0
Training.Normal.3-1-Sorcerer-SongJinBao,20260909,Training.Normal.3-1,7,Blade,Sorcerer,SongJinBao,3,10,True,victory,baseline,True,1,1794,1794.0,1794,1794.0,,0,0,0,12482,12482,0,2,4,0,2,0,381,0,,D:\UE5 demo\GameXXK\Saved\Balance\20260907-final-matrix\Training.Normal.3-1-Sorcerer-SongJinBao\seed-20260909.json,0,0,0
Training.Normal.3-1-Sorcerer-SongJinBao,20260910,Training.Normal.3-1,7,Blade,Sorcerer,SongJinBao,3,10,True,victory,baseline,True,1,1794,1794.0,1794,1794.0,,0,0,180,12482,12482,0,2,6,0,3,1,787,0,,D:\UE5 demo\GameXXK\Saved\Balance\20260907-final-matrix\Training.Normal.3-1-Sorcerer-SongJinBao\seed-20260910.json,0,0,0
Training.Normal.3-1-Sorcerer-YueBai,20260906,Training.Normal.3-1,7,Blade,Sorcerer,YueBai,3,10,True,victory,baseline,True,1,1794,1794.0,1794,1794.0,,0,0,0,11904,11904,0,2,4,0,2,0,381,0,,D:\UE5 demo\GameXXK\Saved\Balance\20260907-final-matrix\Training.Normal.3-1-Sorcerer-YueBai\seed-20260906.json,0,0,0
Training.Normal.3-1-Sorcerer-YueBai,20260907,Training.Normal.3-1,7,Blade,Sorcerer,YueBai,3,10,True,victory,baseline,True,1,1794,1794.0,1794,1794.0,,0,0,0,11904,11904,0,2,7,0,2,0,823,0,,D:\UE5 demo\GameXXK\Saved\Balance\20260907-final-matrix\Training.Normal.3-1-Sorcerer-YueBai\seed-20260907.json,0,0,0
Training.Normal.3-1-Sorcerer-YueBai,20260908,Training.Normal.3-1,7,Blade,Sorcerer,YueBai,3,10,True,victory,baseline,True,1,1794,1794.0,1794,1794.0,,0,0,0,11904,11904,0,2,4,0,2,0,381,0,,D:\UE5 demo\GameXXK\Saved\Balance\20260907-final-matrix\Training.Normal.3-1-Sorcerer-YueBai\seed-20260908.json,0,0,0
Training.Normal.3-1-Sorcerer-YueBai,20260909,Training.Normal.3-1,7,Blade,Sorcerer,YueBai,3,10,True,victory,baseline,True,1,1794,1794.0,1794,1794.0,,0,0,0,11904,11904,0,2,4,0,2,0,381,0,,D:\UE5 demo\GameXXK\Saved\Balance\20260907-final-matrix\Training.Normal.3-1-Sorcerer-YueBai\seed-20260909.json,0,0,0
Training.Normal.3-1-Sorcerer-YueBai,20260910,Training.Normal.3-1,7,Blade,Sorcerer,YueBai,3,10,True,victory,baseline,True,1,1794,1794.0,1794,1794.0,,0,0,2916,11904,11904,0,1,12,0,4,4,23943,0,,D:\UE5 demo\GameXXK\Saved\Balance\20260907-final-matrix\Training.Normal.3-1-Sorcerer-YueBai\seed-20260910.json,0,0,0
Training.Normal.3-1-Sorcerer-ZhouGuangZu,20260906,Training.Normal.3-1,7,Blade,Sorcerer,ZhouGuangZu,3,10,True,victory,baseline,True,1,1794,1794.0,1794,1794.0,,0,0,0,11499,11499,0,2,4,0,2,0,381,0,,D:\UE5 demo\GameXXK\Saved\Balance\20260907-final-matrix\Training.Normal.3-1-Sorcerer-ZhouGuangZu\seed-20260906.json,0,0,0
Training.Normal.3-1-Sorcerer-ZhouGuangZu,20260907,Training.Normal.3-1,7,Blade,Sorcerer,ZhouGuangZu,3,10,True,victory,baseline,True,1,1794,1794.0,1794,1794.0,,0,0,0,11499,11499,0,2,7,0,2,0,823,0,,D:\UE5 demo\GameXXK\Saved\Balance\20260907-final-matrix\Training.Normal.3-1-Sorcerer-ZhouGuangZu\seed-20260907.json,0,0,0
Training.Normal.3-1-Sorcerer-ZhouGuangZu,20260908,Training.Normal.3-1,7,Blade,Sorcerer,ZhouGuangZu,3,10,True,victory,baseline,True,1,1794,1794.0,1794,1794.0,,0,0,0,11499,11499,0,2,4,0,2,0,381,0,,D:\UE5 demo\GameXXK\Saved\Balance\20260907-final-matrix\Training.Normal.3-1-Sorcerer-ZhouGuangZu\seed-20260908.json,0,0,0
Training.Normal.3-1-Sorcerer-ZhouGuangZu,20260909,Training.Normal.3-1,7,Blade,Sorcerer,ZhouGuangZu,3,10,True,victory,baseline,True,1,1794,1794.0,1794,1794.0,,0,0,0,11499,11499,0,2,4,0,2,0,381,0,,D:\UE5 demo\GameXXK\Saved\Balance\20260907-final-matrix\Training.Normal.3-1-Sorcerer-ZhouGuangZu\seed-20260909.json,0,0,0
Training.Normal.3-1-Sorcerer-ZhouGuangZu,20260910,Training.Normal.3-1,7,Blade,Sorcerer,ZhouGuangZu,3,10,True,victory,baseline,True,1,1794,1794.0,1794,1794.0,,0,0,501,11499,11499,0,3,9,0,3,0,737,0,,D:\UE5 demo\GameXXK\Saved\Balance\20260907-final-matrix\Training.Normal.3-1-Sorcerer-ZhouGuangZu\seed-20260910.json,0,0,0
Training.Normal.3-1-Sorcerer-JinGui,20260906,Training.Normal.3-1,7,Blade,Sorcerer,JinGui,0,10,True,victory,baseline,True,1,1794,1794.0,1794,1794.0,,0,0,0,11733,11733,0,2,5,0,2,0,222,0,,D:\UE5 demo\GameXXK\Saved\Balance\20260907-final-matrix\Training.Normal.3-1-Sorcerer-JinGui\seed-20260906.json,0,0,0
Training.Normal.3-1-Sorcerer-JinGui,20260907,Training.Normal.3-1,7,Blade,Sorcerer,JinGui,0,10,True,victory,baseline,True,1,1794,1794.0,1794,1794.0,,0,0,0,11733,11733,0,2,7,0,2,0,823,0,,D:\UE5 demo\GameXXK\Saved\Balance\20260907-final-matrix\Training.Normal.3-1-Sorcerer-JinGui\seed-20260907.json,0,0,0
Training.Normal.3-1-Sorcerer-JinGui,20260908,Training.Normal.3-1,7,Blade,Sorcerer,JinGui,0,10,True,victory,baseline,True,1,1794,1794.0,1794,1794.0,,0,0,0,11733,11733,0,2,4,0,2,0,381,0,,D:\UE5 demo\GameXXK\Saved\Balance\20260907-final-matrix\Training.Normal.3-1-Sorcerer-JinGui\seed-20260908.json,0,0,0
Training.Normal.3-1-Sorcerer-JinGui,20260909,Training.Normal.3-1,7,Blade,Sorcerer,JinGui,0,10,True,victory,baseline,True,1,1794,1794.0,1794,1794.0,,0,0,0,11733,11733,0,2,4,0,2,0,381,0,,D:\UE5 demo\GameXXK\Saved\Balance\20260907-final-matrix\Training.Normal.3-1-Sorcerer-JinGui\seed-20260909.json,0,0,0
Training.Normal.3-1-Sorcerer-JinGui,20260910,Training.Normal.3-1,7,Blade,Sorcerer,JinGui,0,10,True,victory,baseline,True,1,1794,1794.0,1794,1794.0,,0,0,0,11733,11733,0,2,8,0,3,0,1021,0,,D:\UE5 demo\GameXXK\Saved\Balance\20260907-final-matrix\Training.Normal.3-1-Sorcerer-JinGui\seed-20260910.json,0,0,0
Training.Normal.3-1-Sorcerer-QiongMeiEr,20260906,Training.Normal.3-1,7,Blade,Sorcerer,QiongMeiEr,3,10,True,victory,baseline,True,1,1794,1794.0,1794,1794.0,,0,0,0,12192,12192,0,1,5,0,2,0,336,0,,D:\UE5 demo\GameXXK\Saved\Balance\20260907-final-matrix\Training.Normal.3-1-Sorcerer-QiongMeiEr\seed-20260906.json,0,0,0
Training.Normal.3-1-Sorcerer-QiongMeiEr,20260907,Training.Normal.3-1,7,Blade,Sorcerer,QiongMeiEr,3,10,True,victory,baseline,True,1,1794,1794.0,1794,1794.0,,0,0,0,12192,12192,0,2,7,0,2,0,823,0,,D:\UE5 demo\GameXXK\Saved\Balance\20260907-final-matrix\Training.Normal.3-1-Sorcerer-QiongMeiEr\seed-20260907.json,0,0,0
Training.Normal.3-1-Sorcerer-QiongMeiEr,20260908,Training.Normal.3-1,7,Blade,Sorcerer,QiongMeiEr,3,10,True,victory,baseline,True,1,1794,1794.0,1794,1794.0,,0,0,0,12192,12192,0,2,4,0,2,0,381,0,,D:\UE5 demo\GameXXK\Saved\Balance\20260907-final-matrix\Training.Normal.3-1-Sorcerer-QiongMeiEr\seed-20260908.json,0,0,0
Training.Normal.3-1-Sorcerer-QiongMeiEr,20260909,Training.Normal.3-1,7,Blade,Sorcerer,QiongMeiEr,3,10,True,victory,baseline,True,1,1794,1794.0,1794,1794.0,,0,0,0,12192,12192,0,2,4,0,2,0,381,0,,D:\UE5 demo\GameXXK\Saved\Balance\20260907-final-matrix\Training.Normal.3-1-Sorcerer-QiongMeiEr\seed-20260909.json,0,0,0
Training.Normal.3-1-Sorcerer-QiongMeiEr,20260910,Training.Normal.3-1,7,Blade,Sorcerer,QiongMeiEr,3,10,True,victory,baseline,True,1,1794,1794.0,1794,1794.0,,0,0,60,12192,12192,0,4,10,0,5,0,2090,0,,D:\UE5 demo\GameXXK\Saved\Balance\20260907-final-matrix\Training.Normal.3-1-Sorcerer-QiongMeiEr\seed-20260910.json,0,0,0
Training.Normal.3-1-FormationMaster-TusiChief,20260906,Training.Normal.3-1,7,Blade,FormationMaster,TusiChief,3,10,True,victory,baseline,True,2,1794,897.0,912,897.0,,10,0,2941,12651,12661,0,5,9,0,5,0,2356,300,,D:\UE5 demo\GameXXK\Saved\Balance\20260907-final-matrix\Training.Normal.3-1-FormationMaster-TusiChief\seed-20260906.json,1,1,1
Training.Normal.3-1-FormationMaster-TusiChief,20260907,Training.Normal.3-1,7,Blade,FormationMaster,TusiChief,3,10,True,victory,baseline,True,1,1794,1794.0,1794,1794.0,,0,0,592,12661,12661,0,2,9,0,2,0,4590,0,,D:\UE5 demo\GameXXK\Saved\Balance\20260907-final-matrix\Training.Normal.3-1-FormationMaster-TusiChief\seed-20260907.json,0,0,0
Training.Normal.3-1-FormationMaster-TusiChief,20260908,Training.Normal.3-1,7,Blade,FormationMaster,TusiChief,3,10,True,victory,baseline,True,2,1794,897.0,1414,897.0,,0,0,2023,12661,12661,0,4,9,0,6,0,3430,0,,D:\UE5 demo\GameXXK\Saved\Balance\20260907-final-matrix\Training.Normal.3-1-FormationMaster-TusiChief\seed-20260908.json,0,0,0
Training.Normal.3-1-FormationMaster-TusiChief,20260909,Training.Normal.3-1,7,Blade,FormationMaster,TusiChief,3,10,True,victory,baseline,True,2,1794,897.0,1414,897.0,,0,0,1492,12661,12661,0,4,12,0,6,0,4309,0,,D:\UE5 demo\GameXXK\Saved\Balance\20260907-final-matrix\Training.Normal.3-1-FormationMaster-TusiChief\seed-20260909.json,0,0,0
Training.Normal.3-1-FormationMaster-TusiChief,20260910,Training.Normal.3-1,7,Blade,FormationMaster,TusiChief,3,10,True,victory,baseline,True,2,1794,897.0,1414,897.0,,0,0,1669,12661,12661,0,4,6,0,5,0,3377,0,,D:\UE5 demo\GameXXK\Saved\Balance\20260907-final-matrix\Training.Normal.3-1-FormationMaster-TusiChief\seed-20260910.json,0,0,0
Training.Normal.3-1-FormationMaster-SongJinBao,20260906,Training.Normal.3-1,7,Blade,FormationMaster,SongJinBao,3,10,True,victory,baseline,True,1,1794,1794.0,1794,1794.0,,0,0,2043,12484,12484,0,5,6,0,7,1,2122,300,,D:\UE5 demo\GameXXK\Saved\Balance\20260907-final-matrix\Training.Normal.3-1-FormationMaster-SongJinBao\seed-20260906.json,0,0,0
Training.Normal.3-1-FormationMaster-SongJinBao,20260907,Training.Normal.3-1,7,Blade,FormationMaster,SongJinBao,3,10,True,victory,baseline,True,1,1794,1794.0,1794,1794.0,,0,0,0,12484,12484,0,1,6,0,3,0,2119,0,,D:\UE5 demo\GameXXK\Saved\Balance\20260907-final-matrix\Training.Normal.3-1-FormationMaster-SongJinBao\seed-20260907.json,0,0,0
Training.Normal.3-1-FormationMaster-SongJinBao,20260908,Training.Normal.3-1,7,Blade,FormationMaster,SongJinBao,3,10,True,victory,baseline,True,1,1794,1794.0,1794,1794.0,,0,0,450,12484,12484,0,3,9,0,5,0,2979,0,,D:\UE5 demo\GameXXK\Saved\Balance\20260907-final-matrix\Training.Normal.3-1-FormationMaster-SongJinBao\seed-20260908.json,0,0,0
Training.Normal.3-1-FormationMaster-SongJinBao,20260909,Training.Normal.3-1,7,Blade,FormationMaster,SongJinBao,3,10,True,victory,baseline,True,1,1794,1794.0,1794,1794.0,,0,0,1368,12484,12484,0,5,9,0,7,0,2688,300,,D:\UE5 demo\GameXXK\Saved\Balance\20260907-final-matrix\Training.Normal.3-1-FormationMaster-SongJinBao\seed-20260909.json,0,0,0
Training.Normal.3-1-FormationMaster-SongJinBao,20260910,Training.Normal.3-1,7,Blade,FormationMaster,SongJinBao,3,10,True,victory,baseline,True,1,1794,1794.0,1794,1794.0,,0,0,675,12484,12484,0,3,3,0,5,1,1796,0,,D:\UE5 demo\GameXXK\Saved\Balance\20260907-final-matrix\Training.Normal.3-1-FormationMaster-SongJinBao\seed-20260910.json,0,0,0
Training.Normal.3-1-FormationMaster-YueBai,20260906,Training.Normal.3-1,7,Blade,FormationMaster,YueBai,3,10,True,victory,baseline,True,1,1794,1794.0,1794,1794.0,,0,0,3834,11906,11906,0,1,9,0,4,4,47224,300,,D:\UE5 demo\GameXXK\Saved\Balance\20260907-final-matrix\Training.Normal.3-1-FormationMaster-YueBai\seed-20260906.json,0,0,0
Training.Normal.3-1-FormationMaster-YueBai,20260907,Training.Normal.3-1,7,Blade,FormationMaster,YueBai,3,10,True,victory,baseline,True,1,1794,1794.0,1794,1794.0,,0,0,0,11906,11906,0,2,9,0,3,0,2977,0,,D:\UE5 demo\GameXXK\Saved\Balance\20260907-final-matrix\Training.Normal.3-1-FormationMaster-YueBai\seed-20260907.json,0,0,0
Training.Normal.3-1-FormationMaster-YueBai,20260908,Training.Normal.3-1,7,Blade,FormationMaster,YueBai,3,10,True,victory,baseline,True,2,1794,897.0,912,897.0,,50,10,7839,11866,11906,0,6,18,0,14,4,1349,365,,D:\UE5 demo\GameXXK\Saved\Balance\20260907-final-matrix\Training.Normal.3-1-FormationMaster-YueBai\seed-20260908.json,3,3,3
Training.Normal.3-1-FormationMaster-YueBai,20260909,Training.Normal.3-1,7,Blade,FormationMaster,YueBai,3,10,True,victory,baseline,True,2,1794,897.0,1414,897.0,,0,0,1350,11906,11906,0,4,9,0,6,0,2980,0,,D:\UE5 demo\GameXXK\Saved\Balance\20260907-final-matrix\Training.Normal.3-1-FormationMaster-YueBai\seed-20260909.json,0,0,0
Training.Normal.3-1-FormationMaster-YueBai,20260910,Training.Normal.3-1,7,Blade,FormationMaster,YueBai,3,10,True,victory,baseline,True,1,1794,1794.0,1794,1794.0,,0,0,2916,11906,11906,0,1,12,0,4,4,26629,0,,D:\UE5 demo\GameXXK\Saved\Balance\20260907-final-matrix\Training.Normal.3-1-FormationMaster-YueBai\seed-20260910.json,0,0,0
Training.Normal.3-1-FormationMaster-ZhouGuangZu,20260906,Training.Normal.3-1,7,Blade,FormationMaster,ZhouGuangZu,3,10,True,victory,baseline,True,3,1794,598.0,165,598.0,,66,26,4704,11461,11501,0,8,27,0,13,0,2444,595,,D:\UE5 demo\GameXXK\Saved\Balance\20260907-final-matrix\Training.Normal.3-1-FormationMaster-ZhouGuangZu\seed-20260906.json,2,2,2
Training.Normal.3-1-FormationMaster-ZhouGuangZu,20260907,Training.Normal.3-1,7,Blade,FormationMaster,ZhouGuangZu,3,10,True,victory,baseline,True,1,1794,1794.0,1794,1794.0,,0,0,0,11501,11501,0,2,9,0,3,0,2977,0,,D:\UE5 demo\GameXXK\Saved\Balance\20260907-final-matrix\Training.Normal.3-1-FormationMaster-ZhouGuangZu\seed-20260907.json,0,0,0
Training.Normal.3-1-FormationMaster-ZhouGuangZu,20260908,Training.Normal.3-1,7,Blade,FormationMaster,ZhouGuangZu,3,10,True,victory,baseline,True,2,1794,897.0,1077,897.0,,36,6,3591,11471,11501,0,6,15,0,10,0,3324,615,,D:\UE5 demo\GameXXK\Saved\Balance\20260907-final-matrix\Training.Normal.3-1-FormationMaster-ZhouGuangZu\seed-20260908.json,3,3,3
Training.Normal.3-1-FormationMaster-ZhouGuangZu,20260909,Training.Normal.3-1,7,Blade,FormationMaster,ZhouGuangZu,3,10,True,victory,baseline,True,2,1794,897.0,1414,897.0,,0,0,1350,11501,11501,0,4,9,0,6,0,2980,0,,D:\UE5 demo\GameXXK\Saved\Balance\20260907-final-matrix\Training.Normal.3-1-FormationMaster-ZhouGuangZu\seed-20260909.json,0,0,0
Training.Normal.3-1-FormationMaster-ZhouGuangZu,20260910,Training.Normal.3-1,7,Blade,FormationMaster,ZhouGuangZu,3,10,True,victory,baseline,True,2,1794,897.0,1414,897.0,,3,3,1785,11501,11501,0,4,18,0,9,0,3360,312,,D:\UE5 demo\GameXXK\Saved\Balance\20260907-final-matrix\Training.Normal.3-1-FormationMaster-ZhouGuangZu\seed-20260910.json,0,0,0
Training.Normal.3-1-FormationMaster-JinGui,20260906,Training.Normal.3-1,7,Blade,FormationMaster,JinGui,0,10,True,victory,baseline,True,2,1794,897.0,912,897.0,,20,0,2734,11715,11735,0,5,12,0,7,0,2513,300,,D:\UE5 demo\GameXXK\Saved\Balance\20260907-final-matrix\Training.Normal.3-1-FormationMaster-JinGui\seed-20260906.json,2,2,2
Training.Normal.3-1-FormationMaster-JinGui,20260907,Training.Normal.3-1,7,Blade,FormationMaster,JinGui,0,10,True,victory,baseline,True,1,1794,1794.0,1794,1794.0,,0,0,0,11735,11735,0,2,12,0,3,0,2650,0,,D:\UE5 demo\GameXXK\Saved\Balance\20260907-final-matrix\Training.Normal.3-1-FormationMaster-JinGui\seed-20260907.json,0,0,0
Training.Normal.3-1-FormationMaster-JinGui,20260908,Training.Normal.3-1,7,Blade,FormationMaster,JinGui,0,10,True,victory,baseline,True,2,1794,897.0,912,897.0,,30,0,1816,11705,11735,0,4,9,0,7,0,1045,0,,D:\UE5 demo\GameXXK\Saved\Balance\20260907-final-matrix\Training.Normal.3-1-FormationMaster-JinGui\seed-20260908.json,3,3,3
Training.Normal.3-1-FormationMaster-JinGui,20260909,Training.Normal.3-1,7,Blade,FormationMaster,JinGui,0,10,True,victory,baseline,True,2,1794,897.0,1414,897.0,,0,0,1350,11735,11735,0,4,12,0,6,0,2296,0,,D:\UE5 demo\GameXXK\Saved\Balance\20260907-final-matrix\Training.Normal.3-1-FormationMaster-JinGui\seed-20260909.json,0,0,0
Training.Normal.3-1-FormationMaster-JinGui,20260910,Training.Normal.3-1,7,Blade,FormationMaster,JinGui,0,10,True,victory,baseline,True,1,1794,1794.0,1794,1794.0,,0,0,0,11735,11735,0,2,6,0,3,0,1624,0,,D:\UE5 demo\GameXXK\Saved\Balance\20260907-final-matrix\Training.Normal.3-1-FormationMaster-JinGui\seed-20260910.json,0,0,0
Training.Normal.3-1-FormationMaster-QiongMeiEr,20260906,Training.Normal.3-1,7,Blade,FormationMaster,QiongMeiEr,3,10,True,victory,baseline,True,1,1794,1794.0,1794,1794.0,,0,0,1593,12194,12194,0,5,6,0,7,0,2090,300,,D:\UE5 demo\GameXXK\Saved\Balance\20260907-final-matrix\Training.Normal.3-1-FormationMaster-QiongMeiEr\seed-20260906.json,0,0,0
Training.Normal.3-1-FormationMaster-QiongMeiEr,20260907,Training.Normal.3-1,7,Blade,FormationMaster,QiongMeiEr,3,10,True,victory,baseline,True,1,1794,1794.0,1794,1794.0,,0,0,0,12194,12194,0,2,9,0,3,0,2362,0,,D:\UE5 demo\GameXXK\Saved\Balance\20260907-final-matrix\Training.Normal.3-1-FormationMaster-QiongMeiEr\seed-20260907.json,0,0,0
Training.Normal.3-1-FormationMaster-QiongMeiEr,20260908,Training.Normal.3-1,7,Blade,FormationMaster,QiongMeiEr,3,10,True,victory,baseline,True,1,1794,1794.0,1794,1794.0,,0,0,450,12194,12194,0,4,12,0,6,0,2456,0,,D:\UE5 demo\GameXXK\Saved\Balance\20260907-final-matrix\Training.Normal.3-1-FormationMaster-QiongMeiEr\seed-20260908.json,0,0,0
Training.Normal.3-1-FormationMaster-QiongMeiEr,20260909,Training.Normal.3-1,7,Blade,FormationMaster,QiongMeiEr,3,10,True,victory,baseline,True,1,1794,1794.0,1794,1794.0,,0,0,1368,12194,12194,0,5,12,0,7,0,2410,300,,D:\UE5 demo\GameXXK\Saved\Balance\20260907-final-matrix\Training.Normal.3-1-FormationMaster-QiongMeiEr\seed-20260909.json,0,0,0
Training.Normal.3-1-FormationMaster-QiongMeiEr,20260910,Training.Normal.3-1,7,Blade,FormationMaster,QiongMeiEr,3,10,True,victory,baseline,True,1,1794,1794.0,1794,1794.0,,0,0,225,12194,12194,0,3,6,0,5,0,2090,0,,D:\UE5 demo\GameXXK\Saved\Balance\20260907-final-matrix\Training.Normal.3-1-FormationMaster-QiongMeiEr\seed-20260910.json,0,0,0
Training.Hard.3-1-Blade-TusiChief,20260906,Training.Hard.3-1,7,Blade,Blade,TusiChief,3,10,True,victory,baseline,True,2,5540,2770.0,4443,2770.0,,0,0,673,12612,12612,0,6,14,0,3,0,1629,0,,D:\UE5 demo\GameXXK\Saved\Balance\20260907-final-matrix\Training.Hard.3-1-Blade-TusiChief\seed-20260906.json,0,0,0
Training.Hard.3-1-Blade-TusiChief,20260907,Training.Hard.3-1,7,Blade,Blade,TusiChief,3,10,True,victory,baseline,True,2,5540,2770.0,5272,2770.0,,0,0,142,12612,12612,0,4,8,0,5,0,2739,0,,D:\UE5 demo\GameXXK\Saved\Balance\20260907-final-matrix\Training.Hard.3-1-Blade-TusiChief\seed-20260907.json,0,0,0
Training.Hard.3-1-Blade-TusiChief,20260908,Training.Hard.3-1,7,Blade,Blade,TusiChief,3,10,True,victory,baseline,True,6,5540,923.3333333333334,2368,1051.0,795.6666666666666,0,0,2173,12612,12612,0,12,14,5,14,2,3055,75,,D:\UE5 demo\GameXXK\Saved\Balance\20260907-final-matrix\Training.Hard.3-1-Blade-TusiChief\seed-20260908.json,0,0,0
Training.Hard.3-1-Blade-TusiChief,20260909,Training.Hard.3-1,7,Blade,Blade,TusiChief,3,10,True,victory,baseline,True,4,5540,1385.0,2367,1050.6666666666667,2388.0,0,0,1278,12612,12612,0,10,17,2,12,1,4136,75,,D:\UE5 demo\GameXXK\Saved\Balance\20260907-final-matrix\Training.Hard.3-1-Blade-TusiChief\seed-20260909.json,0,0,0
Training.Hard.3-1-Blade-TusiChief,20260910,Training.Hard.3-1,7,Blade,Blade,TusiChief,3,10,True,victory,baseline,True,4,5540,1385.0,1818,1215.0,1895.0,0,0,1525,12612,12612,0,10,14,1,11,1,1681,0,,D:\UE5 demo\GameXXK\Saved\Balance\20260907-final-matrix\Training.Hard.3-1-Blade-TusiChief\seed-20260910.json,0,0,0
Training.Hard.3-1-Blade-SongJinBao,20260906,Training.Hard.3-1,7,Blade,Blade,SongJinBao,3,10,True,victory,baseline,True,1,5540,5540.0,5540,5540.0,,0,0,0,12435,12435,0,7,15,0,10,8,1293,0,,D:\UE5 demo\GameXXK\Saved\Balance\20260907-final-matrix\Training.Hard.3-1-Blade-SongJinBao\seed-20260906.json,0,0,0
Training.Hard.3-1-Blade-SongJinBao,20260907,Training.Hard.3-1,7,Blade,Blade,SongJinBao,3,10,True,victory,baseline,True,4,5540,1385.0,3152,1050.6666666666667,2388.0,0,0,0,12435,12435,0,14,10,3,20,0,2176,0,,D:\UE5 demo\GameXXK\Saved\Balance\20260907-final-matrix\Training.Hard.3-1-Blade-SongJinBao\seed-20260907.json,0,0,0
Training.Hard.3-1-Blade-SongJinBao,20260908,Training.Hard.3-1,7,Blade,Blade,SongJinBao,3,10,True,victory,baseline,True,1,5540,5540.0,5540,5540.0,,0,0,0,12435,12435,0,4,11,0,5,4,1114,0,,D:\UE5 demo\GameXXK\Saved\Balance\20260907-final-matrix\Training.Hard.3-1-Blade-SongJinBao\seed-20260908.json,0,0,0
Training.Hard.3-1-Blade-SongJinBao,20260909,Training.Hard.3-1,7,Blade,Blade,SongJinBao,3,10,True,stalemate,baseline,True,7,3665,523.5714285714286,3665,1221.6666666666667,0.0,0,0,0,12435,12435,0,13,10,11,17,0,240,75,,D:\UE5 demo\GameXXK\Saved\Balance\20260907-final-matrix\Training.Hard.3-1-Blade-SongJinBao\seed-20260909.json,0,0,0
Training.Hard.3-1-Blade-SongJinBao,20260910,Training.Hard.3-1,7,Blade,Blade,SongJinBao,3,10,True,victory,baseline,True,4,5540,1385.0,3152,1050.6666666666667,2388.0,0,0,0,12435,12435,0,12,12,3,14,2,3393,0,,D:\UE5 demo\GameXXK\Saved\Balance\20260907-final-matrix\Training.Hard.3-1-Blade-SongJinBao\seed-20260910.json,0,0,0
Training.Hard.3-1-Blade-YueBai,20260906,Training.Hard.3-1,7,Blade,Blade,YueBai,3,10,True,victory,baseline,True,2,5540,2770.0,3683,2770.0,,0,0,3402,11857,11857,0,5,19,0,8,4,16835,0,,D:\UE5 demo\GameXXK\Saved\Balance\20260907-final-matrix\Training.Hard.3-1-Blade-YueBai\seed-20260906.json,0,0,0
Training.Hard.3-1-Blade-YueBai,20260907,Training.Hard.3-1,7,Blade,Blade,YueBai,3,10,True,victory,baseline,True,4,5540,1385.0,3152,1050.6666666666667,2388.0,0,0,6804,11857,11857,0,7,31,3,17,4,9323,0,,D:\UE5 demo\GameXXK\Saved\Balance\20260907-final-matrix\Training.Hard.3-1-Blade-YueBai\seed-20260907.json,0,0,0
Training.Hard.3-1-Blade-YueBai,20260908,Training.Hard.3-1,7,Blade,Blade,YueBai,3,10,True,victory,baseline,True,5,5540,1108.0,2457,1050.6666666666667,1194.0,0,0,12636,11857,11857,0,10,37,3,23,8,8398,75,,D:\UE5 demo\GameXXK\Saved\Balance\20260907-final-matrix\Training.Hard.3-1-Blade-YueBai\seed-20260908.json,0,0,0
Training.Hard.3-1-Blade-YueBai,20260909,Training.Hard.3-1,7,Blade,Blade,YueBai,3,10,True,victory,baseline,True,6,5540,923.3333333333334,2367,1050.6666666666667,796.0,0,0,7290,11857,11857,0,11,39,6,19,1,1917,150,,D:\UE5 demo\GameXXK\Saved\Balance\20260907-final-matrix\Training.Hard.3-1-Blade-YueBai\seed-20260909.json,2,2,2
Training.Hard.3-1-Blade-YueBai,20260910,Training.Hard.3-1,7,Blade,Blade,YueBai,3,10,True,victory,baseline,True,2,5540,2770.0,3683,2770.0,,0,0,3402,11857,11857,0,6,18,0,8,4,17279,0,,D:\UE5 demo\GameXXK\Saved\Balance\20260907-final-matrix\Training.Hard.3-1-Blade-YueBai\seed-20260910.json,0,0,0
Training.Hard.3-1-Blade-ZhouGuangZu,20260906,Training.Hard.3-1,7,Blade,Blade,ZhouGuangZu,3,10,True,victory,baseline,True,3,5540,1846.6666666666667,2971,1846.6666666666667,,9,9,2205,11452,11452,0,10,22,0,13,1,1030,318,,D:\UE5 demo\GameXXK\Saved\Balance\20260907-final-matrix\Training.Hard.3-1-Blade-ZhouGuangZu\seed-20260906.json,0,0,0
Training.Hard.3-1-Blade-ZhouGuangZu,20260907,Training.Hard.3-1,7,Blade,Blade,ZhouGuangZu,3,10,True,victory,baseline,True,4,5540,1385.0,3085,1227.6666666666667,1857.0,238,160,2646,11374,11452,0,10,32,2,17,1,1168,1187,,D:\UE5 demo\GameXXK\Saved\Balance\20260907-final-matrix\Training.Hard.3-1-Blade-ZhouGuangZu\seed-20260907.json,3,3,3
Training.Hard.3-1-Blade-ZhouGuangZu,20260908,Training.Hard.3-1,7,Blade,Blade,ZhouGuangZu,3,10,True,victory,baseline,True,4,5540,1385.0,3152,1115.6666666666667,2193.0,15,15,3087,11452,11452,0,13,31,1,17,1,2691,633,,D:\UE5 demo\GameXXK\Saved\Balance\20260907-final-matrix\Training.Hard.3-1-Blade-ZhouGuangZu\seed-20260908.json,0,0,0
Training.Hard.3-1-Blade-ZhouGuangZu,20260909,Training.Hard.3-1,7,Blade,Blade,ZhouGuangZu,3,10,True,victory,baseline,True,4,5534,1383.5,3152,1225.6666666666667,1857.0,15,15,1764,11452,11452,0,10,30,3,12,0,730,633,,D:\UE5 demo\GameXXK\Saved\Balance\20260907-final-matrix\Training.Hard.3-1-Blade-ZhouGuangZu\seed-20260909.json,0,0,0
Training.Hard.3-1-Blade-ZhouGuangZu,20260910,Training.Hard.3-1,7,Blade,Blade,ZhouGuangZu,3,10,True,victory,baseline,True,4,5540,1385.0,2305,1227.6666666666667,1857.0,232,154,1764,11374,11452,0,12,25,1,17,0,980,563,,D:\UE5 demo\GameXXK\Saved\Balance\20260907-final-matrix\Training.Hard.3-1-Blade-ZhouGuangZu\seed-20260910.json,3,3,3
Training.Hard.3-1-Blade-JinGui,20260906,Training.Hard.3-1,7,Blade,Blade,JinGui,0,10,True,victory,baseline,True,4,5540,1385.0,1042,1050.6666666666667,2388.0,0,0,466,11686,11686,0,10,13,2,11,1,2587,75,,D:\UE5 demo\GameXXK\Saved\Balance\20260907-final-matrix\Training.Hard.3-1-Blade-JinGui\seed-20260906.json,0,0,0
Training.Hard.3-1-Blade-JinGui,20260907,Training.Hard.3-1,7,Blade,Blade,JinGui,0,10,True,victory,baseline,True,6,5540,923.3333333333334,3152,1050.6666666666667,796.0,1,0,2100,11685,11686,0,12,14,6,18,0,3365,0,,D:\UE5 demo\GameXXK\Saved\Balance\20260907-final-matrix\Training.Hard.3-1-Blade-JinGui\seed-20260907.json,1,1,0
Training.Hard.3-1-Blade-JinGui,20260908,Training.Hard.3-1,7,Blade,Blade,JinGui,0,10,True,victory,baseline,True,7,5540,791.4285714285714,2367,1050.6666666666667,597.0,2,0,1168,11684,11686,0,13,16,8,14,2,2415,75,,D:\UE5 demo\GameXXK\Saved\Balance\20260907-final-matrix\Training.Hard.3-1-Blade-JinGui\seed-20260908.json,2,2,0
Training.Hard.3-1-Blade-JinGui,20260909,Training.Hard.3-1,7,Blade,Blade,JinGui,0,10,True,victory,baseline,True,6,5540,923.3333333333334,2367,1050.6666666666667,796.0,2,0,2566,11684,11686,0,12,19,7,16,0,2435,75,,D:\UE5 demo\GameXXK\Saved\Balance\20260907-final-matrix\Training.Hard.3-1-Blade-JinGui\seed-20260909.json,2,2,0
Training.Hard.3-1-Blade-JinGui,20260910,Training.Hard.3-1,7,Blade,Blade,JinGui,0,10,True,victory,baseline,True,2,5540,2770.0,3286,2770.0,,0,0,0,11686,11686,0,6,15,0,5,1,1148,15,,D:\UE5 demo\GameXXK\Saved\Balance\20260907-final-matrix\Training.Hard.3-1-Blade-JinGui\seed-20260910.json,0,0,0
Training.Hard.3-1-Blade-QiongMeiEr,20260906,Training.Hard.3-1,7,Blade,Blade,QiongMeiEr,3,10,True,victory,baseline,True,2,5540,2770.0,2739,2770.0,,0,0,0,12145,12145,0,6,15,0,5,1,849,0,,D:\UE5 demo\GameXXK\Saved\Balance\20260907-final-matrix\Training.Hard.3-1-Blade-QiongMeiEr\seed-20260906.json,0,0,0
Training.Hard.3-1-Blade-QiongMeiEr,20260907,Training.Hard.3-1,7,Blade,Blade,QiongMeiEr,3,10,True,victory,baseline,True,3,5540,1846.6666666666667,3152,1846.6666666666667,,0,0,0,12145,12145,0,11,13,2,16,1,3529,0,,D:\UE5 demo\GameXXK\Saved\Balance\20260907-final-matrix\Training.Hard.3-1-Blade-QiongMeiEr\seed-20260907.json,0,0,0
Training.Hard.3-1-Blade-QiongMeiEr,20260908,Training.Hard.3-1,7,Blade,Blade,QiongMeiEr,3,10,True,victory,baseline,True,5,5540,1108.0,3292,1200.6666666666667,969.0,0,0,0,12145,12145,0,13,13,6,17,0,1421,75,,D:\UE5 demo\GameXXK\Saved\Balance\20260907-final-matrix\Training.Hard.3-1-Blade-QiongMeiEr\seed-20260908.json,0,0,0
Training.Hard.3-1-Blade-QiongMeiEr,20260909,Training.Hard.3-1,7,Blade,Blade,QiongMeiEr,3,10,True,victory,baseline,True,6,5540,923.3333333333334,3152,1117.3333333333333,729.3333333333334,1,0,0,12144,12145,0,17,13,6,22,0,328,150,,D:\UE5 demo\GameXXK\Saved\Balance\20260907-final-matrix\Training.Hard.3-1-Blade-QiongMeiEr\seed-20260909.json,1,1,0
Training.Hard.3-1-Blade-QiongMeiEr,20260910,Training.Hard.3-1,7,Blade,Blade,QiongMeiEr,3,10,True,victory,baseline,True,4,5540,1385.0,3168,1220.6666666666667,1878.0,80,80,0,12145,12145,0,15,15,1,17,2,3289,70,,D:\UE5 demo\GameXXK\Saved\Balance\20260907-final-matrix\Training.Hard.3-1-Blade-QiongMeiEr\seed-20260910.json,2,2,2
Training.Hard.3-1-Guard-TusiChief,20260906,Training.Hard.3-1,7,Blade,Guard,TusiChief,3,10,True,limit,baseline,False,60,3645,60.75,1818,1215.0,0.0,632,626,132637,12659,12665,0,161,129,19,137,7,216,124,Simulation reached MaxRounds before a terminal result.,D:\UE5 demo\GameXXK\Saved\Balance\20260907-final-matrix\Training.Hard.3-1-Guard-TusiChief\seed-20260906.json,17,17,5
Training.Hard.3-1-Guard-TusiChief,20260907,Training.Hard.3-1,7,Blade,Guard,TusiChief,3,10,True,victory,baseline,True,3,5540,1846.6666666666667,4523,1846.6666666666667,,1,0,7288,12664,12665,0,9,15,0,12,0,2537,0,,D:\UE5 demo\GameXXK\Saved\Balance\20260907-final-matrix\Training.Hard.3-1-Guard-TusiChief\seed-20260907.json,3,3,2
Training.Hard.3-1-Guard-TusiChief,20260908,Training.Hard.3-1,7,Blade,Guard,TusiChief,3,10,True,stalemate,baseline,True,8,3153,394.125,2368,1051.0,0.0,0,0,12290,12665,12665,0,20,29,1,18,0,1272,75,,D:\UE5 demo\GameXXK\Saved\Balance\20260907-final-matrix\Training.Hard.3-1-Guard-TusiChief\seed-20260908.json,0,0,0
Training.Hard.3-1-Guard-TusiChief,20260909,Training.Hard.3-1,7,Blade,Guard,TusiChief,3,10,True,limit,baseline,False,60,3152,52.53333333333333,1325,1050.6666666666667,0.0,1034,1028,141913,12659,12665,0,171,116,9,153,4,847,97,Simulation reached MaxRounds before a terminal result.,D:\UE5 demo\GameXXK\Saved\Balance\20260907-final-matrix\Training.Hard.3-1-Guard-TusiChief\seed-20260909.json,18,18,4
Training.Hard.3-1-Guard-TusiChief,20260910,Training.Hard.3-1,7,Blade,Guard,TusiChief,3,10,True,stalemate,baseline,True,36,3645,101.25,1818,1215.0,0.0,6,5,75492,12664,12665,0,95,79,10,80,4,216,145,,D:\UE5 demo\GameXXK\Saved\Balance\20260907-final-matrix\Training.Hard.3-1-Guard-TusiChief\seed-20260910.json,6,6,0
Training.Hard.3-1-Guard-SongJinBao,20260906,Training.Hard.3-1,7,Blade,Guard,SongJinBao,3,10,True,stalemate,baseline,True,21,3155,150.23809523809524,785,1051.6666666666667,0.0,461,461,64921,12488,12488,0,86,56,4,84,2,1207,139,,D:\UE5 demo\GameXXK\Saved\Balance\20260907-final-matrix\Training.Hard.3-1-Guard-SongJinBao\seed-20260906.json,7,7,6
Training.Hard.3-1-Guard-SongJinBao,20260907,Training.Hard.3-1,7,Blade,Guard,SongJinBao,3,10,True,stalemate,baseline,True,31,3665,118.2258064516129,2623,1221.6666666666667,0.0,346,345,96393,12487,12488,0,117,99,12,113,3,398,255,,D:\UE5 demo\GameXXK\Saved\Balance\20260907-final-matrix\Training.Hard.3-1-Guard-SongJinBao\seed-20260907.json,15,15,9
Training.Hard.3-1-Guard-SongJinBao,20260908,Training.Hard.3-1,7,Blade,Guard,SongJinBao,3,10,True,victory,baseline,True,2,5540,2770.0,3683,2770.0,,0,0,2453,12488,12488,0,7,6,0,11,5,1188,0,,D:\UE5 demo\GameXXK\Saved\Balance\20260907-final-matrix\Training.Hard.3-1-Guard-SongJinBao\seed-20260908.json,0,0,0
Training.Hard.3-1-Guard-SongJinBao,20260909,Training.Hard.3-1,7,Blade,Guard,SongJinBao,3,10,True,victory,baseline,True,5,5540,1108.0,1325,1050.6666666666667,1194.0,220,155,16957,12423,12488,0,22,25,2,29,4,1011,70,,D:\UE5 demo\GameXXK\Saved\Balance\20260907-final-matrix\Training.Hard.3-1-Guard-SongJinBao\seed-20260909.json,3,3,3
Training.Hard.3-1-Guard-SongJinBao,20260910,Training.Hard.3-1,7,Blade,Guard,SongJinBao,3,10,True,victory,baseline,True,6,5540,923.3333333333334,2113,1051.6666666666667,795.0,540,75,18734,12023,12488,0,26,35,0,28,9,1351,0,,D:\UE5 demo\GameXXK\Saved\Balance\20260907-final-matrix\Training.Hard.3-1-Guard-SongJinBao\seed-20260910.json,4,4,4
Training.Hard.3-1-Guard-YueBai,20260906,Training.Hard.3-1,7,Blade,Guard,YueBai,3,10,True,victory,baseline,True,2,5540,2770.0,3683,2770.0,,0,0,8546,11910,11910,0,3,28,0,9,8,32808,0,,D:\UE5 demo\GameXXK\Saved\Balance\20260907-final-matrix\Training.Hard.3-1-Guard-YueBai\seed-20260906.json,0,0,0
Training.Hard.3-1-Guard-YueBai,20260907,Training.Hard.3-1,7,Blade,Guard,YueBai,3,10,True,victory,baseline,True,3,5540,1846.6666666666667,2110,1846.6666666666667,,180,0,14650,11730,11910,0,9,31,0,16,8,21205,0,,D:\UE5 demo\GameXXK\Saved\Balance\20260907-final-matrix\Training.Hard.3-1-Guard-YueBai\seed-20260907.json,3,3,3
Training.Hard.3-1-Guard-YueBai,20260908,Training.Hard.3-1,7,Blade,Guard,YueBai,3,10,True,stalemate,baseline,True,17,3632,213.64705882352942,1355,1060.6666666666667,32.142857142857146,260,260,52668,11910,11910,0,48,89,0,54,8,386,115,,D:\UE5 demo\GameXXK\Saved\Balance\20260907-final-matrix\Training.Hard.3-1-Guard-YueBai\seed-20260908.json,9,9,9
Training.Hard.3-1-Guard-YueBai,20260909,Training.Hard.3-1,7,Blade,Guard,YueBai,3,10,True,victory,baseline,True,4,5540,1385.0,1325,1680.3333333333333,499.0,300,0,9948,11610,11910,0,10,25,0,12,4,26738,0,,D:\UE5 demo\GameXXK\Saved\Balance\20260907-final-matrix\Training.Hard.3-1-Guard-YueBai\seed-20260909.json,5,5,5
Training.Hard.3-1-Guard-YueBai,20260910,Training.Hard.3-1,7,Blade,Guard,YueBai,3,10,True,victory,baseline,True,7,5540,791.4285714285714,3683,1452.3333333333333,295.75,0,0,30759,11910,11910,0,17,72,1,25,16,25166,0,,D:\UE5 demo\GameXXK\Saved\Balance\20260907-final-matrix\Training.Hard.3-1-Guard-YueBai\seed-20260910.json,3,3,3
Training.Hard.3-1-Guard-ZhouGuangZu,20260906,Training.Hard.3-1,7,Blade,Guard,ZhouGuangZu,3,10,True,victory,baseline,True,7,5540,791.4285714285714,0,1115.6666666666667,548.25,558,450,17806,11397,11505,0,22,40,0,27,1,438,588,,D:\UE5 demo\GameXXK\Saved\Balance\20260907-final-matrix\Training.Hard.3-1-Guard-ZhouGuangZu\seed-20260906.json,6,6,6
Training.Hard.3-1-Guard-ZhouGuangZu,20260907,Training.Hard.3-1,7,Blade,Guard,ZhouGuangZu,3,10,True,victory,baseline,True,6,5534,922.3333333333334,2305,1189.0,655.6666666666666,561,441,15580,11385,11505,0,20,47,0,21,1,118,528,,D:\UE5 demo\GameXXK\Saved\Balance\20260907-final-matrix\Training.Hard.3-1-Guard-ZhouGuangZu\seed-20260907.json,4,4,4
Training.Hard.3-1-Guard-ZhouGuangZu,20260908,Training.Hard.3-1,7,Blade,Guard,ZhouGuangZu,3,10,True,victory,baseline,True,7,5540,791.4285714285714,1325,1115.6666666666667,548.25,398,278,16903,11385,11505,0,22,56,0,29,0,366,835,,D:\UE5 demo\GameXXK\Saved\Balance\20260907-final-matrix\Training.Hard.3-1-Guard-ZhouGuangZu\seed-20260908.json,6,6,6
Training.Hard.3-1-Guard-ZhouGuangZu,20260909,Training.Hard.3-1,7,Blade,Guard,ZhouGuangZu,3,10,True,victory,baseline,True,6,5639,939.8333333333334,1325,1260.6666666666667,619.0,272,268,10683,11501,11505,0,18,24,0,23,0,293,599,,D:\UE5 demo\GameXXK\Saved\Balance\20260907-final-matrix\Training.Hard.3-1-Guard-ZhouGuangZu\seed-20260909.json,7,7,7
Training.Hard.3-1-Guard-ZhouGuangZu,20260910,Training.Hard.3-1,7,Blade,Guard,ZhouGuangZu,3,10,True,victory,baseline,True,9,5639,626.5555555555555,1325,935.6666666666666,472.0,715,552,21382,11342,11505,0,26,50,0,33,0,1292,624,,D:\UE5 demo\GameXXK\Saved\Balance\20260907-final-matrix\Training.Hard.3-1-Guard-ZhouGuangZu\seed-20260910.json,9,9,6
Training.Hard.3-1-Guard-JinGui,20260906,Training.Hard.3-1,7,Blade,Guard,JinGui,0,10,True,stalemate,baseline,True,25,3152,126.08,785,1050.6666666666667,0.0,461,426,49239,11704,11739,0,67,59,6,68,1,463,24,,D:\UE5 demo\GameXXK\Saved\Balance\20260907-final-matrix\Training.Hard.3-1-Guard-JinGui\seed-20260906.json,11,11,10
Training.Hard.3-1-Guard-JinGui,20260907,Training.Hard.3-1,7,Blade,Guard,JinGui,0,10,True,stalemate,baseline,True,35,3152,90.05714285714286,3006,1050.6666666666667,0.0,1543,450,68706,10646,11739,0,95,82,9,86,3,305,0,,D:\UE5 demo\GameXXK\Saved\Balance\20260907-final-matrix\Training.Hard.3-1-Guard-JinGui\seed-20260907.json,16,16,13
Training.Hard.3-1-Guard-JinGui,20260908,Training.Hard.3-1,7,Blade,Guard,JinGui,0,10,True,stalemate,baseline,True,56,3152,56.285714285714285,1325,1050.6666666666667,0.0,825,811,124343,11725,11739,0,155,132,11,131,5,445,89,,D:\UE5 demo\GameXXK\Saved\Balance\20260907-final-matrix\Training.Hard.3-1-Guard-JinGui\seed-20260908.json,26,26,21
Training.Hard.3-1-Guard-JinGui,20260909,Training.Hard.3-1,7,Blade,Guard,JinGui,0,10,True,stalemate,baseline,True,21,3152,150.0952380952381,1325,1050.6666666666667,0.0,661,300,40672,11378,11739,0,57,62,4,49,1,597,0,,D:\UE5 demo\GameXXK\Saved\Balance\20260907-final-matrix\Training.Hard.3-1-Guard-JinGui\seed-20260909.json,11,11,10
Training.Hard.3-1-Guard-JinGui,20260910,Training.Hard.3-1,7,Blade,Guard,JinGui,0,10,True,stalemate,baseline,True,36,3286,91.27777777777777,3231,1095.3333333333333,0.0,985,675,81151,11429,11739,0,99,92,7,85,1,578,0,,D:\UE5 demo\GameXXK\Saved\Balance\20260907-final-matrix\Training.Hard.3-1-Guard-JinGui\seed-20260910.json,21,21,16
Training.Hard.3-1-Guard-QiongMeiEr,20260906,Training.Hard.3-1,7,Blade,Guard,QiongMeiEr,3,10,True,victory,baseline,True,7,5540,791.4285714285714,785,1097.3333333333333,562.0,41,40,19633,12197,12198,0,27,32,0,28,0,1610,185,,D:\UE5 demo\GameXXK\Saved\Balance\20260907-final-matrix\Training.Hard.3-1-Guard-QiongMeiEr\seed-20260906.json,4,4,3
Training.Hard.3-1-Guard-QiongMeiEr,20260907,Training.Hard.3-1,7,Blade,Guard,QiongMeiEr,3,10,True,victory,baseline,True,7,5540,791.4285714285714,2956,1117.3333333333333,547.0,161,160,18740,12197,12198,0,27,38,0,26,0,405,455,,D:\UE5 demo\GameXXK\Saved\Balance\20260907-final-matrix\Training.Hard.3-1-Guard-QiongMeiEr\seed-20260907.json,4,4,3
Training.Hard.3-1-Guard-QiongMeiEr,20260908,Training.Hard.3-1,7,Blade,Guard,QiongMeiEr,3,10,True,victory,baseline,True,6,5540,923.3333333333334,2507,1200.6666666666667,646.0,0,0,15396,12198,12198,0,23,15,1,28,0,507,150,,D:\UE5 demo\GameXXK\Saved\Balance\20260907-final-matrix\Training.Hard.3-1-Guard-QiongMeiEr\seed-20260908.json,0,0,0
Training.Hard.3-1-Guard-QiongMeiEr,20260909,Training.Hard.3-1,7,Blade,Guard,QiongMeiEr,3,10,True,victory,baseline,True,7,5540,791.4285714285714,1325,1117.3333333333333,547.0,341,180,20751,12037,12198,0,26,28,0,27,0,538,435,,D:\UE5 demo\GameXXK\Saved\Balance\20260907-final-matrix\Training.Hard.3-1-Guard-QiongMeiEr\seed-20260909.json,5,5,4
Training.Hard.3-1-Guard-QiongMeiEr,20260910,Training.Hard.3-1,7,Blade,Guard,QiongMeiEr,3,10,True,victory,baseline,True,8,5540,692.5,2110,1097.3333333333333,449.6,161,161,22754,12198,12198,0,30,48,0,30,0,333,454,,D:\UE5 demo\GameXXK\Saved\Balance\20260907-final-matrix\Training.Hard.3-1-Guard-QiongMeiEr\seed-20260910.json,4,4,3
Training.Hard.3-1-Healer-TusiChief,20260906,Training.Hard.3-1,7,Blade,Healer,TusiChief,3,10,True,victory,baseline,True,4,5532,1383.0,1818,1308.3333333333333,1607.0,231,74,1630,12245,12402,0,14,26,1,13,0,843,244,,D:\UE5 demo\GameXXK\Saved\Balance\20260907-final-matrix\Training.Hard.3-1-Healer-TusiChief\seed-20260906.json,5,5,3
Training.Hard.3-1-Healer-TusiChief,20260907,Training.Hard.3-1,7,Blade,Healer,TusiChief,3,10,True,victory,baseline,True,4,5540,1385.0,4523,1669.3333333333333,532.0,8,8,568,12402,12402,0,11,21,1,11,0,2484,4,,D:\UE5 demo\GameXXK\Saved\Balance\20260907-final-matrix\Training.Hard.3-1-Healer-TusiChief\seed-20260907.json,2,2,0
Training.Hard.3-1-Healer-TusiChief,20260908,Training.Hard.3-1,7,Blade,Healer,TusiChief,3,10,True,victory,baseline,True,5,3684,736.8,2368,1092.6666666666667,203.0,9,9,1849,12402,12402,0,16,33,1,15,1,1396,9,,D:\UE5 demo\GameXXK\Saved\Balance\20260907-final-matrix\Training.Hard.3-1-Healer-TusiChief\seed-20260908.json,0,0,0
Training.Hard.3-1-Healer-TusiChief,20260909,Training.Hard.3-1,7,Blade,Healer,TusiChief,3,10,True,victory,baseline,True,5,3684,736.8,1325,1125.6666666666667,153.5,126,103,994,12379,12402,0,14,24,1,13,0,900,59,,D:\UE5 demo\GameXXK\Saved\Balance\20260907-final-matrix\Training.Hard.3-1-Healer-TusiChief\seed-20260909.json,2,2,2
Training.Hard.3-1-Healer-TusiChief,20260910,Training.Hard.3-1,7,Blade,Healer,TusiChief,3,10,True,victory,baseline,True,2,3684,1842.0,1818,1842.0,,3,3,1525,12402,12402,0,6,21,0,6,0,348,3,,D:\UE5 demo\GameXXK\Saved\Balance\20260907-final-matrix\Training.Hard.3-1-Healer-TusiChief\seed-20260910.json,0,0,0
Training.Hard.3-1-Healer-SongJinBao,20260906,Training.Hard.3-1,7,Blade,Healer,SongJinBao,3,10,True,victory,baseline,True,1,3684,3684.0,3684,3684.0,,3,3,0,12225,12225,0,8,22,0,8,5,493,3,,D:\UE5 demo\GameXXK\Saved\Balance\20260907-final-matrix\Training.Hard.3-1-Healer-SongJinBao\seed-20260906.json,0,0,0
Training.Hard.3-1-Healer-SongJinBao,20260907,Training.Hard.3-1,7,Blade,Healer,SongJinBao,3,10,True,victory,baseline,True,1,3684,3684.0,3684,3684.0,,3,3,0,12225,12225,0,7,8,0,10,4,768,3,,D:\UE5 demo\GameXXK\Saved\Balance\20260907-final-matrix\Training.Hard.3-1-Healer-SongJinBao\seed-20260907.json,0,0,0
Training.Hard.3-1-Healer-SongJinBao,20260908,Training.Hard.3-1,7,Blade,Healer,SongJinBao,3,10,True,victory,baseline,True,2,5540,2770.0,4590,2770.0,,3,3,0,12225,12225,0,6,18,0,9,4,352,3,,D:\UE5 demo\GameXXK\Saved\Balance\20260907-final-matrix\Training.Hard.3-1-Healer-SongJinBao\seed-20260908.json,0,0,0
Training.Hard.3-1-Healer-SongJinBao,20260909,Training.Hard.3-1,7,Blade,Healer,SongJinBao,3,10,True,victory,baseline,True,6,5524,920.6666666666666,1775,1150.6666666666667,690.6666666666666,54,54,0,12225,12225,0,30,56,2,30,4,1585,615,,D:\UE5 demo\GameXXK\Saved\Balance\20260907-final-matrix\Training.Hard.3-1-Healer-SongJinBao\seed-20260909.json,3,3,1
Training.Hard.3-1-Healer-SongJinBao,20260910,Training.Hard.3-1,7,Blade,Healer,SongJinBao,3,10,True,victory,baseline,True,4,3684,921.0,3155,1221.6666666666667,19.0,9,9,0,12225,12225,0,17,29,1,18,1,269,9,,D:\UE5 demo\GameXXK\Saved\Balance\20260907-final-matrix\Training.Hard.3-1-Healer-SongJinBao\seed-20260910.json,0,0,0
Training.Hard.3-1-Healer-YueBai,20260906,Training.Hard.3-1,7,Blade,Healer,YueBai,3,10,True,victory,baseline,True,2,5540,2770.0,5008,2770.0,,3,3,6318,11647,11647,0,4,33,0,10,8,30798,3,,D:\UE5 demo\GameXXK\Saved\Balance\20260907-final-matrix\Training.Hard.3-1-Healer-YueBai\seed-20260906.json,0,0,0
Training.Hard.3-1-Healer-YueBai,20260907,Training.Hard.3-1,7,Blade,Healer,YueBai,3,10,True,victory,baseline,True,4,5540,1385.0,3683,1836.0,32.0,6,6,11664,11647,11647,0,12,56,0,20,12,17772,6,,D:\UE5 demo\GameXXK\Saved\Balance\20260907-final-matrix\Training.Hard.3-1-Healer-YueBai\seed-20260907.json,3,3,3
Training.Hard.3-1-Healer-YueBai,20260908,Training.Hard.3-1,7,Blade,Healer,YueBai,3,10,True,victory,baseline,True,3,3684,1228.0,2325,1228.0,,146,30,9720,11531,11647,0,11,45,0,16,8,194,57,,D:\UE5 demo\GameXXK\Saved\Balance\20260907-final-matrix\Training.Hard.3-1-Healer-YueBai\seed-20260908.json,3,3,3
Training.Hard.3-1-Healer-YueBai,20260909,Training.Hard.3-1,7,Blade,Healer,YueBai,3,10,True,victory,baseline,True,4,5540,1385.0,1325,1145.6666666666667,2103.0,206,10,5346,11451,11647,0,12,42,1,14,4,3996,2,,D:\UE5 demo\GameXXK\Saved\Balance\20260907-final-matrix\Training.Hard.3-1-Healer-YueBai\seed-20260909.json,2,2,2
Training.Hard.3-1-Healer-YueBai,20260910,Training.Hard.3-1,7,Blade,Healer,YueBai,3,10,True,victory,baseline,True,4,5540,1385.0,2235,1224.0,1868.0,229,33,6804,11451,11647,0,12,56,0,17,4,6600,60,,D:\UE5 demo\GameXXK\Saved\Balance\20260907-final-matrix\Training.Hard.3-1-Healer-YueBai\seed-20260910.json,3,3,3
Training.Hard.3-1-Healer-ZhouGuangZu,20260906,Training.Hard.3-1,7,Blade,Healer,ZhouGuangZu,3,10,True,victory,baseline,True,6,5534,922.3333333333334,615,1207.3333333333333,637.3333333333334,321,238,2646,11159,11242,0,19,55,0,21,1,570,560,,D:\UE5 demo\GameXXK\Saved\Balance\20260907-final-matrix\Training.Hard.3-1-Healer-ZhouGuangZu\seed-20260906.json,6,6,3
Training.Hard.3-1-Healer-ZhouGuangZu,20260907,Training.Hard.3-1,7,Blade,Healer,ZhouGuangZu,3,10,True,victory,baseline,True,5,5645,1129.0,2305,1262.6666666666667,928.5,432,312,3087,11122,11242,0,13,32,2,20,1,981,864,,D:\UE5 demo\GameXXK\Saved\Balance\20260907-final-matrix\Training.Hard.3-1-Healer-ZhouGuangZu\seed-20260907.json,4,3,31
Training.Hard.3-1-Healer-ZhouGuangZu,20260908,Training.Hard.3-1,7,Blade,Healer,ZhouGuangZu,3,10,True,victory,baseline,True,4,3789,947.25,1520,1224.0,117.0,312,195,1323,11125,11242,0,11,35,1,14,0,129,447,,D:\UE5 demo\GameXXK\Saved\Balance\20260907-final-matrix\Training.Hard.3-1-Healer-ZhouGuangZu\seed-20260908.json,3,3,3
Training.Hard.3-1-Healer-ZhouGuangZu,20260909,Training.Hard.3-1,7,Blade,Healer,ZhouGuangZu,3,10,True,victory,baseline,True,4,3789,947.25,1325,1229.0,102.0,215,137,1323,11164,11242,0,13,27,1,14,0,284,766,,D:\UE5 demo\GameXXK\Saved\Balance\20260907-final-matrix\Training.Hard.3-1-Healer-ZhouGuangZu\seed-20260909.json,3,3,3
Training.Hard.3-1-Healer-ZhouGuangZu,20260910,Training.Hard.3-1,7,Blade,Healer,ZhouGuangZu,3,10,True,victory,baseline,True,4,5524,1381.0,1615,1222.3333333333333,1857.0,315,195,3528,11122,11242,0,14,59,0,17,0,1903,453,,D:\UE5 demo\GameXXK\Saved\Balance\20260907-final-matrix\Training.Hard.3-1-Healer-ZhouGuangZu\seed-20260910.json,3,3,3
Training.Hard.3-1-Healer-JinGui,20260906,Training.Hard.3-1,7,Blade,Healer,JinGui,0,10,True,victory,baseline,True,6,3684,614.0,1085,1150.3333333333333,77.66666666666667,314,114,1634,11276,11476,0,20,53,2,17,1,480,60,,D:\UE5 demo\GameXXK\Saved\Balance\20260907-final-matrix\Training.Hard.3-1-Healer-JinGui\seed-20260906.json,5,5,3
Training.Hard.3-1-Healer-JinGui,20260907,Training.Hard.3-1,7,Blade,Healer,JinGui,0,10,True,victory,baseline,True,5,3684,736.8,3131,1095.6666666666667,198.5,352,248,466,11372,11476,0,17,31,1,15,1,483,106,,D:\UE5 demo\GameXXK\Saved\Balance\20260907-final-matrix\Training.Hard.3-1-Healer-JinGui\seed-20260907.json,3,3,3
Training.Hard.3-1-Healer-JinGui,20260908,Training.Hard.3-1,7,Blade,Healer,JinGui,0,10,True,victory,baseline,True,4,3684,921.0,1325,1200.6666666666667,82.0,226,30,932,11280,11476,0,12,33,1,13,1,378,57,,D:\UE5 demo\GameXXK\Saved\Balance\20260907-final-matrix\Training.Hard.3-1-Healer-JinGui\seed-20260908.json,3,3,3
Training.Hard.3-1-Healer-JinGui,20260909,Training.Hard.3-1,7,Blade,Healer,JinGui,0,10,True,victory,baseline,True,5,3684,736.8,1325,1129.0,148.5,132,111,932,11455,11476,0,17,43,1,15,0,293,63,,D:\UE5 demo\GameXXK\Saved\Balance\20260907-final-matrix\Training.Hard.3-1-Healer-JinGui\seed-20260909.json,2,2,2
Training.Hard.3-1-Healer-JinGui,20260910,Training.Hard.3-1,7,Blade,Healer,JinGui,0,10,True,victory,baseline,True,5,3684,736.8,3286,1215.3333333333333,19.0,9,9,1398,11476,11476,0,15,33,3,13,0,377,9,,D:\UE5 demo\GameXXK\Saved\Balance\20260907-final-matrix\Training.Hard.3-1-Healer-JinGui\seed-20260910.json,0,0,0
Training.Hard.3-1-Healer-QiongMeiEr,20260906,Training.Hard.3-1,7,Blade,Healer,QiongMeiEr,3,10,True,victory,baseline,True,2,3684,1842.0,1210,1842.0,,46,8,0,11897,11935,0,11,36,0,8,0,218,4,,D:\UE5 demo\GameXXK\Saved\Balance\20260907-final-matrix\Training.Hard.3-1-Healer-QiongMeiEr\seed-20260906.json,2,2,2
Training.Hard.3-1-Healer-QiongMeiEr,20260907,Training.Hard.3-1,7,Blade,Healer,QiongMeiEr,3,10,True,victory,baseline,True,3,5529,1843.0,3277,1843.0,,6,6,0,11935,11935,0,13,33,0,13,0,624,6,,D:\UE5 demo\GameXXK\Saved\Balance\20260907-final-matrix\Training.Hard.3-1-Healer-QiongMeiEr\seed-20260907.json,0,0,0
Training.Hard.3-1-Healer-QiongMeiEr,20260908,Training.Hard.3-1,7,Blade,Healer,QiongMeiEr,3,10,True,victory,baseline,True,3,3684,1228.0,2632,1228.0,,6,6,0,11935,11935,0,14,13,0,15,2,425,231,,D:\UE5 demo\GameXXK\Saved\Balance\20260907-final-matrix\Training.Hard.3-1-Healer-QiongMeiEr\seed-20260908.json,0,0,0
Training.Hard.3-1-Healer-QiongMeiEr,20260909,Training.Hard.3-1,7,Blade,Healer,QiongMeiEr,3,10,True,victory,baseline,True,3,5540,1846.6666666666667,2667,1846.6666666666667,,6,6,0,11935,11935,0,14,47,0,15,0,748,621,,D:\UE5 demo\GameXXK\Saved\Balance\20260907-final-matrix\Training.Hard.3-1-Healer-QiongMeiEr\seed-20260909.json,0,0,0
Training.Hard.3-1-Healer-QiongMeiEr,20260910,Training.Hard.3-1,7,Blade,Healer,QiongMeiEr,3,10,True,victory,baseline,True,3,3684,1228.0,3221,1228.0,,95,85,0,11925,11935,0,15,31,0,13,0,248,158,,D:\UE5 demo\GameXXK\Saved\Balance\20260907-final-matrix\Training.Hard.3-1-Healer-QiongMeiEr\seed-20260910.json,2,2,2
Training.Hard.3-1-Hunter-TusiChief,20260906,Training.Hard.3-1,7,Blade,Hunter,TusiChief,3,10,True,victory,baseline,True,3,5540,1846.6666666666667,3135,1846.6666666666667,,0,0,426,12353,12353,0,11,19,0,15,0,3039,0,,D:\UE5 demo\GameXXK\Saved\Balance\20260907-final-matrix\Training.Hard.3-1-Hunter-TusiChief\seed-20260906.json,0,0,0
Training.Hard.3-1-Hunter-TusiChief,20260907,Training.Hard.3-1,7,Blade,Hunter,TusiChief,3,10,True,victory,baseline,True,2,5540,2770.0,5042,2770.0,,0,0,957,12353,12353,0,8,15,0,8,0,2159,0,,D:\UE5 demo\GameXXK\Saved\Balance\20260907-final-matrix\Training.Hard.3-1-Hunter-TusiChief\seed-20260907.json,0,0,0
Training.Hard.3-1-Hunter-TusiChief,20260908,Training.Hard.3-1,7,Blade,Hunter,TusiChief,3,10,True,victory,baseline,True,2,5540,2770.0,3213,2770.0,,0,0,1281,12353,12353,0,8,16,0,11,0,2537,0,,D:\UE5 demo\GameXXK\Saved\Balance\20260907-final-matrix\Training.Hard.3-1-Hunter-TusiChief\seed-20260908.json,0,0,0
Training.Hard.3-1-Hunter-TusiChief,20260909,Training.Hard.3-1,7,Blade,Hunter,TusiChief,3,10,True,victory,baseline,True,3,5540,1846.6666666666667,3152,1846.6666666666667,,0,0,0,12353,12353,0,9,28,2,11,0,2696,0,,D:\UE5 demo\GameXXK\Saved\Balance\20260907-final-matrix\Training.Hard.3-1-Hunter-TusiChief\seed-20260909.json,0,0,0
Training.Hard.3-1-Hunter-TusiChief,20260910,Training.Hard.3-1,7,Blade,Hunter,TusiChief,3,10,True,victory,baseline,True,2,5525,2762.5,2551,2762.5,,0,0,426,12353,12353,0,7,15,0,8,0,3126,0,,D:\UE5 demo\GameXXK\Saved\Balance\20260907-final-matrix\Training.Hard.3-1-Hunter-TusiChief\seed-20260910.json,0,0,0
Training.Hard.3-1-Hunter-SongJinBao,20260906,Training.Hard.3-1,7,Blade,Hunter,SongJinBao,3,10,True,victory,baseline,True,2,5540,2770.0,3365,2770.0,,0,0,0,12176,12176,0,6,15,0,11,1,1192,0,,D:\UE5 demo\GameXXK\Saved\Balance\20260907-final-matrix\Training.Hard.3-1-Hunter-SongJinBao\seed-20260906.json,0,0,0
Training.Hard.3-1-Hunter-SongJinBao,20260907,Training.Hard.3-1,7,Blade,Hunter,SongJinBao,3,10,True,victory,baseline,True,2,5540,2770.0,3665,2770.0,,0,0,0,12176,12176,0,8,18,0,10,0,1864,0,,D:\UE5 demo\GameXXK\Saved\Balance\20260907-final-matrix\Training.Hard.3-1-Hunter-SongJinBao\seed-20260907.json,0,0,0
Training.Hard.3-1-Hunter-SongJinBao,20260908,Training.Hard.3-1,7,Blade,Hunter,SongJinBao,3,10,True,victory,baseline,True,1,5540,5540.0,5540,5540.0,,0,0,0,12176,12176,0,3,9,0,6,4,1092,0,,D:\UE5 demo\GameXXK\Saved\Balance\20260907-final-matrix\Training.Hard.3-1-Hunter-SongJinBao\seed-20260908.json,0,0,0
Training.Hard.3-1-Hunter-SongJinBao,20260909,Training.Hard.3-1,7,Blade,Hunter,SongJinBao,3,10,True,victory,baseline,True,2,5540,2770.0,3152,2770.0,,0,0,0,12176,12176,0,7,25,0,10,4,2084,0,,D:\UE5 demo\GameXXK\Saved\Balance\20260907-final-matrix\Training.Hard.3-1-Hunter-SongJinBao\seed-20260909.json,0,0,0
Training.Hard.3-1-Hunter-SongJinBao,20260910,Training.Hard.3-1,7,Blade,Hunter,SongJinBao,3,10,True,victory,baseline,True,2,5540,2770.0,3365,2770.0,,0,0,0,12176,12176,0,10,16,0,15,1,1164,0,,D:\UE5 demo\GameXXK\Saved\Balance\20260907-final-matrix\Training.Hard.3-1-Hunter-SongJinBao\seed-20260910.json,0,0,0
Training.Hard.3-1-Hunter-YueBai,20260906,Training.Hard.3-1,7,Blade,Hunter,YueBai,3,10,True,victory,baseline,True,1,5540,5540.0,5540,5540.0,,0,0,2916,11598,11598,0,5,20,0,10,4,10250,0,,D:\UE5 demo\GameXXK\Saved\Balance\20260907-final-matrix\Training.Hard.3-1-Hunter-YueBai\seed-20260906.json,0,0,0
Training.Hard.3-1-Hunter-YueBai,20260907,Training.Hard.3-1,7,Blade,Hunter,YueBai,3,10,True,victory,baseline,True,2,5540,2770.0,3152,2770.0,,0,0,4374,11598,11598,0,9,44,0,17,0,1500,0,,D:\UE5 demo\GameXXK\Saved\Balance\20260907-final-matrix\Training.Hard.3-1-Hunter-YueBai\seed-20260907.json,0,0,0
Training.Hard.3-1-Hunter-YueBai,20260908,Training.Hard.3-1,7,Blade,Hunter,YueBai,3,10,True,victory,baseline,True,2,5540,2770.0,3242,2770.0,,0,0,5346,11598,11598,0,6,30,0,15,4,675,0,,D:\UE5 demo\GameXXK\Saved\Balance\20260907-final-matrix\Training.Hard.3-1-Hunter-YueBai\seed-20260908.json,0,0,0
Training.Hard.3-1-Hunter-YueBai,20260909,Training.Hard.3-1,7,Blade,Hunter,YueBai,3,10,True,victory,baseline,True,2,5540,2770.0,3332,2770.0,,0,0,8748,11598,11598,0,7,53,0,16,8,2087,0,,D:\UE5 demo\GameXXK\Saved\Balance\20260907-final-matrix\Training.Hard.3-1-Hunter-YueBai\seed-20260909.json,0,0,0
Training.Hard.3-1-Hunter-YueBai,20260910,Training.Hard.3-1,7,Blade,Hunter,YueBai,3,10,True,victory,baseline,True,2,5540,2770.0,3152,2770.0,,0,0,7290,11598,11598,0,6,45,0,18,4,9642,0,,D:\UE5 demo\GameXXK\Saved\Balance\20260907-final-matrix\Training.Hard.3-1-Hunter-YueBai\seed-20260910.json,0,0,0
Training.Hard.3-1-Hunter-ZhouGuangZu,20260906,Training.Hard.3-1,7,Blade,Hunter,ZhouGuangZu,3,10,True,victory,baseline,True,2,5540,2770.0,2184,2770.0,,43,3,2646,11153,11193,0,8,30,0,15,0,2188,312,,D:\UE5 demo\GameXXK\Saved\Balance\20260907-final-matrix\Training.Hard.3-1-Hunter-ZhouGuangZu\seed-20260906.json,2,2,2
Training.Hard.3-1-Hunter-ZhouGuangZu,20260907,Training.Hard.3-1,7,Blade,Hunter,ZhouGuangZu,3,10,True,victory,baseline,True,3,5534,1844.6666666666667,3347,1844.6666666666667,,9,9,3969,11193,11193,0,15,50,0,23,0,1342,627,,D:\UE5 demo\GameXXK\Saved\Balance\20260907-final-matrix\Training.Hard.3-1-Hunter-ZhouGuangZu\seed-20260907.json,0,0,0
Training.Hard.3-1-Hunter-ZhouGuangZu,20260908,Training.Hard.3-1,7,Blade,Hunter,ZhouGuangZu,3,10,True,victory,baseline,True,2,5540,2770.0,3347,2770.0,,3,3,2205,11193,11193,0,6,25,0,13,0,1178,312,,D:\UE5 demo\GameXXK\Saved\Balance\20260907-final-matrix\Training.Hard.3-1-Hunter-ZhouGuangZu\seed-20260908.json,0,0,0
Training.Hard.3-1-Hunter-ZhouGuangZu,20260909,Training.Hard.3-1,7,Blade,Hunter,ZhouGuangZu,3,10,True,victory,baseline,True,2,5540,2770.0,3152,2770.0,,6,6,1323,11193,11193,0,10,36,0,13,0,2101,315,,D:\UE5 demo\GameXXK\Saved\Balance\20260907-final-matrix\Training.Hard.3-1-Hunter-ZhouGuangZu\seed-20260909.json,0,0,0
Training.Hard.3-1-Hunter-ZhouGuangZu,20260910,Training.Hard.3-1,7,Blade,Hunter,ZhouGuangZu,3,10,True,victory,baseline,True,3,5540,1846.6666666666667,2956,1846.6666666666667,,86,86,2646,11193,11193,0,12,34,0,21,1,2397,694,,D:\UE5 demo\GameXXK\Saved\Balance\20260907-final-matrix\Training.Hard.3-1-Hunter-ZhouGuangZu\seed-20260910.json,2,2,2
Training.Hard.3-1-Hunter-JinGui,20260906,Training.Hard.3-1,7,Blade,Hunter,JinGui,0,10,True,victory,baseline,True,1,5540,5540.0,5540,5540.0,,0,0,466,11427,11427,0,6,14,0,9,0,2174,0,,D:\UE5 demo\GameXXK\Saved\Balance\20260907-final-matrix\Training.Hard.3-1-Hunter-JinGui\seed-20260906.json,0,0,0
Training.Hard.3-1-Hunter-JinGui,20260907,Training.Hard.3-1,7,Blade,Hunter,JinGui,0,10,True,victory,baseline,True,1,5540,5540.0,5540,5540.0,,0,0,0,11427,11427,0,5,12,0,6,0,908,0,,D:\UE5 demo\GameXXK\Saved\Balance\20260907-final-matrix\Training.Hard.3-1-Hunter-JinGui\seed-20260907.json,0,0,0
Training.Hard.3-1-Hunter-JinGui,20260908,Training.Hard.3-1,7,Blade,Hunter,JinGui,0,10,True,victory,baseline,True,2,5540,2770.0,5495,2770.0,,0,0,932,11427,11427,0,6,23,0,13,0,732,0,,D:\UE5 demo\GameXXK\Saved\Balance\20260907-final-matrix\Training.Hard.3-1-Hunter-JinGui\seed-20260908.json,0,0,0
Training.Hard.3-1-Hunter-JinGui,20260909,Training.Hard.3-1,7,Blade,Hunter,JinGui,0,10,True,victory,baseline,True,3,5540,1846.6666666666667,3152,1846.6666666666667,,0,0,466,11427,11427,0,9,28,1,12,0,2057,0,,D:\UE5 demo\GameXXK\Saved\Balance\20260907-final-matrix\Training.Hard.3-1-Hunter-JinGui\seed-20260909.json,0,0,0
Training.Hard.3-1-Hunter-JinGui,20260910,Training.Hard.3-1,7,Blade,Hunter,JinGui,0,10,True,victory,baseline,True,1,5540,5540.0,5540,5540.0,,0,0,466,11427,11427,0,5,12,0,7,0,444,0,,D:\UE5 demo\GameXXK\Saved\Balance\20260907-final-matrix\Training.Hard.3-1-Hunter-JinGui\seed-20260910.json,0,0,0
Training.Hard.3-1-Hunter-QiongMeiEr,20260906,Training.Hard.3-1,7,Blade,Hunter,QiongMeiEr,3,10,True,victory,baseline,True,2,5540,2770.0,3223,2770.0,,0,0,0,11886,11886,0,5,18,0,10,0,893,0,,D:\UE5 demo\GameXXK\Saved\Balance\20260907-final-matrix\Training.Hard.3-1-Hunter-QiongMeiEr\seed-20260906.json,0,0,0
Training.Hard.3-1-Hunter-QiongMeiEr,20260907,Training.Hard.3-1,7,Blade,Hunter,QiongMeiEr,3,10,True,victory,baseline,True,2,5533,2766.5,3152,2766.5,,0,0,0,11886,11886,0,6,21,0,8,0,1591,0,,D:\UE5 demo\GameXXK\Saved\Balance\20260907-final-matrix\Training.Hard.3-1-Hunter-QiongMeiEr\seed-20260907.json,0,0,0
Training.Hard.3-1-Hunter-QiongMeiEr,20260908,Training.Hard.3-1,7,Blade,Hunter,QiongMeiEr,3,10,True,victory,baseline,True,2,5540,2770.0,3292,2770.0,,0,0,0,11886,11886,0,7,22,0,13,0,1418,0,,D:\UE5 demo\GameXXK\Saved\Balance\20260907-final-matrix\Training.Hard.3-1-Hunter-QiongMeiEr\seed-20260908.json,0,0,0
Training.Hard.3-1-Hunter-QiongMeiEr,20260909,Training.Hard.3-1,7,Blade,Hunter,QiongMeiEr,3,10,True,victory,baseline,True,3,5540,1846.6666666666667,3152,1846.6666666666667,,0,0,0,11886,11886,0,10,28,1,12,0,2836,0,,D:\UE5 demo\GameXXK\Saved\Balance\20260907-final-matrix\Training.Hard.3-1-Hunter-QiongMeiEr\seed-20260909.json,0,0,0
Training.Hard.3-1-Hunter-QiongMeiEr,20260910,Training.Hard.3-1,7,Blade,Hunter,QiongMeiEr,3,10,True,victory,baseline,True,1,5535,5535.0,5535,5535.0,,0,0,0,11886,11886,0,5,15,0,10,0,1435,0,,D:\UE5 demo\GameXXK\Saved\Balance\20260907-final-matrix\Training.Hard.3-1-Hunter-QiongMeiEr\seed-20260910.json,0,0,0
Training.Hard.3-1-Sorcerer-TusiChief,20260906,Training.Hard.3-1,7,Blade,Sorcerer,TusiChief,3,10,True,victory,baseline,True,2,5540,2770.0,4875,2770.0,,0,0,1129,12659,12659,0,7,18,0,9,6,2004,0,,D:\UE5 demo\GameXXK\Saved\Balance\20260907-final-matrix\Training.Hard.3-1-Sorcerer-TusiChief\seed-20260906.json,0,0,0
Training.Hard.3-1-Sorcerer-TusiChief,20260907,Training.Hard.3-1,7,Blade,Sorcerer,TusiChief,3,10,True,victory,baseline,True,1,5540,5540.0,5540,5540.0,,0,0,142,12659,12659,0,4,13,0,5,0,2432,0,,D:\UE5 demo\GameXXK\Saved\Balance\20260907-final-matrix\Training.Hard.3-1-Sorcerer-TusiChief\seed-20260907.json,0,0,0
Training.Hard.3-1-Sorcerer-TusiChief,20260908,Training.Hard.3-1,7,Blade,Sorcerer,TusiChief,3,10,True,stalemate,baseline,True,7,3511,501.57142857142856,3511,1170.3333333333333,0.0,0,0,1591,12659,12659,0,17,31,8,22,0,1731,0,,D:\UE5 demo\GameXXK\Saved\Balance\20260907-final-matrix\Training.Hard.3-1-Sorcerer-TusiChief\seed-20260908.json,2,2,2
Training.Hard.3-1-Sorcerer-TusiChief,20260909,Training.Hard.3-1,7,Blade,Sorcerer,TusiChief,3,10,True,victory,baseline,True,1,5540,5540.0,5540,5540.0,,0,0,142,12659,12659,0,5,15,0,6,0,1658,0,,D:\UE5 demo\GameXXK\Saved\Balance\20260907-final-matrix\Training.Hard.3-1-Sorcerer-TusiChief\seed-20260909.json,0,0,0
Training.Hard.3-1-Sorcerer-TusiChief,20260910,Training.Hard.3-1,7,Blade,Sorcerer,TusiChief,3,10,True,stalemate,baseline,True,8,3645,455.625,2860,1215.0,0.0,0,0,2226,12659,12659,0,23,26,10,34,1,355,300,,D:\UE5 demo\GameXXK\Saved\Balance\20260907-final-matrix\Training.Hard.3-1-Sorcerer-TusiChief\seed-20260910.json,0,0,0
Training.Hard.3-1-Sorcerer-SongJinBao,20260906,Training.Hard.3-1,7,Blade,Sorcerer,SongJinBao,3,10,True,victory,baseline,True,1,5540,5540.0,5540,5540.0,,0,0,420,12482,12482,0,4,13,0,6,7,2073,0,,D:\UE5 demo\GameXXK\Saved\Balance\20260907-final-matrix\Training.Hard.3-1-Sorcerer-SongJinBao\seed-20260906.json,0,0,0
Training.Hard.3-1-Sorcerer-SongJinBao,20260907,Training.Hard.3-1,7,Blade,Sorcerer,SongJinBao,3,10,True,victory,baseline,True,4,5540,1385.0,3504,1168.0,2036.0,0,0,240,12482,12482,0,13,22,2,20,6,1471,0,,D:\UE5 demo\GameXXK\Saved\Balance\20260907-final-matrix\Training.Hard.3-1-Sorcerer-SongJinBao\seed-20260907.json,0,0,0
Training.Hard.3-1-Sorcerer-SongJinBao,20260908,Training.Hard.3-1,7,Blade,Sorcerer,SongJinBao,3,10,True,victory,baseline,True,1,5540,5540.0,5540,5540.0,,0,0,0,12482,12482,0,4,12,0,5,0,683,0,,D:\UE5 demo\GameXXK\Saved\Balance\20260907-final-matrix\Training.Hard.3-1-Sorcerer-SongJinBao\seed-20260908.json,0,0,0
Training.Hard.3-1-Sorcerer-SongJinBao,20260909,Training.Hard.3-1,7,Blade,Sorcerer,SongJinBao,3,10,True,victory,baseline,True,1,5540,5540.0,5540,5540.0,,0,0,0,12482,12482,0,4,12,0,6,0,683,0,,D:\UE5 demo\GameXXK\Saved\Balance\20260907-final-matrix\Training.Hard.3-1-Sorcerer-SongJinBao\seed-20260909.json,0,0,0
Training.Hard.3-1-Sorcerer-SongJinBao,20260910,Training.Hard.3-1,7,Blade,Sorcerer,SongJinBao,3,10,True,victory,baseline,True,1,5540,5540.0,5540,5540.0,,0,0,1137,12482,12482,0,5,13,0,7,7,1915,0,,D:\UE5 demo\GameXXK\Saved\Balance\20260907-final-matrix\Training.Hard.3-1-Sorcerer-SongJinBao\seed-20260910.json,0,0,0
Training.Hard.3-1-Sorcerer-YueBai,20260906,Training.Hard.3-1,7,Blade,Sorcerer,YueBai,3,10,True,victory,baseline,True,2,5540,2770.0,3053,2770.0,,0,0,3507,11904,11904,0,6,25,0,13,7,1531,0,,D:\UE5 demo\GameXXK\Saved\Balance\20260907-final-matrix\Training.Hard.3-1-Sorcerer-YueBai\seed-20260906.json,0,0,0
Training.Hard.3-1-Sorcerer-YueBai,20260907,Training.Hard.3-1,7,Blade,Sorcerer,YueBai,3,10,True,stalemate,baseline,True,7,3504,500.57142857142856,3504,1168.0,0.0,0,0,15486,11904,11904,0,25,90,5,51,0,644,225,,D:\UE5 demo\GameXXK\Saved\Balance\20260907-final-matrix\Training.Hard.3-1-Sorcerer-YueBai\seed-20260907.json,2,2,2
Training.Hard.3-1-Sorcerer-YueBai,20260908,Training.Hard.3-1,7,Blade,Sorcerer,YueBai,3,10,True,victory,baseline,True,1,5540,5540.0,5540,5540.0,,0,0,2916,11904,11904,0,4,21,0,7,4,9419,0,,D:\UE5 demo\GameXXK\Saved\Balance\20260907-final-matrix\Training.Hard.3-1-Sorcerer-YueBai\seed-20260908.json,0,0,0
Training.Hard.3-1-Sorcerer-YueBai,20260909,Training.Hard.3-1,7,Blade,Sorcerer,YueBai,3,10,True,victory,baseline,True,1,5540,5540.0,5540,5540.0,,0,0,0,11904,11904,0,5,12,0,6,0,680,0,,D:\UE5 demo\GameXXK\Saved\Balance\20260907-final-matrix\Training.Hard.3-1-Sorcerer-YueBai\seed-20260909.json,0,0,0
Training.Hard.3-1-Sorcerer-YueBai,20260910,Training.Hard.3-1,7,Blade,Sorcerer,YueBai,3,10,True,stalemate,baseline,True,7,3509,501.2857142857143,3509,1169.6666666666667,0.0,0,0,12936,11904,11904,0,22,67,8,39,1,714,75,,D:\UE5 demo\GameXXK\Saved\Balance\20260907-final-matrix\Training.Hard.3-1-Sorcerer-YueBai\seed-20260910.json,2,2,2
Training.Hard.3-1-Sorcerer-ZhouGuangZu,20260906,Training.Hard.3-1,7,Blade,Sorcerer,ZhouGuangZu,3,10,True,victory,baseline,True,2,5540,2770.0,3218,2770.0,,6,6,3066,11499,11499,0,9,31,0,17,7,2477,624,,D:\UE5 demo\GameXXK\Saved\Balance\20260907-final-matrix\Training.Hard.3-1-Sorcerer-ZhouGuangZu\seed-20260906.json,0,0,0
Training.Hard.3-1-Sorcerer-ZhouGuangZu,20260907,Training.Hard.3-1,7,Blade,Sorcerer,ZhouGuangZu,3,10,True,victory,baseline,True,2,5540,2770.0,3683,2770.0,,3,3,2385,11499,11499,0,7,30,0,15,0,1385,312,,D:\UE5 demo\GameXXK\Saved\Balance\20260907-final-matrix\Training.Hard.3-1-Sorcerer-ZhouGuangZu\seed-20260907.json,0,0,0
Training.Hard.3-1-Sorcerer-ZhouGuangZu,20260908,Training.Hard.3-1,7,Blade,Sorcerer,ZhouGuangZu,3,10,True,victory,baseline,True,2,5540,2770.0,4804,2770.0,,3,3,2865,11499,11499,0,6,28,0,12,7,823,312,,D:\UE5 demo\GameXXK\Saved\Balance\20260907-final-matrix\Training.Hard.3-1-Sorcerer-ZhouGuangZu\seed-20260908.json,0,0,0
Training.Hard.3-1-Sorcerer-ZhouGuangZu,20260909,Training.Hard.3-1,7,Blade,Sorcerer,ZhouGuangZu,3,10,True,victory,baseline,True,1,5540,5540.0,5540,5540.0,,0,0,0,11499,11499,0,5,12,0,6,0,680,0,,D:\UE5 demo\GameXXK\Saved\Balance\20260907-final-matrix\Training.Hard.3-1-Sorcerer-ZhouGuangZu\seed-20260909.json,0,0,0
Training.Hard.3-1-Sorcerer-ZhouGuangZu,20260910,Training.Hard.3-1,7,Blade,Sorcerer,ZhouGuangZu,3,10,True,victory,baseline,True,1,5540,5540.0,5540,5540.0,,0,0,2340,11499,11499,0,5,19,0,7,6,2135,0,,D:\UE5 demo\GameXXK\Saved\Balance\20260907-final-matrix\Training.Hard.3-1-Sorcerer-ZhouGuangZu\seed-20260910.json,0,0,0
Training.Hard.3-1-Sorcerer-JinGui,20260906,Training.Hard.3-1,7,Blade,Sorcerer,JinGui,0,10,True,victory,baseline,True,1,5540,5540.0,5540,5540.0,,0,0,886,11733,11733,0,5,13,0,6,7,1787,0,,D:\UE5 demo\GameXXK\Saved\Balance\20260907-final-matrix\Training.Hard.3-1-Sorcerer-JinGui\seed-20260906.json,0,0,0
Training.Hard.3-1-Sorcerer-JinGui,20260907,Training.Hard.3-1,7,Blade,Sorcerer,JinGui,0,10,True,victory,baseline,True,10,5540,554.0,3504,1168.0,290.85714285714283,1,1,4324,11733,11733,0,25,33,15,32,0,779,74,,D:\UE5 demo\GameXXK\Saved\Balance\20260907-final-matrix\Training.Hard.3-1-Sorcerer-JinGui\seed-20260907.json,2,2,1
Training.Hard.3-1-Sorcerer-JinGui,20260908,Training.Hard.3-1,7,Blade,Sorcerer,JinGui,0,10,True,victory,baseline,True,1,5540,5540.0,5540,5540.0,,0,0,0,11733,11733,0,5,15,0,5,0,719,0,,D:\UE5 demo\GameXXK\Saved\Balance\20260907-final-matrix\Training.Hard.3-1-Sorcerer-JinGui\seed-20260908.json,0,0,0
Training.Hard.3-1-Sorcerer-JinGui,20260909,Training.Hard.3-1,7,Blade,Sorcerer,JinGui,0,10,True,victory,baseline,True,1,5540,5540.0,5540,5540.0,,0,0,0,11733,11733,0,5,15,0,6,0,719,0,,D:\UE5 demo\GameXXK\Saved\Balance\20260907-final-matrix\Training.Hard.3-1-Sorcerer-JinGui\seed-20260909.json,0,0,0
Training.Hard.3-1-Sorcerer-JinGui,20260910,Training.Hard.3-1,7,Blade,Sorcerer,JinGui,0,10,True,victory,baseline,True,6,5540,923.3333333333334,3286,1095.3333333333333,751.3333333333334,1,0,2400,11732,11733,0,19,35,8,27,0,1441,75,,D:\UE5 demo\GameXXK\Saved\Balance\20260907-final-matrix\Training.Hard.3-1-Sorcerer-JinGui\seed-20260910.json,2,2,1
Training.Hard.3-1-Sorcerer-QiongMeiEr,20260906,Training.Hard.3-1,7,Blade,Sorcerer,QiongMeiEr,3,10,True,victory,baseline,True,1,5540,5540.0,5540,5540.0,,0,0,420,12192,12192,0,5,13,0,6,7,1522,0,,D:\UE5 demo\GameXXK\Saved\Balance\20260907-final-matrix\Training.Hard.3-1-Sorcerer-QiongMeiEr\seed-20260906.json,0,0,0
Training.Hard.3-1-Sorcerer-QiongMeiEr,20260907,Training.Hard.3-1,7,Blade,Sorcerer,QiongMeiEr,3,10,True,victory,baseline,True,3,5531,1843.6666666666667,3644,1843.6666666666667,,0,0,180,12192,12192,0,10,20,2,14,1,586,0,,D:\UE5 demo\GameXXK\Saved\Balance\20260907-final-matrix\Training.Hard.3-1-Sorcerer-QiongMeiEr\seed-20260907.json,0,0,0
Training.Hard.3-1-Sorcerer-QiongMeiEr,20260908,Training.Hard.3-1,7,Blade,Sorcerer,QiongMeiEr,3,10,True,victory,baseline,True,1,5540,5540.0,5540,5540.0,,0,0,0,12192,12192,0,4,15,0,5,0,608,0,,D:\UE5 demo\GameXXK\Saved\Balance\20260907-final-matrix\Training.Hard.3-1-Sorcerer-QiongMeiEr\seed-20260908.json,0,0,0
Training.Hard.3-1-Sorcerer-QiongMeiEr,20260909,Training.Hard.3-1,7,Blade,Sorcerer,QiongMeiEr,3,10,True,victory,baseline,True,1,5540,5540.0,5540,5540.0,,0,0,0,12192,12192,0,4,15,0,6,0,608,0,,D:\UE5 demo\GameXXK\Saved\Balance\20260907-final-matrix\Training.Hard.3-1-Sorcerer-QiongMeiEr\seed-20260909.json,0,0,0
Training.Hard.3-1-Sorcerer-QiongMeiEr,20260910,Training.Hard.3-1,7,Blade,Sorcerer,QiongMeiEr,3,10,True,victory,baseline,True,3,5540,1846.6666666666667,3482,1846.6666666666667,,0,0,120,12192,12192,0,11,20,0,19,0,405,0,,D:\UE5 demo\GameXXK\Saved\Balance\20260907-final-matrix\Training.Hard.3-1-Sorcerer-QiongMeiEr\seed-20260910.json,0,0,0
Training.Hard.3-1-FormationMaster-TusiChief,20260906,Training.Hard.3-1,7,Blade,FormationMaster,TusiChief,3,10,True,stalemate,baseline,True,12,3645,303.75,1818,1215.0,0.0,21,21,12141,12661,12661,0,31,9,2,39,1,235,1929,,D:\UE5 demo\GameXXK\Saved\Balance\20260907-final-matrix\Training.Hard.3-1-FormationMaster-TusiChief\seed-20260906.json,3,3,2
Training.Hard.3-1-FormationMaster-TusiChief,20260907,Training.Hard.3-1,7,Blade,FormationMaster,TusiChief,3,10,True,victory,baseline,True,3,5540,1846.6666666666667,5008,1846.6666666666667,,0,0,3452,12661,12661,0,7,15,0,9,0,3369,300,,D:\UE5 demo\GameXXK\Saved\Balance\20260907-final-matrix\Training.Hard.3-1-FormationMaster-TusiChief\seed-20260907.json,3,3,3
Training.Hard.3-1-FormationMaster-TusiChief,20260908,Training.Hard.3-1,7,Blade,FormationMaster,TusiChief,3,10,True,stalemate,baseline,True,8,3153,394.125,2368,1051.0,0.0,0,0,10688,12661,12661,0,21,9,0,28,0,1293,1275,,D:\UE5 demo\GameXXK\Saved\Balance\20260907-final-matrix\Training.Hard.3-1-FormationMaster-TusiChief\seed-20260908.json,0,0,0
Training.Hard.3-1-FormationMaster-TusiChief,20260909,Training.Hard.3-1,7,Blade,FormationMaster,TusiChief,3,10,True,stalemate,baseline,True,8,3380,422.5,2595,1126.6666666666667,0.0,0,0,11408,12661,12661,0,20,12,1,25,0,1410,1275,,D:\UE5 demo\GameXXK\Saved\Balance\20260907-final-matrix\Training.Hard.3-1-FormationMaster-TusiChief\seed-20260909.json,0,0,0
Training.Hard.3-1-FormationMaster-TusiChief,20260910,Training.Hard.3-1,7,Blade,FormationMaster,TusiChief,3,10,True,stalemate,baseline,True,8,3645,455.625,2860,1215.0,0.0,0,0,8730,12661,12661,0,21,6,0,28,1,353,975,,D:\UE5 demo\GameXXK\Saved\Balance\20260907-final-matrix\Training.Hard.3-1-FormationMaster-TusiChief\seed-20260910.json,0,0,0
Training.Hard.3-1-FormationMaster-SongJinBao,20260906,Training.Hard.3-1,7,Blade,FormationMaster,SongJinBao,3,10,True,stalemate,baseline,True,9,3096,344.0,2903,1032.0,0.0,80,80,10737,12484,12484,0,39,18,1,50,5,532,2770,,D:\UE5 demo\GameXXK\Saved\Balance\20260907-final-matrix\Training.Hard.3-1-FormationMaster-SongJinBao\seed-20260906.json,3,3,3
Training.Hard.3-1-FormationMaster-SongJinBao,20260907,Training.Hard.3-1,7,Blade,FormationMaster,SongJinBao,3,10,True,stalemate,baseline,True,7,3380,482.85714285714283,3380,1126.6666666666667,0.0,0,0,7290,12484,12484,0,29,24,1,37,0,353,1500,,D:\UE5 demo\GameXXK\Saved\Balance\20260907-final-matrix\Training.Hard.3-1-FormationMaster-SongJinBao\seed-20260907.json,0,0,0
Training.Hard.3-1-FormationMaster-SongJinBao,20260908,Training.Hard.3-1,7,Blade,FormationMaster,SongJinBao,3,10,True,victory,baseline,True,1,5540,5540.0,5540,5540.0,,0,0,450,12484,12484,0,4,12,0,6,4,1672,0,,D:\UE5 demo\GameXXK\Saved\Balance\20260907-final-matrix\Training.Hard.3-1-FormationMaster-SongJinBao\seed-20260908.json,0,0,0
Training.Hard.3-1-FormationMaster-SongJinBao,20260909,Training.Hard.3-1,7,Blade,FormationMaster,SongJinBao,3,10,True,stalemate,baseline,True,8,3380,422.5,2595,1126.6666666666667,0.0,0,0,10458,12484,12484,0,35,27,0,45,0,355,1875,,D:\UE5 demo\GameXXK\Saved\Balance\20260907-final-matrix\Training.Hard.3-1-FormationMaster-SongJinBao\seed-20260909.json,0,0,0
Training.Hard.3-1-FormationMaster-SongJinBao,20260910,Training.Hard.3-1,7,Blade,FormationMaster,SongJinBao,3,10,True,victory,baseline,True,2,5540,2770.0,3155,2770.0,,0,0,2268,12484,12484,0,8,9,0,16,9,1322,300,,D:\UE5 demo\GameXXK\Saved\Balance\20260907-final-matrix\Training.Hard.3-1-FormationMaster-SongJinBao\seed-20260910.json,0,0,0
Training.Hard.3-1-FormationMaster-YueBai,20260906,Training.Hard.3-1,7,Blade,FormationMaster,YueBai,3,10,True,victory,baseline,True,1,5540,5540.0,5540,5540.0,,0,0,3834,11906,11906,0,3,12,0,6,4,35715,300,,D:\UE5 demo\GameXXK\Saved\Balance\20260907-final-matrix\Training.Hard.3-1-FormationMaster-YueBai\seed-20260906.json,0,0,0
Training.Hard.3-1-FormationMaster-YueBai,20260907,Training.Hard.3-1,7,Blade,FormationMaster,YueBai,3,10,True,stalemate,baseline,True,7,3380,482.85714285714283,3380,1126.6666666666667,0.0,0,0,44829,11906,11906,0,16,225,2,92,0,353,1200,,D:\UE5 demo\GameXXK\Saved\Balance\20260907-final-matrix\Training.Hard.3-1-FormationMaster-YueBai\seed-20260907.json,2,2,2
Training.Hard.3-1-FormationMaster-YueBai,20260908,Training.Hard.3-1,7,Blade,FormationMaster,YueBai,3,10,True,stalemate,baseline,True,9,3152,350.22222222222223,1325,1050.6666666666667,0.0,620,540,64782,11826,11906,0,24,306,0,128,4,551,2235,,D:\UE5 demo\GameXXK\Saved\Balance\20260907-final-matrix\Training.Hard.3-1-FormationMaster-YueBai\seed-20260908.json,4,4,4
Training.Hard.3-1-FormationMaster-YueBai,20260909,Training.Hard.3-1,7,Blade,FormationMaster,YueBai,3,10,True,stalemate,baseline,True,8,3380,422.5,2595,1126.6666666666667,0.0,0,0,55791,11906,11906,0,21,279,0,112,0,355,1875,,D:\UE5 demo\GameXXK\Saved\Balance\20260907-final-matrix\Training.Hard.3-1-FormationMaster-YueBai\seed-20260909.json,2,2,2
Training.Hard.3-1-FormationMaster-YueBai,20260910,Training.Hard.3-1,7,Blade,FormationMaster,YueBai,3,10,True,victory,baseline,True,2,5540,2770.0,4523,2770.0,,0,0,5184,11906,11906,0,4,18,0,9,4,30119,300,,D:\UE5 demo\GameXXK\Saved\Balance\20260907-final-matrix\Training.Hard.3-1-FormationMaster-YueBai\seed-20260910.json,0,0,0
Training.Hard.3-1-FormationMaster-ZhouGuangZu,20260906,Training.Hard.3-1,7,Blade,FormationMaster,ZhouGuangZu,3,10,True,victory,baseline,True,6,5540,923.3333333333334,165,1181.6666666666667,665.0,275,235,9672,11461,11501,0,17,54,0,30,1,2515,2006,,D:\UE5 demo\GameXXK\Saved\Balance\20260907-final-matrix\Training.Hard.3-1-FormationMaster-ZhouGuangZu\seed-20260906.json,5,5,5
Training.Hard.3-1-FormationMaster-ZhouGuangZu,20260907,Training.Hard.3-1,7,Blade,FormationMaster,ZhouGuangZu,3,10,True,victory,baseline,True,3,5540,1846.6666666666667,3545,1846.6666666666667,,6,6,4275,11501,11501,0,8,30,0,14,0,892,924,,D:\UE5 demo\GameXXK\Saved\Balance\20260907-final-matrix\Training.Hard.3-1-FormationMaster-ZhouGuangZu\seed-20260907.json,0,0,0
Training.Hard.3-1-FormationMaster-ZhouGuangZu,20260908,Training.Hard.3-1,7,Blade,FormationMaster,ZhouGuangZu,3,10,True,victory,baseline,True,3,5534,1844.6666666666667,1520,1844.6666666666667,,186,186,5625,11501,11501,0,10,24,0,16,0,642,735,,D:\UE5 demo\GameXXK\Saved\Balance\20260907-final-matrix\Training.Hard.3-1-FormationMaster-ZhouGuangZu\seed-20260908.json,3,3,3
Training.Hard.3-1-FormationMaster-ZhouGuangZu,20260909,Training.Hard.3-1,7,Blade,FormationMaster,ZhouGuangZu,3,10,True,victory,baseline,True,4,5540,1385.0,2595,1227.6666666666667,1857.0,6,6,6507,11501,11501,0,12,24,0,18,0,610,690,,D:\UE5 demo\GameXXK\Saved\Balance\20260907-final-matrix\Training.Hard.3-1-FormationMaster-ZhouGuangZu\seed-20260909.json,0,0,0
Training.Hard.3-1-FormationMaster-ZhouGuangZu,20260910,Training.Hard.3-1,7,Blade,FormationMaster,ZhouGuangZu,3,10,True,victory,baseline,True,4,5534,1383.5,2367,1225.6666666666667,1857.0,9,9,6273,11501,11501,0,11,48,0,23,0,1459,1236,,D:\UE5 demo\GameXXK\Saved\Balance\20260907-final-matrix\Training.Hard.3-1-FormationMaster-ZhouGuangZu\seed-20260910.json,0,0,0
Training.Hard.3-1-FormationMaster-JinGui,20260906,Training.Hard.3-1,7,Blade,FormationMaster,JinGui,0,10,True,stalemate,baseline,True,20,3380,169.0,785,1126.6666666666667,0.0,880,880,25847,11735,11735,0,56,15,2,68,4,1484,2570,,D:\UE5 demo\GameXXK\Saved\Balance\20260907-final-matrix\Training.Hard.3-1-FormationMaster-JinGui\seed-20260906.json,5,5,5
Training.Hard.3-1-FormationMaster-JinGui,20260907,Training.Hard.3-1,7,Blade,FormationMaster,JinGui,0,10,True,stalemate,baseline,True,7,3380,482.85714285714283,3380,1126.6666666666667,0.0,0,0,5468,11735,11735,0,17,12,2,22,0,470,600,,D:\UE5 demo\GameXXK\Saved\Balance\20260907-final-matrix\Training.Hard.3-1-FormationMaster-JinGui\seed-20260907.json,2,2,2
Training.Hard.3-1-FormationMaster-JinGui,20260908,Training.Hard.3-1,7,Blade,FormationMaster,JinGui,0,10,True,stalemate,baseline,True,15,3152,210.13333333333333,1325,1050.6666666666667,0.0,660,660,18302,11735,11735,0,41,12,2,54,2,1381,1665,,D:\UE5 demo\GameXXK\Saved\Balance\20260907-final-matrix\Training.Hard.3-1-FormationMaster-JinGui\seed-20260908.json,5,5,5
Training.Hard.3-1-FormationMaster-JinGui,20260909,Training.Hard.3-1,7,Blade,FormationMaster,JinGui,0,10,True,stalemate,baseline,True,8,3380,422.5,2595,1126.6666666666667,0.0,0,0,9570,11735,11735,0,20,12,2,25,0,476,1275,,D:\UE5 demo\GameXXK\Saved\Balance\20260907-final-matrix\Training.Hard.3-1-FormationMaster-JinGui\seed-20260909.json,1,1,1
Training.Hard.3-1-FormationMaster-JinGui,20260910,Training.Hard.3-1,7,Blade,FormationMaster,JinGui,0,10,True,stalemate,baseline,True,7,3286,469.42857142857144,3286,1095.3333333333333,0.0,0,0,7991,11735,11735,0,19,9,0,26,1,976,600,,D:\UE5 demo\GameXXK\Saved\Balance\20260907-final-matrix\Training.Hard.3-1-FormationMaster-JinGui\seed-20260910.json,1,1,1
Training.Hard.3-1-FormationMaster-QiongMeiEr,20260906,Training.Hard.3-1,7,Blade,FormationMaster,QiongMeiEr,3,10,True,victory,baseline,True,6,5540,923.3333333333334,3086,1180.6666666666667,666.0,20,20,5940,12194,12194,0,25,12,0,32,2,407,1555,,D:\UE5 demo\GameXXK\Saved\Balance\20260907-final-matrix\Training.Hard.3-1-FormationMaster-QiongMeiEr\seed-20260906.json,1,1,1
Training.Hard.3-1-FormationMaster-QiongMeiEr,20260907,Training.Hard.3-1,7,Blade,FormationMaster,QiongMeiEr,3,10,True,victory,baseline,True,4,5540,1385.0,3380,1183.3333333333333,1990.0,0,0,5004,12194,12194,0,18,15,0,23,0,652,975,,D:\UE5 demo\GameXXK\Saved\Balance\20260907-final-matrix\Training.Hard.3-1-FormationMaster-QiongMeiEr\seed-20260907.json,0,0,0
Training.Hard.3-1-FormationMaster-QiongMeiEr,20260908,Training.Hard.3-1,7,Blade,FormationMaster,QiongMeiEr,3,10,True,victory,baseline,True,5,5540,1108.0,3292,1220.6666666666667,939.0,0,0,4086,12194,12194,0,21,15,2,25,1,1161,675,,D:\UE5 demo\GameXXK\Saved\Balance\20260907-final-matrix\Training.Hard.3-1-FormationMaster-QiongMeiEr\seed-20260908.json,0,0,0
Training.Hard.3-1-FormationMaster-QiongMeiEr,20260909,Training.Hard.3-1,7,Blade,FormationMaster,QiongMeiEr,3,10,True,victory,baseline,True,4,5540,1385.0,3380,1227.6666666666667,1857.0,0,0,5436,12194,12194,0,16,15,0,23,0,502,600,,D:\UE5 demo\GameXXK\Saved\Balance\20260907-final-matrix\Training.Hard.3-1-FormationMaster-QiongMeiEr\seed-20260909.json,0,0,0
Training.Hard.3-1-FormationMaster-QiongMeiEr,20260910,Training.Hard.3-1,7,Blade,FormationMaster,QiongMeiEr,3,10,True,victory,baseline,True,5,5540,1108.0,3292,1220.6666666666667,939.0,0,0,3897,12194,12194,0,22,18,1,28,0,1575,1275,,D:\UE5 demo\GameXXK\Saved\Balance\20260907-final-matrix\Training.Hard.3-1-FormationMaster-QiongMeiEr\seed-20260910.json,0,0,0
npc-choice-Blade-TusiChief-0,20260906,Training.Hell.3-1,7,Blade,Blade,TusiChief,0,10,True,victory,npc_choice,True,33,11176,338.6666666666667,2672,1737.6666666666667,198.76666666666668,2114,825,4336,11323,12612,0,54,16,45,77,4,4484,0,,D:\UE5 demo\GameXXK\Saved\Balance\20260907-final-matrix\npc-choice-Blade-TusiChief-0\seed-20260906.json,9,1,4
npc-choice-Blade-TusiChief-0,20260907,Training.Hell.3-1,7,Blade,Blade,TusiChief,0,10,True,victory,npc_choice,True,30,11176,372.53333333333336,4017,1762.3333333333333,218.11111111111111,1148,600,4833,12064,12612,0,55,20,33,67,4,3066,30,,D:\UE5 demo\GameXXK\Saved\Balance\20260907-final-matrix\npc-choice-Blade-TusiChief-0\seed-20260907.json,6,0,0
npc-choice-Blade-TusiChief-0,20260908,Training.Hell.3-1,7,Blade,Blade,TusiChief,0,10,True,victory,npc_choice,True,27,11176,413.9259259259259,2772,1770.3333333333333,244.375,2119,675,3972,11168,12612,0,51,21,29,63,8,2987,0,,D:\UE5 demo\GameXXK\Saved\Balance\20260907-final-matrix\npc-choice-Blade-TusiChief-0\seed-20260908.json,9,1,43
npc-choice-Blade-TusiChief-0,20260909,Training.Hell.3-1,7,Blade,Blade,TusiChief,0,10,True,victory,npc_choice,True,29,11176,385.37931034482756,2772,1781.6666666666667,224.26923076923077,1306,1191,4154,12497,12612,0,49,27,36,68,8,3476,9,,D:\UE5 demo\GameXXK\Saved\Balance\20260907-final-matrix\npc-choice-Blade-TusiChief-0\seed-20260909.json,8,1,3
npc-choice-Blade-TusiChief-0,20260910,Training.Hell.3-1,7,Blade,Blade,TusiChief,0,10,True,victory,npc_choice,True,24,11176,465.6666666666667,2812,2686.0,148.47619047619048,1646,825,3333,11791,12612,0,46,43,25,55,3,3349,0,,D:\UE5 demo\GameXXK\Saved\Balance\20260907-final-matrix\npc-choice-Blade-TusiChief-0\seed-20260910.json,12,2,146
npc-choice-Blade-TusiChief-1,20260906,Training.Hell.3-1,7,Blade,Blade,TusiChief,1,10,True,victory,npc_choice,True,43,11176,259.90697674418607,2672,1810.6666666666667,143.6,2970,1275,3223,10917,12612,0,66,42,60,76,14,3402,0,,D:\UE5 demo\GameXXK\Saved\Balance\20260907-final-matrix\npc-choice-Blade-TusiChief-1\seed-20260906.json,17,1,4
npc-choice-Blade-TusiChief-1,20260907,Training.Hell.3-1,7,Blade,Blade,TusiChief,1,10,True,victory,npc_choice,True,35,11176,319.3142857142857,4017,1762.3333333333333,184.03125,1214,750,497,12148,12612,0,53,27,50,64,6,4424,30,,D:\UE5 demo\GameXXK\Saved\Balance\20260907-final-matrix\npc-choice-Blade-TusiChief-1\seed-20260907.json,9,0,0
npc-choice-Blade-TusiChief-1,20260908,Training.Hell.3-1,7,Blade,Blade,TusiChief,1,10,True,victory,npc_choice,True,28,11176,399.14285714285717,2772,1770.3333333333333,234.6,1741,975,284,11846,12612,0,46,21,36,61,7,2987,0,,D:\UE5 demo\GameXXK\Saved\Balance\20260907-final-matrix\npc-choice-Blade-TusiChief-1\seed-20260908.json,8,1,3
npc-choice-Blade-TusiChief-1,20260909,Training.Hell.3-1,7,Blade,Blade,TusiChief,1,10,True,victory,npc_choice,True,19,11176,588.2105263157895,2772,1781.6666666666667,364.4375,1290,994,426,12316,12612,0,31,27,25,43,4,2866,56,,D:\UE5 demo\GameXXK\Saved\Balance\20260907-final-matrix\npc-choice-Blade-TusiChief-1\seed-20260909.json,8,1,3
npc-choice-Blade-TusiChief-1,20260910,Training.Hell.3-1,7,Blade,Blade,TusiChief,1,10,True,victory,npc_choice,True,13,11176,859.6923076923077,2812,2686.0,311.8,1298,450,1136,11764,12612,0,24,40,14,30,2,1537,0,,D:\UE5 demo\GameXXK\Saved\Balance\20260907-final-matrix\npc-choice-Blade-TusiChief-1\seed-20260910.json,8,2,146
npc-choice-Blade-TusiChief-2,20260906,Training.Hell.3-1,7,Blade,Blade,TusiChief,2,10,True,victory,npc_choice,True,25,11176,447.04,2672,1810.6666666666667,261.09090909090907,2051,750,5426,11311,12612,0,52,33,20,57,8,4007,0,,D:\UE5 demo\GameXXK\Saved\Balance\20260907-final-matrix\npc-choice-Blade-TusiChief-2\seed-20260906.json,9,1,4
npc-choice-Blade-TusiChief-2,20260907,Training.Hell.3-1,7,Blade,Blade,TusiChief,2,10,True,victory,npc_choice,True,19,11176,588.2105263157895,2177,1479.0,421.1875,956,525,3858,12181,12612,0,39,39,17,51,3,3209,0,,D:\UE5 demo\GameXXK\Saved\Balance\20260907-final-matrix\npc-choice-Blade-TusiChief-2\seed-20260907.json,6,2,5
npc-choice-Blade-TusiChief-2,20260908,Training.Hell.3-1,7,Blade,Blade,TusiChief,2,10,True,victory,npc_choice,True,33,11176,338.6666666666667,2772,1659.3333333333333,206.6,2537,1050,4194,11125,12612,0,56,22,40,64,9,3610,0,,D:\UE5 demo\GameXXK\Saved\Balance\20260907-final-matrix\npc-choice-Blade-TusiChief-2\seed-20260908.json,10,2,3
npc-choice-Blade-TusiChief-2,20260909,Training.Hell.3-1,7,Blade,Blade,TusiChief,2,10,True,victory,npc_choice,True,33,11176,338.6666666666667,2772,1820.3333333333333,190.5,1935,900,6327,11577,12612,0,59,22,40,76,6,3035,0,,D:\UE5 demo\GameXXK\Saved\Balance\20260907-final-matrix\npc-choice-Blade-TusiChief-2\seed-20260909.json,9,1,3
npc-choice-Blade-TusiChief-2,20260910,Training.Hell.3-1,7,Blade,Blade,TusiChief,2,10,True,victory,npc_choice,True,38,11176,294.10526315789474,1959,1756.0,168.8,3176,1350,7407,10786,12612,0,71,35,44,88,6,3822,0,,D:\UE5 demo\GameXXK\Saved\Balance\20260907-final-matrix\npc-choice-Blade-TusiChief-2\seed-20260910.json,12,1,221
npc-choice-Blade-SongJinBao-0,20260906,Training.Hell.3-1,7,Blade,Blade,SongJinBao,0,10,True,stalemate,npc_choice,True,15,8291,552.7333333333333,1750,1735.6666666666667,257.0,465,465,0,12435,12435,0,38,41,28,59,5,2316,360,,D:\UE5 demo\GameXXK\Saved\Balance\20260907-final-matrix\npc-choice-Blade-SongJinBao-0\seed-20260906.json,3,1,3
npc-choice-Blade-SongJinBao-0,20260907,Training.Hell.3-1,7,Blade,Blade,SongJinBao,0,10,True,stalemate,npc_choice,True,16,5531,345.6875,3207,1843.6666666666667,0.0,645,645,0,12435,12435,0,48,18,23,61,6,312,80,,D:\UE5 demo\GameXXK\Saved\Balance\20260907-final-matrix\npc-choice-Blade-SongJinBao-0\seed-20260907.json,3,1,3
npc-choice-Blade-SongJinBao-0,20260908,Training.Hell.3-1,7,Blade,Blade,SongJinBao,0,10,True,stalemate,npc_choice,True,8,5544,693.0,4096,1848.0,0.0,0,0,0,12435,12435,0,22,28,11,37,5,55,75,,D:\UE5 demo\GameXXK\Saved\Balance\20260907-final-matrix\npc-choice-Blade-SongJinBao-0\seed-20260908.json,0,0,0
npc-choice-Blade-SongJinBao-0,20260909,Training.Hell.3-1,7,Blade,Blade,SongJinBao,0,10,True,stalemate,npc_choice,True,14,5445,388.92857142857144,4552,1698.0,31.90909090909091,178,178,0,12435,12435,0,45,10,13,55,4,55,197,,D:\UE5 demo\GameXXK\Saved\Balance\20260907-final-matrix\npc-choice-Blade-SongJinBao-0\seed-20260909.json,1,0,0
npc-choice-Blade-SongJinBao-0,20260910,Training.Hell.3-1,7,Blade,Blade,SongJinBao,0,10,True,stalemate,npc_choice,True,21,8291,394.8095238095238,5208,1808.3333333333333,159.22222222222223,747,747,0,12435,12435,0,58,36,32,78,6,2558,303,,D:\UE5 demo\GameXXK\Saved\Balance\20260907-final-matrix\npc-choice-Blade-SongJinBao-0\seed-20260910.json,3,1,2
npc-choice-Blade-SongJinBao-1,20260906,Training.Hell.3-1,7,Blade,Blade,SongJinBao,1,10,True,victory,npc_choice,True,22,11176,508.0,5110,1820.3333333333333,300.7894736842105,719,531,0,12247,12435,0,51,36,41,75,10,4497,294,,D:\UE5 demo\GameXXK\Saved\Balance\20260907-final-matrix\npc-choice-Blade-SongJinBao-1\seed-20260906.json,4,0,0
npc-choice-Blade-SongJinBao-1,20260907,Training.Hell.3-1,7,Blade,Blade,SongJinBao,1,10,True,victory,npc_choice,True,23,11176,485.9130434782609,3207,1726.0,299.9,1031,955,0,12359,12435,0,57,36,39,75,5,4540,270,,D:\UE5 demo\GameXXK\Saved\Balance\20260907-final-matrix\npc-choice-Blade-SongJinBao-1\seed-20260907.json,7,2,3
npc-choice-Blade-SongJinBao-1,20260908,Training.Hell.3-1,7,Blade,Blade,SongJinBao,1,10,True,victory,npc_choice,True,12,11176,931.3333333333334,4181,1793.3333333333333,644.0,105,103,0,12433,12435,0,31,56,24,48,7,3473,122,,D:\UE5 demo\GameXXK\Saved\Balance\20260907-final-matrix\npc-choice-Blade-SongJinBao-1\seed-20260908.json,2,1,0
npc-choice-Blade-SongJinBao-1,20260909,Training.Hell.3-1,7,Blade,Blade,SongJinBao,1,10,True,stalemate,npc_choice,True,8,5544,693.0,4552,1848.0,0.0,0,0,0,12435,12435,0,23,22,9,34,2,55,225,,D:\UE5 demo\GameXXK\Saved\Balance\20260907-final-matrix\npc-choice-Blade-SongJinBao-1\seed-20260909.json,0,0,0
npc-choice-Blade-SongJinBao-1,20260910,Training.Hell.3-1,7,Blade,Blade,SongJinBao,1,10,True,victory,npc_choice,True,13,11176,859.6923076923077,3115,2732.0,298.0,549,549,0,12435,12435,0,36,45,23,52,11,3783,126,,D:\UE5 demo\GameXXK\Saved\Balance\20260907-final-matrix\npc-choice-Blade-SongJinBao-1\seed-20260910.json,6,3,3
npc-choice-Blade-SongJinBao-2,20260906,Training.Hell.3-1,7,Blade,Blade,SongJinBao,2,10,True,stalemate,npc_choice,True,9,5413,601.4444444444445,1750,1804.3333333333333,0.0,122,122,0,12435,12435,0,30,32,8,46,9,141,203,,D:\UE5 demo\GameXXK\Saved\Balance\20260907-final-matrix\npc-choice-Blade-SongJinBao-2\seed-20260906.json,2,2,2
npc-choice-Blade-SongJinBao-2,20260907,Training.Hell.3-1,7,Blade,Blade,SongJinBao,2,10,True,victory,npc_choice,True,7,11176,1596.5714285714287,2502,1824.6666666666667,1425.5,292,292,0,12435,12435,0,19,43,12,70,21,3971,99,,D:\UE5 demo\GameXXK\Saved\Balance\20260907-final-matrix\npc-choice-Blade-SongJinBao-2\seed-20260907.json,2,1,2
npc-choice-Blade-SongJinBao-2,20260908,Training.Hell.3-1,7,Blade,Blade,SongJinBao,2,10,True,stalemate,npc_choice,True,8,5531,691.375,3708,1843.6666666666667,0.0,0,0,0,12435,12435,0,24,24,7,33,1,593,75,,D:\UE5 demo\GameXXK\Saved\Balance\20260907-final-matrix\npc-choice-Blade-SongJinBao-2\seed-20260908.json,0,0,0
npc-choice-Blade-SongJinBao-2,20260909,Training.Hell.3-1,7,Blade,Blade,SongJinBao,2,10,True,stalemate,npc_choice,True,14,8291,592.2142857142857,4047,1690.6666666666667,292.6363636363636,2,2,0,12435,12435,0,48,42,13,62,2,1658,373,,D:\UE5 demo\GameXXK\Saved\Balance\20260907-final-matrix\npc-choice-Blade-SongJinBao-2\seed-20260909.json,1,1,0
npc-choice-Blade-SongJinBao-2,20260910,Training.Hell.3-1,7,Blade,Blade,SongJinBao,2,10,True,victory,npc_choice,True,4,11176,2794.0,3184,1827.0,5695.0,0,0,0,12435,12435,0,17,41,2,61,17,4076,10,,D:\UE5 demo\GameXXK\Saved\Balance\20260907-final-matrix\npc-choice-Blade-SongJinBao-2\seed-20260910.json,0,0,0
npc-choice-Blade-YueBai-0,20260906,Training.Hell.3-1,7,Blade,Blade,YueBai,0,10,True,victory,npc_choice,True,27,11176,413.9259259259259,1190,1685.3333333333333,255.0,810,795,27216,11842,11857,0,44,99,35,81,8,3222,30,,D:\UE5 demo\GameXXK\Saved\Balance\20260907-final-matrix\npc-choice-Blade-YueBai-0\seed-20260906.json,9,1,1040
npc-choice-Blade-YueBai-0,20260907,Training.Hell.3-1,7,Blade,Blade,YueBai,0,10,True,stalemate,npc_choice,True,17,5448,320.47058823529414,4345,1749.3333333333333,14.285714285714286,16,16,14580,11857,11857,0,22,51,26,37,7,391,59,,D:\UE5 demo\GameXXK\Saved\Balance\20260907-final-matrix\npc-choice-Blade-YueBai-0\seed-20260907.json,4,0,558
npc-choice-Blade-YueBai-0,20260908,Training.Hell.3-1,7,Blade,Blade,YueBai,0,10,True,victory,npc_choice,True,22,11176,508.0,2772,1841.6666666666667,297.42105263157896,810,750,21870,11797,11857,0,42,92,23,67,5,3303,0,,D:\UE5 demo\GameXXK\Saved\Balance\20260907-final-matrix\npc-choice-Blade-YueBai-0\seed-20260908.json,8,1,908
npc-choice-Blade-YueBai-0,20260909,Training.Hell.3-1,7,Blade,Blade,YueBai,0,10,True,stalemate,npc_choice,True,23,8215,357.17391304347825,2772,1690.0,157.25,450,450,21384,11857,11857,0,34,76,32,55,2,1213,75,,D:\UE5 demo\GameXXK\Saved\Balance\20260907-final-matrix\npc-choice-Blade-YueBai-0\seed-20260909.json,9,1,795
npc-choice-Blade-YueBai-0,20260910,Training.Hell.3-1,7,Blade,Blade,YueBai,0,10,True,victory,npc_choice,True,27,11176,413.9259259259259,615,1535.3333333333333,273.75,1271,850,24300,11436,11857,0,50,109,30,68,6,3665,0,,D:\UE5 demo\GameXXK\Saved\Balance\20260907-final-matrix\npc-choice-Blade-YueBai-0\seed-20260910.json,12,1,1496
npc-choice-Blade-YueBai-1,20260906,Training.Hell.3-1,7,Blade,Blade,YueBai,1,10,True,stalemate,npc_choice,True,24,8291,345.4583333333333,1190,1785.6666666666667,139.71428571428572,690,690,37422,11857,11857,0,45,107,24,86,6,2397,60,,D:\UE5 demo\GameXXK\Saved\Balance\20260907-final-matrix\npc-choice-Blade-YueBai-1\seed-20260906.json,8,1,738
npc-choice-Blade-YueBai-1,20260907,Training.Hell.3-1,7,Blade,Blade,YueBai,1,10,True,stalemate,npc_choice,True,8,5251,656.375,4205,1750.3333333333333,0.0,0,0,12150,11857,11857,0,14,43,7,27,4,391,0,,D:\UE5 demo\GameXXK\Saved\Balance\20260907-final-matrix\npc-choice-Blade-YueBai-1\seed-20260907.json,2,0,287
npc-choice-Blade-YueBai-1,20260908,Training.Hell.3-1,7,Blade,Blade,YueBai,1,10,True,victory,npc_choice,True,27,11176,413.9259259259259,2772,1802.3333333333333,240.375,810,810,48114,11857,11857,0,56,157,24,106,8,3641,95,,D:\UE5 demo\GameXXK\Saved\Balance\20260907-final-matrix\npc-choice-Blade-YueBai-1\seed-20260908.json,11,1,922
npc-choice-Blade-YueBai-1,20260909,Training.Hell.3-1,7,Blade,Blade,YueBai,1,10,True,stalemate,npc_choice,True,23,8215,357.17391304347825,2772,1690.0,157.25,450,450,21384,11857,11857,0,34,76,32,55,2,1213,75,,D:\UE5 demo\GameXXK\Saved\Balance\20260907-final-matrix\npc-choice-Blade-YueBai-1\seed-20260909.json,9,1,795
npc-choice-Blade-YueBai-1,20260910,Training.Hell.3-1,7,Blade,Blade,YueBai,1,10,True,stalemate,npc_choice,True,23,5726,248.95652173913044,585,1218.6666666666667,103.5,750,750,30618,11857,11857,0,47,103,19,79,6,275,110,,D:\UE5 demo\GameXXK\Saved\Balance\20260907-final-matrix\npc-choice-Blade-YueBai-1\seed-20260910.json,12,2,1319
npc-choice-Blade-YueBai-2,20260906,Training.Hell.3-1,7,Blade,Blade,YueBai,2,10,True,victory,npc_choice,True,25,11176,447.04,1190,1785.6666666666667,264.5,810,810,20898,11857,11857,0,50,35,24,79,12,5021,90,,D:\UE5 demo\GameXXK\Saved\Balance\20260907-final-matrix\npc-choice-Blade-YueBai-2\seed-20260906.json,8,1,908
npc-choice-Blade-YueBai-2,20260907,Training.Hell.3-1,7,Blade,Blade,YueBai,2,10,True,stalemate,npc_choice,True,9,5491,610.1111111111111,4345,1830.3333333333333,0.0,0,0,6318,11857,11857,0,15,19,9,23,7,391,0,,D:\UE5 demo\GameXXK\Saved\Balance\20260907-final-matrix\npc-choice-Blade-YueBai-2\seed-20260907.json,2,0,287
npc-choice-Blade-YueBai-2,20260908,Training.Hell.3-1,7,Blade,Blade,YueBai,2,10,True,stalemate,npc_choice,True,22,5490,249.54545454545453,2772,1830.0,0.0,570,570,17982,11857,11857,0,41,19,22,67,6,55,255,,D:\UE5 demo\GameXXK\Saved\Balance\20260907-final-matrix\npc-choice-Blade-YueBai-2\seed-20260908.json,8,1,908
npc-choice-Blade-YueBai-2,20260909,Training.Hell.3-1,7,Blade,Blade,YueBai,2,10,True,victory,npc_choice,True,24,11176,465.6666666666667,2772,1801.6666666666667,274.8095238095238,586,586,16524,11857,11857,0,46,29,24,69,4,3333,119,,D:\UE5 demo\GameXXK\Saved\Balance\20260907-final-matrix\npc-choice-Blade-YueBai-2\seed-20260909.json,9,1,802
npc-choice-Blade-YueBai-2,20260910,Training.Hell.3-1,7,Blade,Blade,YueBai,2,10,True,stalemate,npc_choice,True,23,5730,249.1304347826087,615,1228.6666666666667,102.2,526,526,17010,11857,11857,0,44,19,22,74,7,103,304,,D:\UE5 demo\GameXXK\Saved\Balance\20260907-final-matrix\npc-choice-Blade-YueBai-2\seed-20260910.json,9,1,945
npc-choice-Blade-ZhouGuangZu-0,20260906,Training.Hell.3-1,7,Blade,Blade,ZhouGuangZu,0,10,True,victory,npc_choice,True,5,5574,1114.8,2516,1829.0,43.5,588,424,0,11288,11452,0,13,24,1,16,0,326,433,,D:\UE5 demo\GameXXK\Saved\Balance\20260907-final-matrix\npc-choice-Blade-ZhouGuangZu-0\seed-20260906.json,3,1,3
npc-choice-Blade-ZhouGuangZu-0,20260907,Training.Hell.3-1,7,Blade,Blade,ZhouGuangZu,0,10,True,victory,npc_choice,True,8,11176,1397.0,1962,1737.6666666666667,1192.6,819,393,2205,11026,11452,0,23,45,3,31,2,485,405,,D:\UE5 demo\GameXXK\Saved\Balance\20260907-final-matrix\npc-choice-Blade-ZhouGuangZu-0\seed-20260907.json,5,1,249
npc-choice-Blade-ZhouGuangZu-0,20260908,Training.Hell.3-1,7,Blade,Blade,ZhouGuangZu,0,10,True,victory,npc_choice,True,6,5574,929.0,2772,1727.0,131.0,1016,777,441,11213,11452,0,15,26,2,25,2,87,960,,D:\UE5 demo\GameXXK\Saved\Balance\20260907-final-matrix\npc-choice-Blade-ZhouGuangZu-0\seed-20260908.json,4,1,3
npc-choice-Blade-ZhouGuangZu-0,20260909,Training.Hell.3-1,7,Blade,Blade,ZhouGuangZu,0,10,True,victory,npc_choice,True,8,11163,1395.375,3591,1708.3333333333333,1207.6,15,15,1764,11452,11452,0,19,41,7,26,1,86,633,,D:\UE5 demo\GameXXK\Saved\Balance\20260907-final-matrix\npc-choice-Blade-ZhouGuangZu-0\seed-20260909.json,2,0,164
npc-choice-Blade-ZhouGuangZu-0,20260910,Training.Hell.3-1,7,Blade,Blade,ZhouGuangZu,0,10,True,victory,npc_choice,True,3,5574,1858.0,1460,1858.0,,279,42,441,11215,11452,0,9,24,0,13,0,260,315,,D:\UE5 demo\GameXXK\Saved\Balance\20260907-final-matrix\npc-choice-Blade-ZhouGuangZu-0\seed-20260910.json,3,1,249
npc-choice-Blade-ZhouGuangZu-1,20260906,Training.Hell.3-1,7,Blade,Blade,ZhouGuangZu,1,10,True,victory,npc_choice,True,3,5574,1858.0,2516,1858.0,,276,69,2205,11245,11452,0,10,24,0,12,1,263,3,,D:\UE5 demo\GameXXK\Saved\Balance\20260907-final-matrix\npc-choice-Blade-ZhouGuangZu-1\seed-20260906.json,3,1,249
npc-choice-Blade-ZhouGuangZu-1,20260907,Training.Hell.3-1,7,Blade,Blade,ZhouGuangZu,1,10,True,victory,npc_choice,True,4,5574,1393.5,1962,1857.0,3.0,336,40,2205,11156,11452,0,10,20,1,18,2,549,47,,D:\UE5 demo\GameXXK\Saved\Balance\20260907-final-matrix\npc-choice-Blade-ZhouGuangZu-1\seed-20260907.json,3,1,249
npc-choice-Blade-ZhouGuangZu-1,20260908,Training.Hell.3-1,7,Blade,Blade,ZhouGuangZu,1,10,True,victory,npc_choice,True,5,5574,1114.8,2772,1823.0,52.5,516,124,2646,11060,11452,0,12,26,2,18,0,55,3,,D:\UE5 demo\GameXXK\Saved\Balance\20260907-final-matrix\npc-choice-Blade-ZhouGuangZu-1\seed-20260908.json,3,1,249
npc-choice-Blade-ZhouGuangZu-1,20260909,Training.Hell.3-1,7,Blade,Blade,ZhouGuangZu,1,10,True,victory,npc_choice,True,11,11156,1014.1818181818181,3591,1748.3333333333333,738.875,274,85,3969,11263,11452,0,28,40,6,37,1,82,8,,D:\UE5 demo\GameXXK\Saved\Balance\20260907-final-matrix\npc-choice-Blade-ZhouGuangZu-1\seed-20260909.json,4,0,321
npc-choice-Blade-ZhouGuangZu-1,20260910,Training.Hell.3-1,7,Blade,Blade,ZhouGuangZu,1,10,True,victory,npc_choice,True,5,8350,1670.0,1460,1445.0,2007.5,582,141,2646,11011,11452,0,16,36,1,20,1,257,3,,D:\UE5 demo\GameXXK\Saved\Balance\20260907-final-matrix\npc-choice-Blade-ZhouGuangZu-1\seed-20260910.json,3,1,249
npc-choice-Blade-ZhouGuangZu-2,20260906,Training.Hell.3-1,7,Blade,Blade,ZhouGuangZu,2,10,True,victory,npc_choice,True,5,5574,1114.8,2516,1837.3333333333333,31.0,579,227,1764,11100,11452,0,14,24,0,18,1,294,235,,D:\UE5 demo\GameXXK\Saved\Balance\20260907-final-matrix\npc-choice-Blade-ZhouGuangZu-2\seed-20260906.json,3,1,249
npc-choice-Blade-ZhouGuangZu-2,20260907,Training.Hell.3-1,7,Blade,Blade,ZhouGuangZu,2,10,True,victory,npc_choice,True,5,5574,1114.8,1772,1857.0,1.5,648,588,882,11392,11452,0,11,23,2,22,1,341,538,,D:\UE5 demo\GameXXK\Saved\Balance\20260907-final-matrix\npc-choice-Blade-ZhouGuangZu-2\seed-20260907.json,3,1,3
npc-choice-Blade-ZhouGuangZu-2,20260908,Training.Hell.3-1,7,Blade,Blade,ZhouGuangZu,2,10,True,victory,npc_choice,True,5,5574,1114.8,2772,1823.0,52.5,522,282,2646,11212,11452,0,13,32,1,22,0,55,475,,D:\UE5 demo\GameXXK\Saved\Balance\20260907-final-matrix\npc-choice-Blade-ZhouGuangZu-2\seed-20260908.json,3,1,249
npc-choice-Blade-ZhouGuangZu-2,20260909,Training.Hell.3-1,7,Blade,Blade,ZhouGuangZu,2,10,True,victory,npc_choice,True,8,5574,696.75,3591,1766.3333333333333,55.0,346,87,2646,11193,11452,0,15,28,7,28,0,95,939,,D:\UE5 demo\GameXXK\Saved\Balance\20260907-final-matrix\npc-choice-Blade-ZhouGuangZu-2\seed-20260909.json,2,0,0
npc-choice-Blade-ZhouGuangZu-2,20260910,Training.Hell.3-1,7,Blade,Blade,ZhouGuangZu,2,10,True,victory,npc_choice,True,4,5764,1441.0,1295,1492.6666666666667,1286.0,849,116,882,10719,11452,0,12,22,0,18,0,491,315,,D:\UE5 demo\GameXXK\Saved\Balance\20260907-final-matrix\npc-choice-Blade-ZhouGuangZu-2\seed-20260910.json,4,1,249
npc-choice-Blade-JinGui-1,20260906,Training.Hell.3-1,7,Blade,Blade,JinGui,1,10,True,victory,npc_choice,True,33,11366,344.42424242424244,1190,1511.0,227.76666666666668,1267,1150,2481,11569,11686,0,72,108,27,77,5,4270,0,,D:\UE5 demo\GameXXK\Saved\Balance\20260907-final-matrix\npc-choice-Blade-JinGui-1\seed-20260906.json,6,1,119
npc-choice-Blade-JinGui-1,20260907,Training.Hell.3-1,7,Blade,Blade,JinGui,1,10,True,victory,npc_choice,True,27,11176,413.9259259259259,2268,1825.3333333333333,237.5,879,879,1554,11686,11686,0,49,64,32,61,5,3370,87,,D:\UE5 demo\GameXXK\Saved\Balance\20260907-final-matrix\npc-choice-Blade-JinGui-1\seed-20260907.json,4,1,17
npc-choice-Blade-JinGui-1,20260908,Training.Hell.3-1,7,Blade,Blade,JinGui,1,10,True,stalemate,npc_choice,True,21,8291,394.8095238095238,2772,1807.6666666666667,159.33333333333334,855,801,877,11632,11686,0,46,70,16,48,5,1670,24,,D:\UE5 demo\GameXXK\Saved\Balance\20260907-final-matrix\npc-choice-Blade-JinGui-1\seed-20260908.json,3,1,3
npc-choice-Blade-JinGui-1,20260909,Training.Hell.3-1,7,Blade,Blade,JinGui,1,10,True,stalemate,npc_choice,True,32,5500,171.875,2772,1833.3333333333333,0.0,819,819,1629,11686,11686,0,48,73,46,60,4,55,81,,D:\UE5 demo\GameXXK\Saved\Balance\20260907-final-matrix\npc-choice-Blade-JinGui-1\seed-20260909.json,4,1,17
npc-choice-Blade-JinGui-1,20260910,Training.Hell.3-1,7,Blade,Blade,JinGui,1,10,True,stalemate,npc_choice,True,29,5538,190.9655172413793,2278,1703.3333333333333,16.46153846153846,735,735,902,11686,11686,0,55,69,30,62,7,288,165,,D:\UE5 demo\GameXXK\Saved\Balance\20260907-final-matrix\npc-choice-Blade-JinGui-1\seed-20260910.json,3,1,3
npc-choice-Blade-JinGui-2,20260906,Training.Hell.3-1,7,Blade,Blade,JinGui,2,10,True,victory,npc_choice,True,37,11366,307.18918918918916,1190,1355.0,214.73529411764707,1252,1190,8744,11624,11686,0,85,103,25,89,6,4881,0,,D:\UE5 demo\GameXXK\Saved\Balance\20260907-final-matrix\npc-choice-Blade-JinGui-2\seed-20260906.json,4,1,61
npc-choice-Blade-JinGui-2,20260907,Training.Hell.3-1,7,Blade,Blade,JinGui,2,10,True,stalemate,npc_choice,True,24,5466,227.75,2149,1822.0,0.0,675,675,5612,11686,11686,0,52,62,18,61,5,328,75,,D:\UE5 demo\GameXXK\Saved\Balance\20260907-final-matrix\npc-choice-Blade-JinGui-2\seed-20260907.json,4,1,161
npc-choice-Blade-JinGui-2,20260908,Training.Hell.3-1,7,Blade,Blade,JinGui,2,10,True,victory,npc_choice,True,25,11176,447.04,2772,1704.0,275.6363636363636,1095,750,5562,11341,11686,0,59,65,17,69,8,4162,0,,D:\UE5 demo\GameXXK\Saved\Balance\20260907-final-matrix\npc-choice-Blade-JinGui-2\seed-20260908.json,3,1,3
npc-choice-Blade-JinGui-2,20260909,Training.Hell.3-1,7,Blade,Blade,JinGui,2,10,True,victory,npc_choice,True,31,11176,360.51612903225805,2772,1754.3333333333333,211.17857142857142,1395,825,6078,11116,11686,0,71,71,23,81,4,4741,0,,D:\UE5 demo\GameXXK\Saved\Balance\20260907-final-matrix\npc-choice-Blade-JinGui-2\seed-20260909.json,3,1,3
npc-choice-Blade-JinGui-2,20260910,Training.Hell.3-1,7,Blade,Blade,JinGui,2,10,True,victory,npc_choice,True,29,11176,385.37931034482756,1744,1693.0,234.5,1635,900,6153,10951,11686,0,75,97,13,74,5,4777,0,,D:\UE5 demo\GameXXK\Saved\Balance\20260907-final-matrix\npc-choice-Blade-JinGui-2\seed-20260910.json,3,1,3
npc-choice-Blade-JinGui-3,20260906,Training.Hell.3-1,7,Blade,Blade,JinGui,3,10,True,victory,npc_choice,True,32,11176,349.25,2161,1754.6666666666667,203.86206896551724,735,735,7135,11686,11686,0,76,93,19,86,6,5688,90,,D:\UE5 demo\GameXXK\Saved\Balance\20260907-final-matrix\npc-choice-Blade-JinGui-3\seed-20260906.json,3,1,3
npc-choice-Blade-JinGui-3,20260907,Training.Hell.3-1,7,Blade,Blade,JinGui,3,10,True,victory,npc_choice,True,42,11176,266.0952380952381,2319,1761.6666666666667,151.05128205128204,1094,1080,9906,11672,11686,0,94,108,30,101,10,6410,0,,D:\UE5 demo\GameXXK\Saved\Balance\20260907-final-matrix\npc-choice-Blade-JinGui-3\seed-20260907.json,3,1,4
npc-choice-Blade-JinGui-3,20260908,Training.Hell.3-1,7,Blade,Blade,JinGui,3,10,True,victory,npc_choice,True,30,11176,372.53333333333336,2772,1845.6666666666667,208.85185185185185,1035,850,6078,11501,11686,0,70,82,19,76,7,5291,0,,D:\UE5 demo\GameXXK\Saved\Balance\20260907-final-matrix\npc-choice-Blade-JinGui-3\seed-20260908.json,3,1,3
npc-choice-Blade-JinGui-3,20260909,Training.Hell.3-1,7,Blade,Blade,JinGui,3,10,True,stalemate,npc_choice,True,29,8291,285.8965517241379,2772,1731.6666666666667,119.07692307692308,675,675,7942,11686,11686,0,63,79,21,69,4,2377,75,,D:\UE5 demo\GameXXK\Saved\Balance\20260907-final-matrix\npc-choice-Blade-JinGui-3\seed-20260909.json,3,1,3
npc-choice-Blade-JinGui-3,20260910,Training.Hell.3-1,7,Blade,Blade,JinGui,3,10,True,victory,npc_choice,True,6,11159,1859.8333333333333,2166,2583.6666666666665,1136.0,1120,40,3038,10606,11686,0,17,37,0,18,2,975,80,,D:\UE5 demo\GameXXK\Saved\Balance\20260907-final-matrix\npc-choice-Blade-JinGui-3\seed-20260910.json,8,2,1064
npc-choice-Blade-QiongMeiEr-0,20260906,Training.Hell.3-1,7,Blade,Blade,QiongMeiEr,0,10,True,victory,npc_choice,True,22,11176,508.0,1750,1735.6666666666667,314.1578947368421,1042,988,0,12091,12145,0,61,46,34,75,6,4108,2192,,D:\UE5 demo\GameXXK\Saved\Balance\20260907-final-matrix\npc-choice-Blade-QiongMeiEr-0\seed-20260906.json,7,1,3
npc-choice-Blade-QiongMeiEr-0,20260907,Training.Hell.3-1,7,Blade,Blade,QiongMeiEr,0,10,True,stalemate,npc_choice,True,27,5438,201.40740740740742,3223,1812.6666666666667,0.0,671,671,0,12145,12145,0,55,41,49,65,7,418,1324,,D:\UE5 demo\GameXXK\Saved\Balance\20260907-final-matrix\npc-choice-Blade-QiongMeiEr-0\seed-20260907.json,5,0,0
npc-choice-Blade-QiongMeiEr-0,20260908,Training.Hell.3-1,7,Blade,Blade,QiongMeiEr,0,10,True,victory,npc_choice,True,29,11176,385.37931034482756,3320,1590.6666666666667,246.30769230769232,1020,1020,0,12145,12145,0,69,61,48,70,9,3716,3240,,D:\UE5 demo\GameXXK\Saved\Balance\20260907-final-matrix\npc-choice-Blade-QiongMeiEr-0\seed-20260908.json,7,0,2
npc-choice-Blade-QiongMeiEr-0,20260909,Training.Hell.3-1,7,Blade,Blade,QiongMeiEr,0,10,True,stalemate,npc_choice,True,22,5187,235.77272727272728,4701,1729.0,0.0,387,387,0,12145,12145,0,48,37,38,59,7,55,2328,,D:\UE5 demo\GameXXK\Saved\Balance\20260907-final-matrix\npc-choice-Blade-QiongMeiEr-0\seed-20260909.json,3,0,0
npc-choice-Blade-QiongMeiEr-0,20260910,Training.Hell.3-1,7,Blade,Blade,QiongMeiEr,0,10,True,victory,npc_choice,True,19,11176,588.2105263157895,2697,1833.0,354.8125,387,387,0,12145,12145,0,55,42,29,70,4,4125,1708,,D:\UE5 demo\GameXXK\Saved\Balance\20260907-final-matrix\npc-choice-Blade-QiongMeiEr-0\seed-20260910.json,3,0,0
npc-choice-Blade-QiongMeiEr-1,20260906,Training.Hell.3-1,7,Blade,Blade,QiongMeiEr,1,10,True,victory,npc_choice,True,9,11134,1237.111111111111,1750,1819.0,946.1666666666666,873,450,0,11722,12145,0,26,40,9,29,3,444,390,,D:\UE5 demo\GameXXK\Saved\Balance\20260907-final-matrix\npc-choice-Blade-QiongMeiEr-1\seed-20260906.json,6,1,3
npc-choice-Blade-QiongMeiEr-1,20260907,Training.Hell.3-1,7,Blade,Blade,QiongMeiEr,1,10,True,limit,npc_choice,False,60,8302,138.36666666666667,3223,2767.3333333333335,0.0,670,670,0,12145,12145,0,124,58,118,151,18,418,3020,Simulation reached MaxRounds before a terminal result.,D:\UE5 demo\GameXXK\Saved\Balance\20260907-final-matrix\npc-choice-Blade-QiongMeiEr-1\seed-20260907.json,13,0,0
npc-choice-Blade-QiongMeiEr-1,20260908,Training.Hell.3-1,7,Blade,Blade,QiongMeiEr,1,10,True,victory,npc_choice,True,13,11150,857.6923076923077,4062,1755.6666666666667,588.3,88,88,0,12145,12145,0,41,36,16,52,3,2004,932,,D:\UE5 demo\GameXXK\Saved\Balance\20260907-final-matrix\npc-choice-Blade-QiongMeiEr-1\seed-20260908.json,2,0,0
npc-choice-Blade-QiongMeiEr-1,20260909,Training.Hell.3-1,7,Blade,Blade,QiongMeiEr,1,10,True,victory,npc_choice,True,7,11157,1593.857142857143,4701,1857.6666666666667,1396.0,44,44,0,12145,12145,0,27,24,7,35,4,109,286,,D:\UE5 demo\GameXXK\Saved\Balance\20260907-final-matrix\npc-choice-Blade-QiongMeiEr-1\seed-20260909.json,1,0,0
npc-choice-Blade-QiongMeiEr-1,20260910,Training.Hell.3-1,7,Blade,Blade,QiongMeiEr,1,10,True,victory,npc_choice,True,8,11148,1393.5,2637,1836.0,1128.0,767,375,0,11753,12145,0,30,54,4,36,1,371,415,,D:\UE5 demo\GameXXK\Saved\Balance\20260907-final-matrix\npc-choice-Blade-QiongMeiEr-1\seed-20260910.json,4,0,2
npc-choice-Blade-QiongMeiEr-2,20260906,Training.Hell.3-1,7,Blade,Blade,QiongMeiEr,2,10,True,victory,npc_choice,True,10,11150,1115.0,1750,1799.0,821.8571428571429,866,864,0,12143,12145,0,33,39,10,39,4,524,561,,D:\UE5 demo\GameXXK\Saved\Balance\20260907-final-matrix\npc-choice-Blade-QiongMeiEr-2\seed-20260906.json,8,2,3
npc-choice-Blade-QiongMeiEr-2,20260907,Training.Hell.3-1,7,Blade,Blade,QiongMeiEr,2,10,True,victory,npc_choice,True,9,11124,1236.0,2149,1789.0,959.5,450,450,0,12145,12145,0,37,47,6,41,3,898,921,,D:\UE5 demo\GameXXK\Saved\Balance\20260907-final-matrix\npc-choice-Blade-QiongMeiEr-2\seed-20260907.json,4,1,3
npc-choice-Blade-QiongMeiEr-2,20260908,Training.Hell.3-1,7,Blade,Blade,QiongMeiEr,2,10,True,victory,npc_choice,True,8,11156,1394.5,3591,1791.0,1156.6,284,284,0,12145,12145,0,26,31,7,25,3,953,181,,D:\UE5 demo\GameXXK\Saved\Balance\20260907-final-matrix\npc-choice-Blade-QiongMeiEr-2\seed-20260908.json,2,0,0
npc-choice-Blade-QiongMeiEr-2,20260909,Training.Hell.3-1,7,Blade,Blade,QiongMeiEr,2,10,True,victory,npc_choice,True,11,11176,1016.0,4047,1760.6666666666667,736.75,227,44,0,11962,12145,0,41,33,8,46,6,506,751,,D:\UE5 demo\GameXXK\Saved\Balance\20260907-final-matrix\npc-choice-Blade-QiongMeiEr-2\seed-20260909.json,2,0,0
npc-choice-Blade-QiongMeiEr-2,20260910,Training.Hell.3-1,7,Blade,Blade,QiongMeiEr,2,10,True,victory,npc_choice,True,9,11158,1239.7777777777778,1190,1792.6666666666667,963.3333333333334,760,760,0,12145,12145,0,33,48,8,40,2,1560,655,,D:\UE5 demo\GameXXK\Saved\Balance\20260907-final-matrix\npc-choice-Blade-QiongMeiEr-2\seed-20260910.json,5,1,3
npc-choice-Guard-TusiChief-0,20260906,Training.Hell.3-1,7,Blade,Guard,TusiChief,0,10,True,limit,npc_choice,False,60,5286,88.1,540,1269.3333333333333,25.92982456140351,3527,1050,135953,10188,12665,0,167,139,13,147,8,0,0,Simulation reached MaxRounds before a terminal result.,D:\UE5 demo\GameXXK\Saved\Balance\20260907-final-matrix\npc-choice-Guard-TusiChief-0\seed-20260906.json,18,3,1336
npc-choice-Guard-TusiChief-0,20260907,Training.Hell.3-1,7,Blade,Guard,TusiChief,0,10,True,limit,npc_choice,False,60,5192,86.53333333333333,3589,1196.3333333333333,28.12280701754386,2134,750,138932,11281,12665,0,170,142,10,144,6,295,0,Simulation reached MaxRounds before a terminal result.,D:\UE5 demo\GameXXK\Saved\Balance\20260907-final-matrix\npc-choice-Guard-TusiChief-0\seed-20260907.json,16,4,202
npc-choice-Guard-TusiChief-0,20260908,Training.Hell.3-1,7,Blade,Guard,TusiChief,0,10,True,limit,npc_choice,False,60,5328,88.8,854,1429.6666666666667,18.228070175438596,4894,975,131065,8746,12665,0,163,125,17,143,7,364,0,Simulation reached MaxRounds before a terminal result.,D:\UE5 demo\GameXXK\Saved\Balance\20260907-final-matrix\npc-choice-Guard-TusiChief-0\seed-20260908.json,15,3,6
npc-choice-Guard-TusiChief-0,20260909,Training.Hell.3-1,7,Blade,Guard,TusiChief,0,10,True,limit,npc_choice,False,60,5402,90.03333333333333,854,1260.6666666666667,28.42105263157895,3170,900,138117,10395,12665,0,163,135,17,143,8,364,0,Simulation reached MaxRounds before a terminal result.,D:\UE5 demo\GameXXK\Saved\Balance\20260907-final-matrix\npc-choice-Guard-TusiChief-0\seed-20260909.json,17,4,6
npc-choice-Guard-TusiChief-0,20260910,Training.Hell.3-1,7,Blade,Guard,TusiChief,0,10,True,limit,npc_choice,False,60,5588,93.13333333333334,2204,1668.6666666666667,10.210526315789474,4788,1050,134053,8927,12665,0,168,135,12,150,9,4,0,Simulation reached MaxRounds before a terminal result.,D:\UE5 demo\GameXXK\Saved\Balance\20260907-final-matrix\npc-choice-Guard-TusiChief-0\seed-20260910.json,17,4,8
npc-choice-Guard-TusiChief-1,20260906,Training.Hell.3-1,7,Blade,Guard,TusiChief,1,10,True,limit,npc_choice,False,60,5693,94.88333333333334,540,1333.0,29.719298245614034,3229,975,139152,10411,12665,0,163,141,17,139,4,108,0,Simulation reached MaxRounds before a terminal result.,D:\UE5 demo\GameXXK\Saved\Balance\20260907-final-matrix\npc-choice-Guard-TusiChief-1\seed-20260906.json,29,15,701
npc-choice-Guard-TusiChief-1,20260907,Training.Hell.3-1,7,Blade,Guard,TusiChief,1,10,True,limit,npc_choice,False,60,5307,88.45,3589,1769.0,0.0,2330,975,130578,11310,12665,0,165,148,15,133,6,295,0,Simulation reached MaxRounds before a terminal result.,D:\UE5 demo\GameXXK\Saved\Balance\20260907-final-matrix\npc-choice-Guard-TusiChief-1\seed-20260907.json,25,13,24
npc-choice-Guard-TusiChief-1,20260908,Training.Hell.3-1,7,Blade,Guard,TusiChief,1,10,True,limit,npc_choice,False,60,5596,93.26666666666667,1581,1865.3333333333333,0.0,3678,975,141067,9962,12665,0,167,135,13,138,9,110,0,Simulation reached MaxRounds before a terminal result.,D:\UE5 demo\GameXXK\Saved\Balance\20260907-final-matrix\npc-choice-Guard-TusiChief-1\seed-20260908.json,28,14,850
npc-choice-Guard-TusiChief-1,20260909,Training.Hell.3-1,7,Blade,Guard,TusiChief,1,10,True,limit,npc_choice,False,60,5471,91.18333333333334,854,1477.3333333333333,18.228070175438596,2990,1500,139287,11175,12665,0,169,128,11,137,8,364,0,Simulation reached MaxRounds before a terminal result.,D:\UE5 demo\GameXXK\Saved\Balance\20260907-final-matrix\npc-choice-Guard-TusiChief-1\seed-20260909.json,28,15,28
npc-choice-Guard-TusiChief-1,20260910,Training.Hell.3-1,7,Blade,Guard,TusiChief,1,10,True,limit,npc_choice,False,60,5734,95.56666666666666,2204,1717.3333333333333,10.210526315789474,3358,1425,132369,10732,12665,0,162,128,18,130,6,4,0,Simulation reached MaxRounds before a terminal result.,D:\UE5 demo\GameXXK\Saved\Balance\20260907-final-matrix\npc-choice-Guard-TusiChief-1\seed-20260910.json,33,19,700
npc-choice-Guard-TusiChief-2,20260906,Training.Hell.3-1,7,Blade,Guard,TusiChief,2,10,True,limit,npc_choice,False,60,5406,90.1,540,987.3333333333334,42.87719298245614,3109,1125,142555,10681,12665,0,165,148,15,153,4,108,0,Simulation reached MaxRounds before a terminal result.,D:\UE5 demo\GameXXK\Saved\Balance\20260907-final-matrix\npc-choice-Guard-TusiChief-2\seed-20260906.json,18,4,679
npc-choice-Guard-TusiChief-2,20260907,Training.Hell.3-1,7,Blade,Guard,TusiChief,2,10,True,limit,npc_choice,False,60,5515,91.91666666666667,1700,1372.6666666666667,24.50877192982456,2906,1275,139029,11034,12665,0,177,154,3,151,9,204,0,Simulation reached MaxRounds before a terminal result.,D:\UE5 demo\GameXXK\Saved\Balance\20260907-final-matrix\npc-choice-Guard-TusiChief-2\seed-20260907.json,20,7,186
npc-choice-Guard-TusiChief-2,20260908,Training.Hell.3-1,7,Blade,Guard,TusiChief,2,10,True,limit,npc_choice,False,60,5342,89.03333333333333,1581,1156.0,32.87719298245614,3801,1200,133600,10064,12665,0,167,141,13,140,8,110,0,Simulation reached MaxRounds before a terminal result.,D:\UE5 demo\GameXXK\Saved\Balance\20260907-final-matrix\npc-choice-Guard-TusiChief-2\seed-20260908.json,17,3,1005
npc-choice-Guard-TusiChief-2,20260909,Training.Hell.3-1,7,Blade,Guard,TusiChief,2,10,True,limit,npc_choice,False,60,5238,87.3,854,1309.0,23.0,4866,975,134274,8774,12665,0,171,138,9,152,9,206,0,Simulation reached MaxRounds before a terminal result.,D:\UE5 demo\GameXXK\Saved\Balance\20260907-final-matrix\npc-choice-Guard-TusiChief-2\seed-20260909.json,14,3,678
npc-choice-Guard-TusiChief-2,20260910,Training.Hell.3-1,7,Blade,Guard,TusiChief,2,10,True,limit,npc_choice,False,60,5341,89.01666666666667,540,1155.6666666666667,32.87719298245614,4730,975,141402,8910,12665,0,170,151,10,152,4,108,0,Simulation reached MaxRounds before a terminal result.,D:\UE5 demo\GameXXK\Saved\Balance\20260907-final-matrix\npc-choice-Guard-TusiChief-2\seed-20260910.json,18,4,858
npc-choice-Guard-SongJinBao-0,20260906,Training.Hell.3-1,7,Blade,Guard,SongJinBao,0,10,True,stalemate,npc_choice,True,28,5593,199.75,0,1864.3333333333333,0.0,534,534,87008,12488,12488,0,114,52,4,110,7,174,141,,D:\UE5 demo\GameXXK\Saved\Balance\20260907-final-matrix\npc-choice-Guard-SongJinBao-0\seed-20260906.json,7,5,682
npc-choice-Guard-SongJinBao-0,20260907,Training.Hell.3-1,7,Blade,Guard,SongJinBao,0,10,True,stalemate,npc_choice,True,10,5490,549.0,2213,1363.0,200.14285714285714,150,150,28331,12488,12488,0,40,41,2,47,9,680,75,,D:\UE5 demo\GameXXK\Saved\Balance\20260907-final-matrix\npc-choice-Guard-SongJinBao-0\seed-20260907.json,2,2,4
npc-choice-Guard-SongJinBao-0,20260908,Training.Hell.3-1,7,Blade,Guard,SongJinBao,0,10,True,stalemate,npc_choice,True,20,5412,270.6,1696,1804.0,0.0,301,301,57551,12488,12488,0,86,61,0,87,12,217,149,,D:\UE5 demo\GameXXK\Saved\Balance\20260907-final-matrix\npc-choice-Guard-SongJinBao-0\seed-20260908.json,5,5,9
npc-choice-Guard-SongJinBao-0,20260909,Training.Hell.3-1,7,Blade,Guard,SongJinBao,0,10,True,stalemate,npc_choice,True,21,5483,261.0952380952381,1190,1827.6666666666667,0.0,511,511,65372,12488,12488,0,91,51,4,95,9,504,89,,D:\UE5 demo\GameXXK\Saved\Balance\20260907-final-matrix\npc-choice-Guard-SongJinBao-0\seed-20260909.json,7,6,155
npc-choice-Guard-SongJinBao-0,20260910,Training.Hell.3-1,7,Blade,Guard,SongJinBao,0,10,True,stalemate,npc_choice,True,48,5644,117.58333333333333,1190,1261.3333333333333,41.333333333333336,1256,1256,145453,12488,12488,0,200,122,5,183,10,176,94,,D:\UE5 demo\GameXXK\Saved\Balance\20260907-final-matrix\npc-choice-Guard-SongJinBao-0\seed-20260910.json,14,12,694
npc-choice-Guard-SongJinBao-1,20260906,Training.Hell.3-1,7,Blade,Guard,SongJinBao,1,10,True,limit,npc_choice,False,60,5479,91.31666666666666,0,1181.3333333333333,33.94736842105263,1548,1545,202596,12485,12488,0,253,261,16,268,12,174,180,Simulation reached MaxRounds before a terminal result.,D:\UE5 demo\GameXXK\Saved\Balance\20260907-final-matrix\npc-choice-Guard-SongJinBao-1\seed-20260906.json,28,21,700
npc-choice-Guard-SongJinBao-1,20260907,Training.Hell.3-1,7,Blade,Guard,SongJinBao,1,10,True,limit,npc_choice,False,60,5524,92.06666666666666,2290,1841.3333333333333,0.0,2188,1958,220426,12258,12488,0,246,263,23,279,16,317,142,Simulation reached MaxRounds before a terminal result.,D:\UE5 demo\GameXXK\Saved\Balance\20260907-final-matrix\npc-choice-Guard-SongJinBao-1\seed-20260907.json,25,14,28
npc-choice-Guard-SongJinBao-1,20260908,Training.Hell.3-1,7,Blade,Guard,SongJinBao,1,10,True,limit,npc_choice,False,60,5500,91.66666666666667,2796,1833.3333333333333,0.0,1963,1585,199918,12110,12488,0,253,220,13,244,9,130,140,Simulation reached MaxRounds before a terminal result.,D:\UE5 demo\GameXXK\Saved\Balance\20260907-final-matrix\npc-choice-Guard-SongJinBao-1\seed-20260908.json,27,19,29
npc-choice-Guard-SongJinBao-1,20260909,Training.Hell.3-1,7,Blade,Guard,SongJinBao,1,10,True,limit,npc_choice,False,60,5287,88.11666666666666,1190,1278.0,25.49122807017544,1831,1575,202605,12232,12488,0,246,203,18,236,9,482,0,Simulation reached MaxRounds before a terminal result.,D:\UE5 demo\GameXXK\Saved\Balance\20260907-final-matrix\npc-choice-Guard-SongJinBao-1\seed-20260909.json,27,20,171
npc-choice-Guard-SongJinBao-1,20260910,Training.Hell.3-1,7,Blade,Guard,SongJinBao,1,10,True,limit,npc_choice,False,60,5360,89.33333333333333,1190,1786.6666666666667,0.0,1302,884,190309,12070,12488,0,234,223,29,226,11,283,241,Simulation reached MaxRounds before a terminal result.,D:\UE5 demo\GameXXK\Saved\Balance\20260907-final-matrix\npc-choice-Guard-SongJinBao-1\seed-20260910.json,27,22,28
npc-choice-Guard-SongJinBao-2,20260906,Training.Hell.3-1,7,Blade,Guard,SongJinBao,2,10,True,stalemate,npc_choice,True,28,5438,194.21428571428572,0,987.3333333333334,99.04,774,774,92583,12488,12488,0,123,114,1,132,6,174,126,,D:\UE5 demo\GameXXK\Saved\Balance\20260907-final-matrix\npc-choice-Guard-SongJinBao-2\seed-20260906.json,9,7,686
npc-choice-Guard-SongJinBao-2,20260907,Training.Hell.3-1,7,Blade,Guard,SongJinBao,2,10,True,stalemate,npc_choice,True,10,5427,542.7,1190,1309.3333333333333,214.14285714285714,61,61,33910,12488,12488,0,41,59,0,51,13,204,89,,D:\UE5 demo\GameXXK\Saved\Balance\20260907-final-matrix\npc-choice-Guard-SongJinBao-2\seed-20260907.json,4,4,7
npc-choice-Guard-SongJinBao-2,20260908,Training.Hell.3-1,7,Blade,Guard,SongJinBao,2,10,True,stalemate,npc_choice,True,17,5101,300.05882352941177,2198,1700.3333333333333,0.0,301,301,52653,12488,12488,0,71,78,3,79,8,343,74,,D:\UE5 demo\GameXXK\Saved\Balance\20260907-final-matrix\npc-choice-Guard-SongJinBao-2\seed-20260908.json,5,5,9
npc-choice-Guard-SongJinBao-2,20260909,Training.Hell.3-1,7,Blade,Guard,SongJinBao,2,10,True,limit,npc_choice,False,60,5397,89.95,854,987.3333333333334,42.719298245614034,1657,1236,206817,12067,12488,0,237,270,26,251,2,205,189,Simulation reached MaxRounds before a terminal result.,D:\UE5 demo\GameXXK\Saved\Balance\20260907-final-matrix\npc-choice-Guard-SongJinBao-2\seed-20260909.json,28,20,173
npc-choice-Guard-SongJinBao-2,20260910,Training.Hell.3-1,7,Blade,Guard,SongJinBao,2,10,True,stalemate,npc_choice,True,32,5162,161.3125,0,1532.6666666666667,19.448275862068964,1264,825,101509,12049,12488,0,133,127,6,132,1,204,0,,D:\UE5 demo\GameXXK\Saved\Balance\20260907-final-matrix\npc-choice-Guard-SongJinBao-2\seed-20260910.json,12,9,688
npc-choice-Guard-YueBai-0,20260906,Training.Hell.3-1,7,Blade,Guard,YueBai,0,10,True,stalemate,npc_choice,True,22,5312,241.45454545454547,2689,1770.6666666666667,0.0,1110,255,65735,11055,11910,0,61,125,2,61,7,9,45,,D:\UE5 demo\GameXXK\Saved\Balance\20260907-final-matrix\npc-choice-Guard-YueBai-0\seed-20260906.json,13,8,632
npc-choice-Guard-YueBai-0,20260907,Training.Hell.3-1,7,Blade,Guard,YueBai,0,10,True,stalemate,npc_choice,True,22,5684,258.3636363636364,4070,1828.0,10.526315789473685,630,450,49617,11730,11910,0,59,80,4,54,6,189,0,,D:\UE5 demo\GameXXK\Saved\Balance\20260907-final-matrix\npc-choice-Guard-YueBai-0\seed-20260907.json,12,6,941
npc-choice-Guard-YueBai-0,20260908,Training.Hell.3-1,7,Blade,Guard,YueBai,0,10,True,stalemate,npc_choice,True,21,5651,269.0952380952381,884,1317.3333333333333,94.38888888888889,630,375,59949,11655,11910,0,60,129,0,62,6,0,0,,D:\UE5 demo\GameXXK\Saved\Balance\20260907-final-matrix\npc-choice-Guard-YueBai-0\seed-20260908.json,13,6,1957
npc-choice-Guard-YueBai-0,20260909,Training.Hell.3-1,7,Blade,Guard,YueBai,0,10,True,stalemate,npc_choice,True,21,5684,270.6666666666667,854,1828.0,11.11111111111111,390,375,59281,11895,11910,0,59,119,1,59,6,189,75,,D:\UE5 demo\GameXXK\Saved\Balance\20260907-final-matrix\npc-choice-Guard-YueBai-0\seed-20260909.json,13,7,943
npc-choice-Guard-YueBai-0,20260910,Training.Hell.3-1,7,Blade,Guard,YueBai,0,10,True,stalemate,npc_choice,True,12,5426,452.1666666666667,3443,1615.6666666666667,64.33333333333333,0,0,32139,11910,11910,0,30,72,3,32,4,320,0,,D:\UE5 demo\GameXXK\Saved\Balance\20260907-final-matrix\npc-choice-Guard-YueBai-0\seed-20260910.json,5,3,270
npc-choice-Guard-YueBai-1,20260906,Training.Hell.3-1,7,Blade,Guard,YueBai,1,10,True,stalemate,npc_choice,True,10,5330,533.0,3443,1588.6666666666667,80.57142857142857,0,0,34455,11910,11910,0,27,53,0,34,4,230,0,,D:\UE5 demo\GameXXK\Saved\Balance\20260907-final-matrix\npc-choice-Guard-YueBai-1\seed-20260906.json,2,1,134
npc-choice-Guard-YueBai-1,20260907,Training.Hell.3-1,7,Blade,Guard,YueBai,1,10,True,stalemate,npc_choice,True,10,5391,539.1,3930,1604.0,82.71428571428571,270,180,28802,11820,11910,0,26,49,1,33,5,189,45,,D:\UE5 demo\GameXXK\Saved\Balance\20260907-final-matrix\npc-choice-Guard-YueBai-1\seed-20260907.json,7,4,541
npc-choice-Guard-YueBai-1,20260908,Training.Hell.3-1,7,Blade,Guard,YueBai,1,10,True,stalemate,npc_choice,True,27,5238,194.0,854,1270.3333333333333,59.458333333333336,2310,300,98562,9900,11910,0,78,166,0,88,7,205,0,,D:\UE5 demo\GameXXK\Saved\Balance\20260907-final-matrix\npc-choice-Guard-YueBai-1\seed-20260908.json,16,9,1438
npc-choice-Guard-YueBai-1,20260909,Training.Hell.3-1,7,Blade,Guard,YueBai,1,10,True,stalemate,npc_choice,True,30,5721,190.7,854,1907.0,0.0,2070,450,91626,10290,11910,0,84,178,3,75,6,189,0,,D:\UE5 demo\GameXXK\Saved\Balance\20260907-final-matrix\npc-choice-Guard-YueBai-1\seed-20260909.json,15,8,1436
npc-choice-Guard-YueBai-1,20260910,Training.Hell.3-1,7,Blade,Guard,YueBai,1,10,True,stalemate,npc_choice,True,11,5426,493.27272727272725,3946,1483.3333333333333,122.0,0,0,32693,11910,11910,0,30,57,0,31,4,230,0,,D:\UE5 demo\GameXXK\Saved\Balance\20260907-final-matrix\npc-choice-Guard-YueBai-1\seed-20260910.json,4,2,268
npc-choice-Guard-YueBai-2,20260906,Training.Hell.3-1,7,Blade,Guard,YueBai,2,10,True,stalemate,npc_choice,True,14,5467,390.5,3443,1722.3333333333333,27.272727272727273,0,0,42594,11910,11910,0,38,44,1,44,10,320,0,,D:\UE5 demo\GameXXK\Saved\Balance\20260907-final-matrix\npc-choice-Guard-YueBai-2\seed-20260906.json,4,2,268
npc-choice-Guard-YueBai-2,20260907,Training.Hell.3-1,7,Blade,Guard,YueBai,2,10,True,stalemate,npc_choice,True,27,5684,210.5185185185185,4070,1828.0,8.333333333333334,1230,480,73074,11160,11910,0,76,91,2,74,7,189,45,,D:\UE5 demo\GameXXK\Saved\Balance\20260907-final-matrix\npc-choice-Guard-YueBai-2\seed-20260907.json,16,9,1079
npc-choice-Guard-YueBai-2,20260908,Training.Hell.3-1,7,Blade,Guard,YueBai,2,10,True,stalemate,npc_choice,True,27,5645,209.07407407407408,884,987.3333333333334,111.79166666666667,3150,225,81833,8985,11910,0,77,96,1,82,8,205,0,,D:\UE5 demo\GameXXK\Saved\Balance\20260907-final-matrix\npc-choice-Guard-YueBai-2\seed-20260908.json,15,8,1436
npc-choice-Guard-YueBai-2,20260909,Training.Hell.3-1,7,Blade,Guard,YueBai,2,10,True,limit,npc_choice,False,60,5384,89.73333333333333,854,1794.6666666666667,0.0,2490,1200,175370,10620,11910,0,172,175,8,166,8,189,0,Simulation reached MaxRounds before a terminal result.,D:\UE5 demo\GameXXK\Saved\Balance\20260907-final-matrix\npc-choice-Guard-YueBai-2\seed-20260909.json,29,15,2374
npc-choice-Guard-YueBai-2,20260910,Training.Hell.3-1,7,Blade,Guard,YueBai,2,10,True,stalemate,npc_choice,True,11,5264,478.54545454545456,3946,1483.3333333333333,101.75,0,0,28225,11910,11910,0,30,15,0,35,4,320,0,,D:\UE5 demo\GameXXK\Saved\Balance\20260907-final-matrix\npc-choice-Guard-YueBai-2\seed-20260910.json,5,3,270
npc-choice-Guard-ZhouGuangZu-0,20260906,Training.Hell.3-1,7,Blade,Guard,ZhouGuangZu,0,10,True,victory,npc_choice,True,18,11341,630.0555555555555,105,987.3333333333334,558.6,1268,986,42815,11223,11505,0,55,91,4,64,0,265,1246,,D:\UE5 demo\GameXXK\Saved\Balance\20260907-final-matrix\npc-choice-Guard-ZhouGuangZu-0\seed-20260906.json,12,5,996
npc-choice-Guard-ZhouGuangZu-0,20260907,Training.Hell.3-1,7,Blade,Guard,ZhouGuangZu,0,10,True,victory,npc_choice,True,18,11366,631.4444444444445,1460,987.3333333333334,560.2666666666667,1951,1744,42374,11298,11505,0,57,78,2,66,0,205,407,,D:\UE5 demo\GameXXK\Saved\Balance\20260907-final-matrix\npc-choice-Guard-ZhouGuangZu-0\seed-20260907.json,11,5,1091
npc-choice-Guard-ZhouGuangZu-0,20260908,Training.Hell.3-1,7,Blade,Guard,ZhouGuangZu,0,10,True,victory,npc_choice,True,21,11268,536.5714285714286,854,1127.0,438.1666666666667,1991,1728,57087,11242,11505,0,71,93,1,84,2,576,1548,,D:\UE5 demo\GameXXK\Saved\Balance\20260907-final-matrix\npc-choice-Guard-ZhouGuangZu-0\seed-20260908.json,15,5,1552
npc-choice-Guard-ZhouGuangZu-0,20260909,Training.Hell.3-1,7,Blade,Guard,ZhouGuangZu,0,10,True,victory,npc_choice,True,32,11366,355.1875,854,1155.3333333333333,272.41379310344826,1770,1770,85402,11505,11505,0,104,131,6,119,4,205,3174,,D:\UE5 demo\GameXXK\Saved\Balance\20260907-final-matrix\npc-choice-Guard-ZhouGuangZu-0\seed-20260909.json,19,7,1024
npc-choice-Guard-ZhouGuangZu-0,20260910,Training.Hell.3-1,7,Blade,Guard,ZhouGuangZu,0,10,True,victory,npc_choice,True,14,11281,805.7857142857143,959,959.0,764.0,1820,1333,37011,11018,11505,0,47,74,2,60,1,204,749,,D:\UE5 demo\GameXXK\Saved\Balance\20260907-final-matrix\npc-choice-Guard-ZhouGuangZu-0\seed-20260910.json,13,7,809
npc-choice-Guard-ZhouGuangZu-1,20260906,Training.Hell.3-1,7,Blade,Guard,ZhouGuangZu,1,10,True,victory,npc_choice,True,16,11366,710.375,105,987.3333333333334,646.4615384615385,1636,183,45866,10052,11505,0,54,94,0,66,1,506,3,,D:\UE5 demo\GameXXK\Saved\Balance\20260907-final-matrix\npc-choice-Guard-ZhouGuangZu-1\seed-20260906.json,13,6,1124
npc-choice-Guard-ZhouGuangZu-1,20260907,Training.Hell.3-1,7,Blade,Guard,ZhouGuangZu,1,10,True,victory,npc_choice,True,20,8565,428.25,1460,987.3333333333334,329.5882352941176,2586,147,60090,9066,11505,0,69,110,1,76,2,211,0,,D:\UE5 demo\GameXXK\Saved\Balance\20260907-final-matrix\npc-choice-Guard-ZhouGuangZu-1\seed-20260907.json,11,6,1186
npc-choice-Guard-ZhouGuangZu-1,20260908,Training.Hell.3-1,7,Blade,Guard,ZhouGuangZu,1,10,True,victory,npc_choice,True,19,11352,597.4736842105264,959,1155.3333333333333,492.875,1369,345,52081,10481,11505,0,63,103,0,75,1,240,3,,D:\UE5 demo\GameXXK\Saved\Balance\20260907-final-matrix\npc-choice-Guard-ZhouGuangZu-1\seed-20260908.json,12,6,1123
npc-choice-Guard-ZhouGuangZu-1,20260909,Training.Hell.3-1,7,Blade,Guard,ZhouGuangZu,1,10,True,victory,npc_choice,True,12,8565,713.75,854,1155.3333333333333,566.5555555555555,809,246,30515,10942,11505,0,36,43,1,50,1,227,3,,D:\UE5 demo\GameXXK\Saved\Balance\20260907-final-matrix\npc-choice-Guard-ZhouGuangZu-1\seed-20260909.json,8,4,921
npc-choice-Guard-ZhouGuangZu-1,20260910,Training.Hell.3-1,7,Blade,Guard,ZhouGuangZu,1,10,True,victory,npc_choice,True,12,8565,713.75,959,1155.3333333333333,566.5555555555555,1170,396,31180,10731,11505,0,37,60,0,46,0,287,3,,D:\UE5 demo\GameXXK\Saved\Balance\20260907-final-matrix\npc-choice-Guard-ZhouGuangZu-1\seed-20260910.json,8,4,680
npc-choice-Guard-ZhouGuangZu-2,20260906,Training.Hell.3-1,7,Blade,Guard,ZhouGuangZu,2,10,True,victory,npc_choice,True,13,5764,443.38461538461536,105,987.3333333333334,280.2,1317,1091,31410,11279,11505,0,38,69,1,55,2,302,1042,,D:\UE5 demo\GameXXK\Saved\Balance\20260907-final-matrix\npc-choice-Guard-ZhouGuangZu-2\seed-20260906.json,8,4,993
npc-choice-Guard-ZhouGuangZu-2,20260907,Training.Hell.3-1,7,Blade,Guard,ZhouGuangZu,2,10,True,victory,npc_choice,True,19,5764,303.36842105263156,1295,987.3333333333334,175.125,3103,2436,60833,10838,11505,0,60,107,5,73,0,293,615,,D:\UE5 demo\GameXXK\Saved\Balance\20260907-final-matrix\npc-choice-Guard-ZhouGuangZu-2\seed-20260907.json,11,6,863
npc-choice-Guard-ZhouGuangZu-2,20260908,Training.Hell.3-1,7,Blade,Guard,ZhouGuangZu,2,10,True,victory,npc_choice,True,10,5764,576.4,959,1155.3333333333333,328.2857142857143,959,675,25388,11221,11505,0,32,56,0,45,0,214,1080,,D:\UE5 demo\GameXXK\Saved\Balance\20260907-final-matrix\npc-choice-Guard-ZhouGuangZu-2\seed-20260908.json,6,3,194
npc-choice-Guard-ZhouGuangZu-2,20260909,Training.Hell.3-1,7,Blade,Guard,ZhouGuangZu,2,10,True,victory,npc_choice,True,11,5764,524.0,854,1155.3333333333333,287.25,914,736,31193,11327,11505,0,35,43,2,50,1,274,1094,,D:\UE5 demo\GameXXK\Saved\Balance\20260907-final-matrix\npc-choice-Guard-ZhouGuangZu-2\seed-20260909.json,8,4,859
npc-choice-Guard-ZhouGuangZu-2,20260910,Training.Hell.3-1,7,Blade,Guard,ZhouGuangZu,2,10,True,victory,npc_choice,True,13,5764,443.38461538461536,959,1155.3333333333333,229.8,1394,1066,36090,11177,11505,0,40,66,1,56,1,243,764,,D:\UE5 demo\GameXXK\Saved\Balance\20260907-final-matrix\npc-choice-Guard-ZhouGuangZu-2\seed-20260910.json,8,4,859
npc-choice-Guard-JinGui-1,20260906,Training.Hell.3-1,7,Blade,Guard,JinGui,1,10,True,stalemate,npc_choice,True,26,5379,206.8846153846154,594,1165.3333333333333,81.8695652173913,3025,225,54932,8939,11739,0,72,90,6,58,2,228,0,,D:\UE5 demo\GameXXK\Saved\Balance\20260907-final-matrix\npc-choice-Guard-JinGui-1\seed-20260906.json,10,5,735
npc-choice-Guard-JinGui-1,20260907,Training.Hell.3-1,7,Blade,Guard,JinGui,1,10,True,stalemate,npc_choice,True,33,5298,160.54545454545453,1704,1483.0,28.3,1162,556,66633,11133,11739,0,92,104,6,80,3,90,44,,D:\UE5 demo\GameXXK\Saved\Balance\20260907-final-matrix\npc-choice-Guard-JinGui-1\seed-20260907.json,10,6,882
npc-choice-Guard-JinGui-1,20260908,Training.Hell.3-1,7,Blade,Guard,JinGui,1,10,True,stalemate,npc_choice,True,57,5393,94.6140350877193,854,1645.0,8.481481481481481,2591,1275,109065,10423,11739,0,157,186,12,143,5,282,0,,D:\UE5 demo\GameXXK\Saved\Balance\20260907-final-matrix\npc-choice-Guard-JinGui-1\seed-20260908.json,11,6,697
npc-choice-Guard-JinGui-1,20260909,Training.Hell.3-1,7,Blade,Guard,JinGui,1,10,True,stalemate,npc_choice,True,54,5559,102.94444444444444,854,1675.0,10.470588235294118,2042,1200,113525,10897,11739,0,154,173,6,133,8,282,0,,D:\UE5 demo\GameXXK\Saved\Balance\20260907-final-matrix\npc-choice-Guard-JinGui-1\seed-20260909.json,13,7,724
npc-choice-Guard-JinGui-1,20260910,Training.Hell.3-1,7,Blade,Guard,JinGui,1,10,True,stalemate,npc_choice,True,17,5346,314.47058823529414,2213,1164.3333333333333,132.35714285714286,1620,225,38844,10344,11739,0,51,47,0,48,2,228,0,,D:\UE5 demo\GameXXK\Saved\Balance\20260907-final-matrix\npc-choice-Guard-JinGui-1\seed-20260910.json,8,4,720
npc-choice-Guard-JinGui-2,20260906,Training.Hell.3-1,7,Blade,Guard,JinGui,2,10,True,stalemate,npc_choice,True,47,5469,116.36170212765957,594,1427.0,27.0,1962,900,109006,10677,11739,0,136,139,5,117,2,228,0,,D:\UE5 demo\GameXXK\Saved\Balance\20260907-final-matrix\npc-choice-Guard-JinGui-2\seed-20260906.json,17,9,780
npc-choice-Guard-JinGui-2,20260907,Training.Hell.3-1,7,Blade,Guard,JinGui,2,10,True,stalemate,npc_choice,True,21,5326,253.61904761904762,1190,1254.0,86.88888888888889,2323,225,44318,9641,11739,0,62,68,0,53,2,90,0,,D:\UE5 demo\GameXXK\Saved\Balance\20260907-final-matrix\npc-choice-Guard-JinGui-2\seed-20260907.json,10,5,897
npc-choice-Guard-JinGui-2,20260908,Training.Hell.3-1,7,Blade,Guard,JinGui,2,10,True,stalemate,npc_choice,True,18,5384,299.1111111111111,854,1511.6666666666667,56.6,1537,225,38501,10427,11739,0,53,67,0,46,2,92,0,,D:\UE5 demo\GameXXK\Saved\Balance\20260907-final-matrix\npc-choice-Guard-JinGui-2\seed-20260908.json,7,4,705
npc-choice-Guard-JinGui-2,20260909,Training.Hell.3-1,7,Blade,Guard,JinGui,2,10,True,stalemate,npc_choice,True,40,5495,137.375,854,987.3333333333334,68.45945945945945,2415,450,86630,9774,11739,0,112,116,7,90,1,92,0,,D:\UE5 demo\GameXXK\Saved\Balance\20260907-final-matrix\npc-choice-Guard-JinGui-2\seed-20260909.json,14,7,765
npc-choice-Guard-JinGui-2,20260910,Training.Hell.3-1,7,Blade,Guard,JinGui,2,10,True,stalemate,npc_choice,True,19,5664,298.10526315789474,1190,1605.0,53.0625,1682,225,42044,10282,11739,0,54,61,2,47,0,228,0,,D:\UE5 demo\GameXXK\Saved\Balance\20260907-final-matrix\npc-choice-Guard-JinGui-2\seed-20260910.json,9,5,361
npc-choice-Guard-JinGui-3,20260906,Training.Hell.3-1,7,Blade,Guard,JinGui,3,10,True,stalemate,npc_choice,True,30,5395,179.83333333333334,584,1236.0,62.48148148148148,973,675,65331,11441,11739,0,86,93,1,80,2,5,0,,D:\UE5 demo\GameXXK\Saved\Balance\20260907-final-matrix\npc-choice-Guard-JinGui-3\seed-20260906.json,8,4,692
npc-choice-Guard-JinGui-3,20260907,Training.Hell.3-1,7,Blade,Guard,JinGui,3,10,True,limit,npc_choice,False,60,5453,90.88333333333334,1775,987.3333333333334,43.70175438596491,3525,1125,138297,9339,11739,0,173,172,7,151,3,278,0,Simulation reached MaxRounds before a terminal result.,D:\UE5 demo\GameXXK\Saved\Balance\20260907-final-matrix\npc-choice-Guard-JinGui-3\seed-20260907.json,20,10,959
npc-choice-Guard-JinGui-3,20260908,Training.Hell.3-1,7,Blade,Guard,JinGui,3,10,True,stalemate,npc_choice,True,41,5339,130.21951219512195,854,1117.0,52.31578947368421,1945,750,90461,10544,11739,0,117,128,3,102,2,282,0,,D:\UE5 demo\GameXXK\Saved\Balance\20260907-final-matrix\npc-choice-Guard-JinGui-3\seed-20260908.json,10,5,735
npc-choice-Guard-JinGui-3,20260909,Training.Hell.3-1,7,Blade,Guard,JinGui,3,10,True,stalemate,npc_choice,True,24,5453,227.20833333333334,854,1487.0,47.23809523809524,1562,375,47481,10552,11739,0,66,74,3,61,3,282,0,,D:\UE5 demo\GameXXK\Saved\Balance\20260907-final-matrix\npc-choice-Guard-JinGui-3\seed-20260909.json,9,5,720
npc-choice-Guard-JinGui-3,20260910,Training.Hell.3-1,7,Blade,Guard,JinGui,3,10,True,stalemate,npc_choice,True,19,5143,270.6842105263158,1526,1249.6666666666667,87.125,1384,300,39831,10655,11739,0,53,61,1,50,1,98,0,,D:\UE5 demo\GameXXK\Saved\Balance\20260907-final-matrix\npc-choice-Guard-JinGui-3\seed-20260910.json,10,6,705
npc-choice-Guard-QiongMeiEr-0,20260906,Training.Hell.3-1,7,Blade,Guard,QiongMeiEr,0,10,True,stalemate,npc_choice,True,58,8427,145.29310344827587,0,1155.3333333333333,90.2,2018,1974,170251,12154,12198,0,223,190,15,193,5,361,4296,,D:\UE5 demo\GameXXK\Saved\Balance\20260907-final-matrix\npc-choice-Guard-QiongMeiEr-0\seed-20260906.json,28,14,700
npc-choice-Guard-QiongMeiEr-0,20260907,Training.Hell.3-1,7,Blade,Guard,QiongMeiEr,0,10,True,limit,npc_choice,False,60,5695,94.91666666666667,1699,1720.3333333333333,9.368421052631579,1668,1539,177606,12069,12198,0,239,196,18,215,6,204,3141,Simulation reached MaxRounds before a terminal result.,D:\UE5 demo\GameXXK\Saved\Balance\20260907-final-matrix\npc-choice-Guard-QiongMeiEr-0\seed-20260907.json,27,13,424
npc-choice-Guard-QiongMeiEr-0,20260908,Training.Hell.3-1,7,Blade,Guard,QiongMeiEr,0,10,True,limit,npc_choice,False,60,8172,136.2,1529,1423.0,68.47368421052632,1308,1308,175604,12198,12198,0,236,192,18,210,5,206,3402,Simulation reached MaxRounds before a terminal result.,D:\UE5 demo\GameXXK\Saved\Balance\20260907-final-matrix\npc-choice-Guard-QiongMeiEr-0\seed-20260908.json,25,12,338
npc-choice-Guard-QiongMeiEr-0,20260909,Training.Hell.3-1,7,Blade,Guard,QiongMeiEr,0,10,True,victory,npc_choice,True,58,11359,195.8448275862069,1526,1421.6666666666667,128.98181818181817,1259,1259,167344,12198,12198,0,223,194,20,202,3,1063,3676,,D:\UE5 demo\GameXXK\Saved\Balance\20260907-final-matrix\npc-choice-Guard-QiongMeiEr-0\seed-20260909.json,24,12,109
npc-choice-Guard-QiongMeiEr-0,20260910,Training.Hell.3-1,7,Blade,Guard,QiongMeiEr,0,10,True,victory,npc_choice,True,60,11342,189.03333333333333,1190,1413.0,124.6140350877193,1438,1438,168687,12198,12198,0,223,205,24,202,3,235,3242,,D:\UE5 demo\GameXXK\Saved\Balance\20260907-final-matrix\npc-choice-Guard-QiongMeiEr-0\seed-20260910.json,25,12,338
npc-choice-Guard-QiongMeiEr-1,20260906,Training.Hell.3-1,7,Blade,Guard,QiongMeiEr,1,10,True,victory,npc_choice,True,12,11336,944.6666666666666,0,1155.3333333333333,874.4444444444445,588,588,34366,12198,12198,0,53,63,0,56,0,721,252,,D:\UE5 demo\GameXXK\Saved\Balance\20260907-final-matrix\npc-choice-Guard-QiongMeiEr-1\seed-20260906.json,8,4,680
npc-choice-Guard-QiongMeiEr-1,20260907,Training.Hell.3-1,7,Blade,Guard,QiongMeiEr,1,10,True,victory,npc_choice,True,17,11158,656.3529411764706,1699,1359.6666666666667,505.64285714285717,397,397,51764,12198,12198,0,75,70,0,72,1,334,233,,D:\UE5 demo\GameXXK\Saved\Balance\20260907-final-matrix\npc-choice-Guard-QiongMeiEr-1\seed-20260907.json,8,4,93
npc-choice-Guard-QiongMeiEr-1,20260908,Training.Hell.3-1,7,Blade,Guard,QiongMeiEr,1,10,True,victory,npc_choice,True,15,11163,744.2,1669,1420.6666666666667,575.0833333333334,500,497,41505,12195,12198,0,63,59,1,66,1,100,343,,D:\UE5 demo\GameXXK\Saved\Balance\20260907-final-matrix\npc-choice-Guard-QiongMeiEr-1\seed-20260908.json,9,3,697
npc-choice-Guard-QiongMeiEr-1,20260909,Training.Hell.3-1,7,Blade,Guard,QiongMeiEr,1,10,True,victory,npc_choice,True,16,11356,709.75,1526,1448.3333333333333,539.3076923076923,538,353,45964,12013,12198,0,67,72,0,67,0,339,382,,D:\UE5 demo\GameXXK\Saved\Balance\20260907-final-matrix\npc-choice-Guard-QiongMeiEr-1\seed-20260909.json,10,4,437
npc-choice-Guard-QiongMeiEr-1,20260910,Training.Hell.3-1,7,Blade,Guard,QiongMeiEr,1,10,True,victory,npc_choice,True,15,11337,755.8,1190,1459.6666666666667,579.8333333333334,800,797,44627,12195,12198,0,59,82,2,61,0,326,148,,D:\UE5 demo\GameXXK\Saved\Balance\20260907-final-matrix\npc-choice-Guard-QiongMeiEr-1\seed-20260910.json,9,3,353
npc-choice-Guard-QiongMeiEr-2,20260906,Training.Hell.3-1,7,Blade,Guard,QiongMeiEr,2,10,True,stalemate,npc_choice,True,16,5638,352.375,0,1155.3333333333333,167.07692307692307,804,675,37257,12069,12198,0,55,70,3,44,0,174,870,,D:\UE5 demo\GameXXK\Saved\Balance\20260907-final-matrix\npc-choice-Guard-QiongMeiEr-2\seed-20260906.json,11,6,682
npc-choice-Guard-QiongMeiEr-2,20260907,Training.Hell.3-1,7,Blade,Guard,QiongMeiEr,2,10,True,victory,npc_choice,True,26,11352,436.61538461538464,1190,987.3333333333334,364.7826086956522,1423,1415,77651,12190,12198,0,112,108,1,102,2,697,1075,,D:\UE5 demo\GameXXK\Saved\Balance\20260907-final-matrix\npc-choice-Guard-QiongMeiEr-2\seed-20260907.json,16,7,832
npc-choice-Guard-QiongMeiEr-2,20260908,Training.Hell.3-1,7,Blade,Guard,QiongMeiEr,2,10,True,victory,npc_choice,True,23,11341,493.0869565217391,994,987.3333333333334,418.95,1000,997,64922,12195,12198,0,97,95,1,87,1,0,1073,,D:\UE5 demo\GameXXK\Saved\Balance\20260907-final-matrix\npc-choice-Guard-QiongMeiEr-2\seed-20260908.json,16,6,1405
npc-choice-Guard-QiongMeiEr-2,20260909,Training.Hell.3-1,7,Blade,Guard,QiongMeiEr,2,10,True,victory,npc_choice,True,23,11366,494.17391304347825,854,987.3333333333334,420.2,810,804,69175,12192,12198,0,104,76,2,99,1,205,501,,D:\UE5 demo\GameXXK\Saved\Balance\20260907-final-matrix\npc-choice-Guard-QiongMeiEr-2\seed-20260909.json,12,4,471
npc-choice-Guard-QiongMeiEr-2,20260910,Training.Hell.3-1,7,Blade,Guard,QiongMeiEr,2,10,True,victory,npc_choice,True,14,11297,806.9285714285714,0,1253.6666666666667,685.0909090909091,1795,1758,38601,12161,12198,0,61,78,0,55,0,251,402,,D:\UE5 demo\GameXXK\Saved\Balance\20260907-final-matrix\npc-choice-Guard-QiongMeiEr-2\seed-20260910.json,12,6,713
npc-choice-Healer-TusiChief-0,20260906,Training.Hell.3-1,7,Blade,Healer,TusiChief,0,10,True,victory,npc_choice,True,6,5764,960.6666666666666,990,1365.3333333333333,556.0,1108,159,1318,11453,12402,0,17,43,0,21,0,247,3,,D:\UE5 demo\GameXXK\Saved\Balance\20260907-final-matrix\npc-choice-Healer-TusiChief-0\seed-20260906.json,5,1,4
npc-choice-Healer-TusiChief-0,20260907,Training.Hell.3-1,7,Blade,Healer,TusiChief,0,10,True,victory,npc_choice,True,6,5574,929.0,3589,1288.0,570.0,205,9,1278,12206,12402,0,18,50,1,18,0,312,9,,D:\UE5 demo\GameXXK\Saved\Balance\20260907-final-matrix\npc-choice-Healer-TusiChief-0\seed-20260907.json,2,1,0
npc-choice-Healer-TusiChief-0,20260908,Training.Hell.3-1,7,Blade,Healer,TusiChief,0,10,True,victory,npc_choice,True,9,8350,927.7777777777778,854,1591.3333333333333,596.0,947,740,1775,12195,12402,0,30,62,1,32,1,559,526,,D:\UE5 demo\GameXXK\Saved\Balance\20260907-final-matrix\npc-choice-Healer-TusiChief-0\seed-20260908.json,5,2,4
npc-choice-Healer-TusiChief-0,20260909,Training.Hell.3-1,7,Blade,Healer,TusiChief,0,10,True,victory,npc_choice,True,10,8366,836.6,854,1639.6666666666667,492.42857142857144,1204,672,1704,11870,12402,0,30,56,3,33,2,447,213,,D:\UE5 demo\GameXXK\Saved\Balance\20260907-final-matrix\npc-choice-Healer-TusiChief-0\seed-20260909.json,6,0,2
npc-choice-Healer-TusiChief-0,20260910,Training.Hell.3-1,7,Blade,Healer,TusiChief,0,10,True,victory,npc_choice,True,6,5574,929.0,3153,1734.3333333333333,123.66666666666667,1207,351,1034,11546,12402,0,19,44,1,16,0,175,3,,D:\UE5 demo\GameXXK\Saved\Balance\20260907-final-matrix\npc-choice-Healer-TusiChief-0\seed-20260910.json,5,2,6
npc-choice-Healer-TusiChief-1,20260906,Training.Hell.3-1,7,Blade,Healer,TusiChief,1,10,True,victory,npc_choice,True,7,5574,796.2857142857143,990,1312.0,409.5,871,628,1099,12159,12402,0,20,58,2,21,2,355,140,,D:\UE5 demo\GameXXK\Saved\Balance\20260907-final-matrix\npc-choice-Healer-TusiChief-1\seed-20260906.json,5,1,4
npc-choice-Healer-TusiChief-1,20260907,Training.Hell.3-1,7,Blade,Healer,TusiChief,1,10,True,victory,npc_choice,True,5,5574,1114.8,3589,1796.0,93.0,6,6,815,12402,12402,0,13,30,3,14,0,469,6,,D:\UE5 demo\GameXXK\Saved\Balance\20260907-final-matrix\npc-choice-Healer-TusiChief-1\seed-20260907.json,0,0,0
npc-choice-Healer-TusiChief-1,20260908,Training.Hell.3-1,7,Blade,Healer,TusiChief,1,10,True,victory,npc_choice,True,6,5574,929.0,1594,1749.3333333333333,108.66666666666667,806,465,815,12061,12402,0,19,52,2,17,1,176,15,,D:\UE5 demo\GameXXK\Saved\Balance\20260907-final-matrix\npc-choice-Healer-TusiChief-1\seed-20260908.json,5,1,255
npc-choice-Healer-TusiChief-1,20260909,Training.Hell.3-1,7,Blade,Healer,TusiChief,1,10,True,victory,npc_choice,True,6,5574,929.0,854,1692.0,166.0,1023,260,957,11639,12402,0,16,29,3,17,1,506,88,,D:\UE5 demo\GameXXK\Saved\Balance\20260907-final-matrix\npc-choice-Healer-TusiChief-1\seed-20260909.json,5,1,2
npc-choice-Healer-TusiChief-1,20260910,Training.Hell.3-1,7,Blade,Healer,TusiChief,1,10,True,victory,npc_choice,True,4,5574,1393.5,3153,1800.3333333333333,173.0,530,403,1346,12275,12402,0,13,33,1,14,0,93,65,,D:\UE5 demo\GameXXK\Saved\Balance\20260907-final-matrix\npc-choice-Healer-TusiChief-1\seed-20260910.json,3,1,4
npc-choice-Healer-TusiChief-2,20260906,Training.Hell.3-1,7,Blade,Healer,TusiChief,2,10,True,victory,npc_choice,True,5,5574,1114.8,990,1312.0,819.0,533,408,1630,12277,12402,0,19,67,0,18,1,217,66,,D:\UE5 demo\GameXXK\Saved\Balance\20260907-final-matrix\npc-choice-Healer-TusiChief-2\seed-20260906.json,3,1,4
npc-choice-Healer-TusiChief-2,20260907,Training.Hell.3-1,7,Blade,Healer,TusiChief,2,10,True,victory,npc_choice,True,7,5764,823.4285714285714,1700,846.0,806.5,604,373,1423,12171,12402,0,23,47,1,24,0,397,101,,D:\UE5 demo\GameXXK\Saved\Balance\20260907-final-matrix\npc-choice-Healer-TusiChief-2\seed-20260907.json,3,1,3
npc-choice-Healer-TusiChief-2,20260908,Training.Hell.3-1,7,Blade,Healer,TusiChief,2,10,True,victory,npc_choice,True,6,5574,929.0,1594,1134.6666666666667,723.3333333333334,1103,96,2238,11395,12402,0,18,39,2,21,0,155,3,,D:\UE5 demo\GameXXK\Saved\Balance\20260907-final-matrix\npc-choice-Healer-TusiChief-2\seed-20260908.json,5,1,255
npc-choice-Healer-TusiChief-2,20260909,Training.Hell.3-1,7,Blade,Healer,TusiChief,2,10,True,victory,npc_choice,True,6,5764,960.6666666666666,854,1208.0,713.3333333333334,781,165,1383,11786,12402,0,18,36,1,21,1,343,3,,D:\UE5 demo\GameXXK\Saved\Balance\20260907-final-matrix\npc-choice-Healer-TusiChief-2\seed-20260909.json,4,0,2
npc-choice-Healer-TusiChief-2,20260910,Training.Hell.3-1,7,Blade,Healer,TusiChief,2,10,True,victory,npc_choice,True,4,5764,1441.0,1315,1600.3333333333333,963.0,461,188,1914,12129,12402,0,16,37,0,16,0,219,91,,D:\UE5 demo\GameXXK\Saved\Balance\20260907-final-matrix\npc-choice-Healer-TusiChief-2\seed-20260910.json,2,1,3
npc-choice-Healer-SongJinBao-0,20260906,Training.Hell.3-1,7,Blade,Healer,SongJinBao,0,10,True,victory,npc_choice,True,1,5574,5574.0,5574,5574.0,,6,3,0,12222,12225,0,6,21,0,20,4,139,468,,D:\UE5 demo\GameXXK\Saved\Balance\20260907-final-matrix\npc-choice-Healer-SongJinBao-0\seed-20260906.json,0,0,0
npc-choice-Healer-SongJinBao-0,20260907,Training.Hell.3-1,7,Blade,Healer,SongJinBao,0,10,True,victory,npc_choice,True,3,5574,1858.0,2050,1858.0,,462,84,0,11847,12225,0,15,43,0,18,5,348,3,,D:\UE5 demo\GameXXK\Saved\Balance\20260907-final-matrix\npc-choice-Healer-SongJinBao-0\seed-20260907.json,3,1,3
npc-choice-Healer-SongJinBao-0,20260908,Training.Hell.3-1,7,Blade,Healer,SongJinBao,0,10,True,victory,npc_choice,True,3,5574,1858.0,2858,1858.0,,292,13,0,11946,12225,0,16,45,0,18,4,423,5,,D:\UE5 demo\GameXXK\Saved\Balance\20260907-final-matrix\npc-choice-Healer-SongJinBao-0\seed-20260908.json,2,1,2
npc-choice-Healer-SongJinBao-0,20260909,Training.Hell.3-1,7,Blade,Healer,SongJinBao,0,10,True,victory,npc_choice,True,4,5574,1393.5,1490,1787.0,213.0,389,380,0,12216,12225,0,19,51,1,20,1,334,244,,D:\UE5 demo\GameXXK\Saved\Balance\20260907-final-matrix\npc-choice-Healer-SongJinBao-0\seed-20260909.json,2,0,2
npc-choice-Healer-SongJinBao-0,20260910,Training.Hell.3-1,7,Blade,Healer,SongJinBao,0,10,True,victory,npc_choice,True,3,5574,1858.0,3431,1858.0,,9,9,0,12225,12225,0,16,44,0,18,5,452,9,,D:\UE5 demo\GameXXK\Saved\Balance\20260907-final-matrix\npc-choice-Healer-SongJinBao-0\seed-20260910.json,0,0,0
npc-choice-Healer-SongJinBao-1,20260906,Training.Hell.3-1,7,Blade,Healer,SongJinBao,1,10,True,victory,npc_choice,True,1,5574,5574.0,5574,5574.0,,6,6,0,12225,12225,0,5,21,0,24,8,523,705,,D:\UE5 demo\GameXXK\Saved\Balance\20260907-final-matrix\npc-choice-Healer-SongJinBao-1\seed-20260906.json,0,0,0
npc-choice-Healer-SongJinBao-1,20260907,Training.Hell.3-1,7,Blade,Healer,SongJinBao,1,10,True,victory,npc_choice,True,4,5574,1393.5,2050,1796.6666666666667,184.0,528,528,0,12225,12225,0,25,56,0,28,5,427,141,,D:\UE5 demo\GameXXK\Saved\Balance\20260907-final-matrix\npc-choice-Healer-SongJinBao-1\seed-20260907.json,3,1,3
npc-choice-Healer-SongJinBao-1,20260908,Training.Hell.3-1,7,Blade,Healer,SongJinBao,1,10,True,victory,npc_choice,True,2,5574,2787.0,3659,2787.0,,12,12,0,12225,12225,0,12,37,0,15,5,673,375,,D:\UE5 demo\GameXXK\Saved\Balance\20260907-final-matrix\npc-choice-Healer-SongJinBao-1\seed-20260908.json,0,0,0
npc-choice-Healer-SongJinBao-1,20260909,Training.Hell.3-1,7,Blade,Healer,SongJinBao,1,10,True,victory,npc_choice,True,5,5574,1114.8,1490,1796.0,93.0,389,389,0,12225,12225,0,23,63,3,23,5,371,310,,D:\UE5 demo\GameXXK\Saved\Balance\20260907-final-matrix\npc-choice-Healer-SongJinBao-1\seed-20260909.json,2,0,2
npc-choice-Healer-SongJinBao-1,20260910,Training.Hell.3-1,7,Blade,Healer,SongJinBao,1,10,True,victory,npc_choice,True,4,5574,1393.5,2922,1818.6666666666667,118.0,9,9,0,12225,12225,0,18,51,2,22,5,259,504,,D:\UE5 demo\GameXXK\Saved\Balance\20260907-final-matrix\npc-choice-Healer-SongJinBao-1\seed-20260910.json,0,0,0
npc-choice-Healer-SongJinBao-2,20260906,Training.Hell.3-1,7,Blade,Healer,SongJinBao,2,10,True,victory,npc_choice,True,1,5574,5574.0,5574,5574.0,,12,9,0,12222,12225,0,6,21,0,29,4,595,732,,D:\UE5 demo\GameXXK\Saved\Balance\20260907-final-matrix\npc-choice-Healer-SongJinBao-2\seed-20260906.json,0,0,0
npc-choice-Healer-SongJinBao-2,20260907,Training.Hell.3-1,7,Blade,Healer,SongJinBao,2,10,True,victory,npc_choice,True,4,5764,1441.0,1415,1518.6666666666667,1208.0,235,235,0,12225,12225,0,23,61,0,26,4,1148,554,,D:\UE5 demo\GameXXK\Saved\Balance\20260907-final-matrix\npc-choice-Healer-SongJinBao-2\seed-20260907.json,2,1,2
npc-choice-Healer-SongJinBao-2,20260908,Training.Hell.3-1,7,Blade,Healer,SongJinBao,2,10,True,victory,npc_choice,True,4,5574,1393.5,2922,1797.6666666666667,181.0,6,6,0,12225,12225,0,17,59,1,21,8,216,81,,D:\UE5 demo\GameXXK\Saved\Balance\20260907-final-matrix\npc-choice-Healer-SongJinBao-2\seed-20260908.json,0,0,0
npc-choice-Healer-SongJinBao-2,20260909,Training.Hell.3-1,7,Blade,Healer,SongJinBao,2,10,True,victory,npc_choice,True,4,5764,1441.0,1304,1462.0,1378.0,141,141,0,12225,12225,0,22,52,0,22,5,416,177,,D:\UE5 demo\GameXXK\Saved\Balance\20260907-final-matrix\npc-choice-Healer-SongJinBao-2\seed-20260909.json,1,0,1
npc-choice-Healer-SongJinBao-2,20260910,Training.Hell.3-1,7,Blade,Healer,SongJinBao,2,10,True,victory,npc_choice,True,6,5574,929.0,1655,1550.6666666666667,307.3333333333333,111,109,0,12223,12225,0,34,72,0,36,4,838,1121,,D:\UE5 demo\GameXXK\Saved\Balance\20260907-final-matrix\npc-choice-Healer-SongJinBao-2\seed-20260910.json,2,2,1
npc-choice-Healer-YueBai-0,20260906,Training.Hell.3-1,7,Blade,Healer,YueBai,0,10,True,victory,npc_choice,True,5,5574,1114.8,2814,1666.0,288.0,576,84,4860,11155,11647,0,13,49,1,17,4,140,3,,D:\UE5 demo\GameXXK\Saved\Balance\20260907-final-matrix\npc-choice-Healer-YueBai-0\seed-20260906.json,3,1,193
npc-choice-Healer-YueBai-0,20260907,Training.Hell.3-1,7,Blade,Healer,YueBai,0,10,True,victory,npc_choice,True,4,5764,1441.0,4070,1878.3333333333333,129.0,558,218,3402,11307,11647,0,13,26,0,16,4,1040,529,,D:\UE5 demo\GameXXK\Saved\Balance\20260907-final-matrix\npc-choice-Healer-YueBai-0\seed-20260907.json,4,1,355
npc-choice-Healer-YueBai-0,20260908,Training.Hell.3-1,7,Blade,Healer,YueBai,0,10,True,victory,npc_choice,True,5,5574,1114.8,2254,1837.3333333333333,31.0,724,162,5832,11085,11647,0,15,50,0,19,9,206,0,,D:\UE5 demo\GameXXK\Saved\Balance\20260907-final-matrix\npc-choice-Healer-YueBai-0\seed-20260908.json,4,1,355
npc-choice-Healer-YueBai-0,20260909,Training.Hell.3-1,7,Blade,Healer,YueBai,0,10,True,victory,npc_choice,True,9,8565,951.6666666666666,854,1828.0,513.5,435,435,9720,11647,11647,0,30,85,1,33,5,204,855,,D:\UE5 demo\GameXXK\Saved\Balance\20260907-final-matrix\npc-choice-Healer-YueBai-0\seed-20260909.json,5,1,302
npc-choice-Healer-YueBai-0,20260910,Training.Hell.3-1,7,Blade,Healer,YueBai,0,10,True,victory,npc_choice,True,6,5574,929.0,3443,1715.6666666666667,142.33333333333334,12,12,7290,11647,11647,0,18,82,2,22,5,403,12,,D:\UE5 demo\GameXXK\Saved\Balance\20260907-final-matrix\npc-choice-Healer-YueBai-0\seed-20260910.json,2,0,279
npc-choice-Healer-YueBai-1,20260906,Training.Hell.3-1,7,Blade,Healer,YueBai,1,10,True,victory,npc_choice,True,3,5574,1858.0,3443,1858.0,,6,6,4860,11647,11647,0,10,36,0,13,4,469,6,,D:\UE5 demo\GameXXK\Saved\Balance\20260907-final-matrix\npc-choice-Healer-YueBai-1\seed-20260906.json,0,0,0
npc-choice-Healer-YueBai-1,20260907,Training.Hell.3-1,7,Blade,Healer,YueBai,1,10,True,victory,npc_choice,True,5,5574,1114.8,3930,1784.6666666666667,110.0,399,120,7776,11368,11647,0,17,61,0,20,5,354,48,,D:\UE5 demo\GameXXK\Saved\Balance\20260907-final-matrix\npc-choice-Healer-YueBai-1\seed-20260907.json,3,1,193
npc-choice-Healer-YueBai-1,20260908,Training.Hell.3-1,7,Blade,Healer,YueBai,1,10,True,victory,npc_choice,True,4,5574,1393.5,2436,1784.6666666666667,220.0,3,3,10206,11647,11647,0,13,53,0,17,8,303,3,,D:\UE5 demo\GameXXK\Saved\Balance\20260907-final-matrix\npc-choice-Healer-YueBai-1\seed-20260908.json,0,0,0
npc-choice-Healer-YueBai-1,20260909,Training.Hell.3-1,7,Blade,Healer,YueBai,1,10,True,victory,npc_choice,True,10,11172,1117.2,854,1734.6666666666667,852.5714285714286,495,330,17010,11482,11647,0,32,135,1,39,8,2780,105,,D:\UE5 demo\GameXXK\Saved\Balance\20260907-final-matrix\npc-choice-Healer-YueBai-1\seed-20260909.json,5,1,302
npc-choice-Healer-YueBai-1,20260910,Training.Hell.3-1,7,Blade,Healer,YueBai,1,10,True,victory,npc_choice,True,4,5574,1393.5,3946,1807.0,153.0,9,9,5346,11647,11647,0,13,45,0,15,4,302,9,,D:\UE5 demo\GameXXK\Saved\Balance\20260907-final-matrix\npc-choice-Healer-YueBai-1\seed-20260910.json,0,0,0
npc-choice-Healer-YueBai-2,20260906,Training.Hell.3-1,7,Blade,Healer,YueBai,2,10,True,victory,npc_choice,True,4,5574,1393.5,3691,1823.0,105.0,396,84,3402,11335,11647,0,11,29,0,15,4,252,3,,D:\UE5 demo\GameXXK\Saved\Balance\20260907-final-matrix\npc-choice-Healer-YueBai-2\seed-20260906.json,3,1,193
npc-choice-Healer-YueBai-2,20260907,Training.Hell.3-1,7,Blade,Healer,YueBai,2,10,True,victory,npc_choice,True,5,5574,1114.8,4070,1832.3333333333333,38.5,339,268,4374,11576,11647,0,17,40,0,19,8,450,60,,D:\UE5 demo\GameXXK\Saved\Balance\20260907-final-matrix\npc-choice-Healer-YueBai-2\seed-20260907.json,3,1,193
npc-choice-Healer-YueBai-2,20260908,Training.Hell.3-1,7,Blade,Healer,YueBai,2,10,True,victory,npc_choice,True,7,8375,1196.4285714285713,2436,1687.0,828.5,9,9,11178,11647,11647,0,23,72,0,32,14,466,244,,D:\UE5 demo\GameXXK\Saved\Balance\20260907-final-matrix\npc-choice-Healer-YueBai-2\seed-20260908.json,2,0,109
npc-choice-Healer-YueBai-2,20260909,Training.Hell.3-1,7,Blade,Healer,YueBai,2,10,True,victory,npc_choice,True,5,5574,1114.8,854,1731.3333333333333,190.0,309,309,3402,11647,11647,0,15,43,1,18,5,263,159,,D:\UE5 demo\GameXXK\Saved\Balance\20260907-final-matrix\npc-choice-Healer-YueBai-2\seed-20260909.json,2,0,191
npc-choice-Healer-YueBai-2,20260910,Training.Hell.3-1,7,Blade,Healer,YueBai,2,10,True,victory,npc_choice,True,4,5574,1393.5,3686,1830.6666666666667,82.0,462,21,5346,11206,11647,0,15,50,0,16,8,426,3,,D:\UE5 demo\GameXXK\Saved\Balance\20260907-final-matrix\npc-choice-Healer-YueBai-2\seed-20260910.json,3,1,193
npc-choice-Healer-ZhouGuangZu-0,20260906,Training.Hell.3-1,7,Blade,Healer,ZhouGuangZu,0,10,True,victory,npc_choice,True,6,5764,960.6666666666666,555,1205.3333333333333,716.0,1254,816,882,10804,11242,0,20,58,0,24,0,110,303,,D:\UE5 demo\GameXXK\Saved\Balance\20260907-final-matrix\npc-choice-Healer-ZhouGuangZu-0\seed-20260906.json,7,1,203
npc-choice-Healer-ZhouGuangZu-0,20260907,Training.Hell.3-1,7,Blade,Healer,ZhouGuangZu,0,10,True,victory,npc_choice,True,7,5764,823.4285714285714,1460,760.0,871.0,1360,503,1323,10385,11242,0,21,52,2,25,1,566,301,,D:\UE5 demo\GameXXK\Saved\Balance\20260907-final-matrix\npc-choice-Healer-ZhouGuangZu-0\seed-20260907.json,7,2,240
npc-choice-Healer-ZhouGuangZu-0,20260908,Training.Hell.3-1,7,Blade,Healer,ZhouGuangZu,0,10,True,victory,npc_choice,True,7,5764,823.4285714285714,854,796.3333333333334,843.75,2719,663,1323,9186,11242,0,22,69,2,25,2,223,312,,D:\UE5 demo\GameXXK\Saved\Balance\20260907-final-matrix\npc-choice-Healer-ZhouGuangZu-0\seed-20260908.json,11,3,390
npc-choice-Healer-ZhouGuangZu-0,20260909,Training.Hell.3-1,7,Blade,Healer,ZhouGuangZu,0,10,True,victory,npc_choice,True,12,8755,729.5833333333334,854,726.6666666666666,730.5555555555555,3188,2442,2205,10496,11242,0,36,72,5,40,0,182,780,,D:\UE5 demo\GameXXK\Saved\Balance\20260907-final-matrix\npc-choice-Healer-ZhouGuangZu-0\seed-20260909.json,11,1,445
npc-choice-Healer-ZhouGuangZu-0,20260910,Training.Hell.3-1,7,Blade,Healer,ZhouGuangZu,0,10,True,victory,npc_choice,True,7,8375,1196.4285714285713,1456,1315.3333333333333,1107.25,1417,1152,1323,10977,11242,0,26,64,0,34,2,116,228,,D:\UE5 demo\GameXXK\Saved\Balance\20260907-final-matrix\npc-choice-Healer-ZhouGuangZu-0\seed-20260910.json,6,1,240
npc-choice-Healer-ZhouGuangZu-1,20260906,Training.Hell.3-1,7,Blade,Healer,ZhouGuangZu,1,10,True,victory,npc_choice,True,6,5764,960.6666666666666,555,1087.3333333333333,834.0,769,240,3528,10713,11242,0,20,57,0,26,0,29,3,,D:\UE5 demo\GameXXK\Saved\Balance\20260907-final-matrix\npc-choice-Healer-ZhouGuangZu-1\seed-20260906.json,7,1,1033
npc-choice-Healer-ZhouGuangZu-1,20260907,Training.Hell.3-1,7,Blade,Healer,ZhouGuangZu,1,10,True,victory,npc_choice,True,12,11366,947.1666666666666,1460,1092.0,898.8888888888889,1889,1149,7056,10502,11242,0,37,100,3,48,1,204,0,,D:\UE5 demo\GameXXK\Saved\Balance\20260907-final-matrix\npc-choice-Healer-ZhouGuangZu-1\seed-20260907.json,11,2,977
npc-choice-Healer-ZhouGuangZu-1,20260908,Training.Hell.3-1,7,Blade,Healer,ZhouGuangZu,1,10,True,victory,npc_choice,True,7,5954,850.5714285714286,1154,974.6666666666666,757.5,729,468,3969,10981,11242,0,21,69,1,25,0,688,0,,D:\UE5 demo\GameXXK\Saved\Balance\20260907-final-matrix\npc-choice-Healer-ZhouGuangZu-1\seed-20260908.json,9,3,808
npc-choice-Healer-ZhouGuangZu-1,20260909,Training.Hell.3-1,7,Blade,Healer,ZhouGuangZu,1,10,True,victory,npc_choice,True,13,11358,873.6923076923077,854,1155.3333333333333,789.2,872,872,8820,11242,11242,0,46,118,1,53,0,38,631,,D:\UE5 demo\GameXXK\Saved\Balance\20260907-final-matrix\npc-choice-Healer-ZhouGuangZu-1\seed-20260909.json,11,1,1087
npc-choice-Healer-ZhouGuangZu-1,20260910,Training.Hell.3-1,7,Blade,Healer,ZhouGuangZu,1,10,True,victory,npc_choice,True,8,8375,1046.875,1456,1235.3333333333333,933.8,576,359,4851,11025,11242,0,27,85,0,31,0,141,151,,D:\UE5 demo\GameXXK\Saved\Balance\20260907-final-matrix\npc-choice-Healer-ZhouGuangZu-1\seed-20260910.json,7,2,534
npc-choice-Healer-ZhouGuangZu-2,20260906,Training.Hell.3-1,7,Blade,Healer,ZhouGuangZu,2,10,True,victory,npc_choice,True,6,5764,960.6666666666666,555,1370.3333333333333,551.0,1041,645,3528,10846,11242,0,20,69,0,28,0,41,228,,D:\UE5 demo\GameXXK\Saved\Balance\20260907-final-matrix\npc-choice-Healer-ZhouGuangZu-2\seed-20260906.json,7,1,350
npc-choice-Healer-ZhouGuangZu-2,20260907,Training.Hell.3-1,7,Blade,Healer,ZhouGuangZu,2,10,True,victory,npc_choice,True,6,5764,960.6666666666666,1295,718.0,1203.3333333333333,2307,1009,2646,9944,11242,0,19,58,2,27,0,226,329,,D:\UE5 demo\GameXXK\Saved\Balance\20260907-final-matrix\npc-choice-Healer-ZhouGuangZu-2\seed-20260907.json,10,3,243
npc-choice-Healer-ZhouGuangZu-2,20260908,Training.Hell.3-1,7,Blade,Healer,ZhouGuangZu,2,10,True,victory,npc_choice,True,8,5764,720.5,959,844.6666666666666,646.0,768,709,2646,11183,11242,0,22,69,2,32,1,308,479,,D:\UE5 demo\GameXXK\Saved\Balance\20260907-final-matrix\npc-choice-Healer-ZhouGuangZu-2\seed-20260908.json,5,1,566
npc-choice-Healer-ZhouGuangZu-2,20260909,Training.Hell.3-1,7,Blade,Healer,ZhouGuangZu,2,10,True,victory,npc_choice,True,6,5764,960.6666666666666,854,1095.3333333333333,826.0,1122,674,882,10794,11242,0,18,46,2,22,0,400,934,,D:\UE5 demo\GameXXK\Saved\Balance\20260907-final-matrix\npc-choice-Healer-ZhouGuangZu-2\seed-20260909.json,6,1,55
npc-choice-Healer-ZhouGuangZu-2,20260910,Training.Hell.3-1,7,Blade,Healer,ZhouGuangZu,2,10,True,victory,npc_choice,True,7,5764,823.4285714285714,1084,1367.0,415.75,1043,1043,2646,11242,11242,0,26,75,0,30,0,255,954,,D:\UE5 demo\GameXXK\Saved\Balance\20260907-final-matrix\npc-choice-Healer-ZhouGuangZu-2\seed-20260910.json,5,1,3
npc-choice-Healer-JinGui-1,20260906,Training.Hell.3-1,7,Blade,Healer,JinGui,1,10,True,victory,npc_choice,True,8,5764,720.5,1490,1319.6666666666667,361.0,1703,687,2156,10460,11476,0,31,80,0,25,1,222,195,,D:\UE5 demo\GameXXK\Saved\Balance\20260907-final-matrix\npc-choice-Healer-JinGui-1\seed-20260906.json,6,1,119
npc-choice-Healer-JinGui-1,20260907,Training.Hell.3-1,7,Blade,Healer,JinGui,1,10,True,victory,npc_choice,True,7,8565,1223.5714285714287,1829,1732.3333333333333,842.0,1910,1014,2131,10580,11476,0,28,84,0,29,0,247,60,,D:\UE5 demo\GameXXK\Saved\Balance\20260907-final-matrix\npc-choice-Healer-JinGui-1\seed-20260907.json,6,1,175
npc-choice-Healer-JinGui-1,20260908,Training.Hell.3-1,7,Blade,Healer,JinGui,1,10,True,victory,npc_choice,True,7,8349,1192.7142857142858,854,1592.6666666666667,892.75,12,12,75,11476,11476,0,26,79,0,26,0,571,162,,D:\UE5 demo\GameXXK\Saved\Balance\20260907-final-matrix\npc-choice-Healer-JinGui-1\seed-20260908.json,0,0,0
npc-choice-Healer-JinGui-1,20260909,Training.Hell.3-1,7,Blade,Healer,JinGui,1,10,True,victory,npc_choice,True,5,5574,1114.8,854,1398.6666666666667,689.0,581,85,702,10980,11476,0,15,46,1,17,0,574,2,,D:\UE5 demo\GameXXK\Saved\Balance\20260907-final-matrix\npc-choice-Healer-JinGui-1\seed-20260909.json,2,0,2
npc-choice-Healer-JinGui-1,20260910,Training.Hell.3-1,7,Blade,Healer,JinGui,1,10,True,victory,npc_choice,True,4,5574,1393.5,2338,1843.0,45.0,672,12,702,10816,11476,0,14,43,0,17,0,366,0,,D:\UE5 demo\GameXXK\Saved\Balance\20260907-final-matrix\npc-choice-Healer-JinGui-1\seed-20260910.json,3,1,3
npc-choice-Healer-JinGui-2,20260906,Training.Hell.3-1,7,Blade,Healer,JinGui,2,10,True,victory,npc_choice,True,10,5764,576.4,1490,1279.3333333333333,275.14285714285717,1971,1050,5163,10555,11476,0,38,72,0,31,0,210,3,,D:\UE5 demo\GameXXK\Saved\Balance\20260907-final-matrix\npc-choice-Healer-JinGui-2\seed-20260906.json,8,1,566
npc-choice-Healer-JinGui-2,20260907,Training.Hell.3-1,7,Blade,Healer,JinGui,2,10,True,victory,npc_choice,True,6,5764,960.6666666666666,1190,991.3333333333334,930.0,1389,607,1895,10694,11476,0,25,61,1,19,0,389,233,,D:\UE5 demo\GameXXK\Saved\Balance\20260907-final-matrix\npc-choice-Healer-JinGui-2\seed-20260907.json,4,1,62
npc-choice-Healer-JinGui-2,20260908,Training.Hell.3-1,7,Blade,Healer,JinGui,2,10,True,victory,npc_choice,True,6,5764,960.6666666666666,854,965.3333333333334,956.0,68,68,1218,11476,11476,0,24,65,0,24,1,323,112,,D:\UE5 demo\GameXXK\Saved\Balance\20260907-final-matrix\npc-choice-Healer-JinGui-2\seed-20260908.json,1,0,0
npc-choice-Healer-JinGui-2,20260909,Training.Hell.3-1,7,Blade,Healer,JinGui,2,10,True,victory,npc_choice,True,6,5764,960.6666666666666,854,896.3333333333334,1025.0,1174,10,2572,10312,11476,0,20,51,1,19,0,160,2,,D:\UE5 demo\GameXXK\Saved\Balance\20260907-final-matrix\npc-choice-Healer-JinGui-2\seed-20260909.json,6,1,351
npc-choice-Healer-JinGui-2,20260910,Training.Hell.3-1,7,Blade,Healer,JinGui,2,10,True,victory,npc_choice,True,6,5764,960.6666666666666,1315,1565.0,356.3333333333333,920,543,2827,11099,11476,0,24,63,0,22,0,340,6,,D:\UE5 demo\GameXXK\Saved\Balance\20260907-final-matrix\npc-choice-Healer-JinGui-2\seed-20260910.json,4,1,528
npc-choice-Healer-JinGui-3,20260906,Training.Hell.3-1,7,Blade,Healer,JinGui,3,10,True,victory,npc_choice,True,6,5574,929.0,1034,1296.0,562.0,1135,559,2361,10900,11476,0,21,65,0,22,0,216,65,,D:\UE5 demo\GameXXK\Saved\Balance\20260907-final-matrix\npc-choice-Healer-JinGui-3\seed-20260906.json,4,1,120
npc-choice-Healer-JinGui-3,20260907,Training.Hell.3-1,7,Blade,Healer,JinGui,3,10,True,victory,npc_choice,True,8,5764,720.5,1775,1276.3333333333333,387.0,1113,993,3554,11356,11476,0,29,68,1,26,1,576,78,,D:\UE5 demo\GameXXK\Saved\Balance\20260907-final-matrix\npc-choice-Healer-JinGui-3\seed-20260907.json,6,1,586
npc-choice-Healer-JinGui-3,20260908,Training.Hell.3-1,7,Blade,Healer,JinGui,3,10,True,victory,npc_choice,True,5,5764,1152.8,854,1296.0,938.0,228,15,1429,11263,11476,0,18,58,0,18,0,453,9,,D:\UE5 demo\GameXXK\Saved\Balance\20260907-final-matrix\npc-choice-Healer-JinGui-3\seed-20260908.json,3,0,114
npc-choice-Healer-JinGui-3,20260909,Training.Hell.3-1,7,Blade,Healer,JinGui,3,10,True,victory,npc_choice,True,6,5574,929.0,854,1117.0,741.0,524,390,1193,11342,11476,0,19,60,1,20,1,451,153,,D:\UE5 demo\GameXXK\Saved\Balance\20260907-final-matrix\npc-choice-Healer-JinGui-3\seed-20260909.json,2,0,2
npc-choice-Healer-JinGui-3,20260910,Training.Hell.3-1,7,Blade,Healer,JinGui,3,10,True,victory,npc_choice,True,13,8350,642.3076923076923,1651,1019.0,529.3,709,575,5393,11342,11476,0,40,91,2,43,2,309,415,,D:\UE5 demo\GameXXK\Saved\Balance\20260907-final-matrix\npc-choice-Healer-JinGui-3\seed-20260910.json,7,1,267
npc-choice-Healer-QiongMeiEr-0,20260906,Training.Hell.3-1,7,Blade,Healer,QiongMeiEr,0,10,True,victory,npc_choice,True,7,5574,796.2857142857143,450,1529.0,246.75,574,574,0,11935,11935,0,30,68,2,30,0,303,1280,,D:\UE5 demo\GameXXK\Saved\Balance\20260907-final-matrix\npc-choice-Healer-QiongMeiEr-0\seed-20260906.json,5,1,3
npc-choice-Healer-QiongMeiEr-0,20260907,Training.Hell.3-1,7,Blade,Healer,QiongMeiEr,0,10,True,victory,npc_choice,True,4,5574,1393.5,2049,1594.0,792.0,312,312,0,11935,11935,0,20,57,0,22,0,289,315,,D:\UE5 demo\GameXXK\Saved\Balance\20260907-final-matrix\npc-choice-Healer-QiongMeiEr-0\seed-20260907.json,2,0,2
npc-choice-Healer-QiongMeiEr-0,20260908,Training.Hell.3-1,7,Blade,Healer,QiongMeiEr,0,10,True,victory,npc_choice,True,3,5574,1858.0,2104,1858.0,,372,254,0,11817,11935,0,17,52,0,16,0,80,403,,D:\UE5 demo\GameXXK\Saved\Balance\20260907-final-matrix\npc-choice-Healer-QiongMeiEr-0\seed-20260908.json,2,0,2
npc-choice-Healer-QiongMeiEr-0,20260909,Training.Hell.3-1,7,Blade,Healer,QiongMeiEr,0,10,True,victory,npc_choice,True,3,5574,1858.0,2486,1858.0,,375,258,0,11818,11935,0,17,46,0,18,0,836,270,,D:\UE5 demo\GameXXK\Saved\Balance\20260907-final-matrix\npc-choice-Healer-QiongMeiEr-0\seed-20260909.json,2,0,2
npc-choice-Healer-QiongMeiEr-0,20260910,Training.Hell.3-1,7,Blade,Healer,QiongMeiEr,0,10,True,victory,npc_choice,True,3,5574,1858.0,1824,1858.0,,252,252,0,11935,11935,0,17,35,0,21,0,467,450,,D:\UE5 demo\GameXXK\Saved\Balance\20260907-final-matrix\npc-choice-Healer-QiongMeiEr-0\seed-20260910.json,2,0,2
npc-choice-Healer-QiongMeiEr-1,20260906,Training.Hell.3-1,7,Blade,Healer,QiongMeiEr,1,10,True,victory,npc_choice,True,5,5574,1114.8,560,1823.0,52.5,409,409,0,11935,11935,0,23,54,0,24,0,144,180,,D:\UE5 demo\GameXXK\Saved\Balance\20260907-final-matrix\npc-choice-Healer-QiongMeiEr-1\seed-20260906.json,3,1,3
npc-choice-Healer-QiongMeiEr-1,20260907,Training.Hell.3-1,7,Blade,Healer,QiongMeiEr,1,10,True,victory,npc_choice,True,5,5574,1114.8,2049,1691.6666666666667,249.5,381,381,0,11935,11935,0,26,60,0,22,0,375,519,,D:\UE5 demo\GameXXK\Saved\Balance\20260907-final-matrix\npc-choice-Healer-QiongMeiEr-1\seed-20260907.json,2,0,2
npc-choice-Healer-QiongMeiEr-1,20260908,Training.Hell.3-1,7,Blade,Healer,QiongMeiEr,1,10,True,victory,npc_choice,True,3,5574,1858.0,1794,1858.0,,315,143,0,11763,11935,0,16,49,0,18,1,266,55,,D:\UE5 demo\GameXXK\Saved\Balance\20260907-final-matrix\npc-choice-Healer-QiongMeiEr-1\seed-20260908.json,2,0,2
npc-choice-Healer-QiongMeiEr-1,20260909,Training.Hell.3-1,7,Blade,Healer,QiongMeiEr,1,10,True,victory,npc_choice,True,3,5574,1858.0,2486,1858.0,,375,258,0,11818,11935,0,17,46,0,18,0,836,270,,D:\UE5 demo\GameXXK\Saved\Balance\20260907-final-matrix\npc-choice-Healer-QiongMeiEr-1\seed-20260909.json,2,0,2
npc-choice-Healer-QiongMeiEr-1,20260910,Training.Hell.3-1,7,Blade,Healer,QiongMeiEr,1,10,True,victory,npc_choice,True,5,5574,1114.8,1954,1717.6666666666667,210.5,261,261,0,11935,11935,0,25,56,0,25,1,290,459,,D:\UE5 demo\GameXXK\Saved\Balance\20260907-final-matrix\npc-choice-Healer-QiongMeiEr-1\seed-20260910.json,2,0,2
npc-choice-Healer-QiongMeiEr-2,20260906,Training.Hell.3-1,7,Blade,Healer,QiongMeiEr,2,10,True,victory,npc_choice,True,5,5764,1152.8,560,1373.3333333333333,822.0,472,472,0,11935,11935,0,28,51,0,25,0,124,113,,D:\UE5 demo\GameXXK\Saved\Balance\20260907-final-matrix\npc-choice-Healer-QiongMeiEr-2\seed-20260906.json,3,1,3
npc-choice-Healer-QiongMeiEr-2,20260907,Training.Hell.3-1,7,Blade,Healer,QiongMeiEr,2,10,True,victory,npc_choice,True,5,5574,1114.8,1540,1534.6666666666667,485.0,469,469,0,11935,11935,0,27,67,0,26,0,331,995,,D:\UE5 demo\GameXXK\Saved\Balance\20260907-final-matrix\npc-choice-Healer-QiongMeiEr-2\seed-20260907.json,3,1,3
npc-choice-Healer-QiongMeiEr-2,20260908,Training.Hell.3-1,7,Blade,Healer,QiongMeiEr,2,10,True,victory,npc_choice,True,6,5764,960.6666666666666,994,1024.6666666666667,896.6666666666666,1838,1423,0,11520,11935,0,28,79,1,24,0,158,902,,D:\UE5 demo\GameXXK\Saved\Balance\20260907-final-matrix\npc-choice-Healer-QiongMeiEr-2\seed-20260908.json,10,2,3
npc-choice-Healer-QiongMeiEr-2,20260909,Training.Hell.3-1,7,Blade,Healer,QiongMeiEr,2,10,True,victory,npc_choice,True,11,11156,1014.1818181818181,1304,1399.6666666666667,869.625,1124,1124,0,11935,11935,0,56,102,2,50,2,88,2224,,D:\UE5 demo\GameXXK\Saved\Balance\20260907-final-matrix\npc-choice-Healer-QiongMeiEr-2\seed-20260909.json,9,1,2
npc-choice-Healer-QiongMeiEr-2,20260910,Training.Hell.3-1,7,Blade,Healer,QiongMeiEr,2,10,True,victory,npc_choice,True,5,5764,1152.8,1119,1413.0,762.5,646,467,0,11756,11935,0,25,50,0,25,1,137,271,,D:\UE5 demo\GameXXK\Saved\Balance\20260907-final-matrix\npc-choice-Healer-QiongMeiEr-2\seed-20260910.json,3,1,3
npc-choice-Hunter-TusiChief-0,20260906,Training.Hell.3-1,7,Blade,Hunter,TusiChief,0,10,True,victory,npc_choice,True,6,11176,1862.6666666666667,2522,1731.3333333333333,1994.0,379,254,1136,12228,12353,0,22,39,4,32,2,1504,46,,D:\UE5 demo\GameXXK\Saved\Balance\20260907-final-matrix\npc-choice-Hunter-TusiChief-0\seed-20260906.json,3,1,2
npc-choice-Hunter-TusiChief-0,20260907,Training.Hell.3-1,7,Blade,Hunter,TusiChief,0,10,True,victory,npc_choice,True,5,11176,2235.2,4738,1857.6666666666667,2801.5,109,0,1216,12244,12353,0,20,38,1,28,0,1853,75,,D:\UE5 demo\GameXXK\Saved\Balance\20260907-final-matrix\npc-choice-Hunter-TusiChief-0\seed-20260907.json,1,0,0
npc-choice-Hunter-TusiChief-0,20260908,Training.Hell.3-1,7,Blade,Hunter,TusiChief,0,10,True,victory,npc_choice,True,5,11154,2230.8,4878,1850.3333333333333,2801.5,499,150,1460,12004,12353,0,17,39,3,27,0,442,0,,D:\UE5 demo\GameXXK\Saved\Balance\20260907-final-matrix\npc-choice-Hunter-TusiChief-0\seed-20260908.json,3,1,2
npc-choice-Hunter-TusiChief-0,20260909,Training.Hell.3-1,7,Blade,Hunter,TusiChief,0,10,True,victory,npc_choice,True,6,11176,1862.6666666666667,3233,1796.6666666666667,1928.6666666666667,914,225,1926,11664,12353,0,25,46,3,34,0,2514,0,,D:\UE5 demo\GameXXK\Saved\Balance\20260907-final-matrix\npc-choice-Hunter-TusiChief-0\seed-20260909.json,4,1,82
npc-choice-Hunter-TusiChief-0,20260910,Training.Hell.3-1,7,Blade,Hunter,TusiChief,0,10,True,victory,npc_choice,True,8,11176,1397.0,3630,1740.3333333333333,1191.0,584,225,1886,11994,12353,0,25,49,8,35,1,4728,0,,D:\UE5 demo\GameXXK\Saved\Balance\20260907-final-matrix\npc-choice-Hunter-TusiChief-0\seed-20260910.json,3,1,2
npc-choice-Hunter-TusiChief-1,20260906,Training.Hell.3-1,7,Blade,Hunter,TusiChief,1,10,True,victory,npc_choice,True,8,11176,1397.0,2008,1797.6666666666667,1156.6,434,375,1204,12294,12353,0,29,52,6,37,1,2223,0,,D:\UE5 demo\GameXXK\Saved\Balance\20260907-final-matrix\npc-choice-Hunter-TusiChief-1\seed-20260906.json,3,1,152
npc-choice-Hunter-TusiChief-1,20260907,Training.Hell.3-1,7,Blade,Hunter,TusiChief,1,10,True,victory,npc_choice,True,5,11176,2235.2,4738,1857.6666666666667,2801.5,109,0,568,12244,12353,0,15,34,3,23,0,1718,75,,D:\UE5 demo\GameXXK\Saved\Balance\20260907-final-matrix\npc-choice-Hunter-TusiChief-1\seed-20260907.json,1,0,0
npc-choice-Hunter-TusiChief-1,20260908,Training.Hell.3-1,7,Blade,Hunter,TusiChief,1,10,True,victory,npc_choice,True,6,11176,1862.6666666666667,4529,2727.6666666666665,997.6666666666666,349,300,1099,12304,12353,0,21,46,6,32,0,2001,150,,D:\UE5 demo\GameXXK\Saved\Balance\20260907-final-matrix\npc-choice-Hunter-TusiChief-1\seed-20260908.json,3,1,152
npc-choice-Hunter-TusiChief-1,20260909,Training.Hell.3-1,7,Blade,Hunter,TusiChief,1,10,True,victory,npc_choice,True,8,11176,1397.0,3233,1829.3333333333333,1137.6,854,300,815,11799,12353,0,27,46,7,31,1,1885,0,,D:\UE5 demo\GameXXK\Saved\Balance\20260907-final-matrix\npc-choice-Hunter-TusiChief-1\seed-20260909.json,4,1,82
npc-choice-Hunter-TusiChief-1,20260910,Training.Hell.3-1,7,Blade,Hunter,TusiChief,1,10,True,victory,npc_choice,True,5,11153,2230.6,4378,1846.6666666666667,2806.5,270,180,1346,12263,12353,0,19,38,2,27,2,439,45,,D:\UE5 demo\GameXXK\Saved\Balance\20260907-final-matrix\npc-choice-Hunter-TusiChief-1\seed-20260910.json,3,1,232
npc-choice-Hunter-TusiChief-2,20260906,Training.Hell.3-1,7,Blade,Hunter,TusiChief,2,10,True,victory,npc_choice,True,9,11176,1241.7777777777778,2008,1797.6666666666667,963.8333333333334,434,375,2664,12294,12353,0,33,48,6,43,2,2386,0,,D:\UE5 demo\GameXXK\Saved\Balance\20260907-final-matrix\npc-choice-Hunter-TusiChief-2\seed-20260906.json,3,1,152
npc-choice-Hunter-TusiChief-2,20260907,Training.Hell.3-1,7,Blade,Hunter,TusiChief,2,10,True,victory,npc_choice,True,11,11176,1016.0,2607,1686.3333333333333,764.625,589,574,2719,12338,12353,0,40,58,12,54,2,2302,26,,D:\UE5 demo\GameXXK\Saved\Balance\20260907-final-matrix\npc-choice-Hunter-TusiChief-2\seed-20260907.json,4,1,82
npc-choice-Hunter-TusiChief-2,20260908,Training.Hell.3-1,7,Blade,Hunter,TusiChief,2,10,True,victory,npc_choice,True,7,11150,1592.857142857143,4515,2733.0,737.75,289,289,2846,12353,12353,0,25,47,7,37,1,808,86,,D:\UE5 demo\GameXXK\Saved\Balance\20260907-final-matrix\npc-choice-Hunter-TusiChief-2\seed-20260908.json,3,1,152
npc-choice-Hunter-TusiChief-2,20260909,Training.Hell.3-1,7,Blade,Hunter,TusiChief,2,10,True,victory,npc_choice,True,6,11171,1861.8333333333333,3171,1846.0,1877.6666666666667,859,75,1812,11569,12353,0,23,50,2,25,0,673,0,,D:\UE5 demo\GameXXK\Saved\Balance\20260907-final-matrix\npc-choice-Hunter-TusiChief-2\seed-20260909.json,3,1,3
npc-choice-Hunter-TusiChief-2,20260910,Training.Hell.3-1,7,Blade,Hunter,TusiChief,2,10,True,victory,npc_choice,True,6,11153,1858.8333333333333,2679,1810.0,1907.6666666666667,194,0,2522,12159,12353,0,21,41,4,28,0,220,75,,D:\UE5 demo\GameXXK\Saved\Balance\20260907-final-matrix\npc-choice-Hunter-TusiChief-2\seed-20260910.json,1,0,0
npc-choice-Hunter-SongJinBao-0,20260906,Training.Hell.3-1,7,Blade,Hunter,SongJinBao,0,10,True,victory,npc_choice,True,4,11176,2794.0,2013,1857.6666666666667,5603.0,31,31,0,12176,12176,0,16,33,0,27,3,649,119,,D:\UE5 demo\GameXXK\Saved\Balance\20260907-final-matrix\npc-choice-Hunter-SongJinBao-0\seed-20260906.json,1,1,1
npc-choice-Hunter-SongJinBao-0,20260907,Training.Hell.3-1,7,Blade,Hunter,SongJinBao,0,10,True,victory,npc_choice,True,5,11157,2231.4,2602,2741.3333333333335,1466.5,373,334,0,12137,12176,0,23,41,2,33,5,764,41,,D:\UE5 demo\GameXXK\Saved\Balance\20260907-final-matrix\npc-choice-Hunter-SongJinBao-0\seed-20260907.json,3,1,3
npc-choice-Hunter-SongJinBao-0,20260908,Training.Hell.3-1,7,Blade,Hunter,SongJinBao,0,10,True,victory,npc_choice,True,5,11176,2235.2,2772,1817.6666666666667,2861.5,0,0,0,12176,12176,0,18,32,5,27,5,1083,75,,D:\UE5 demo\GameXXK\Saved\Balance\20260907-final-matrix\npc-choice-Hunter-SongJinBao-0\seed-20260908.json,0,0,0
npc-choice-Hunter-SongJinBao-0,20260909,Training.Hell.3-1,7,Blade,Hunter,SongJinBao,0,10,True,victory,npc_choice,True,6,11176,1862.6666666666667,3885,1817.6666666666667,1907.6666666666667,733,150,0,11593,12176,0,18,46,6,26,4,871,0,,D:\UE5 demo\GameXXK\Saved\Balance\20260907-final-matrix\npc-choice-Hunter-SongJinBao-0\seed-20260909.json,3,1,3
npc-choice-Hunter-SongJinBao-0,20260910,Training.Hell.3-1,7,Blade,Hunter,SongJinBao,0,10,True,victory,npc_choice,True,4,11176,2794.0,5263,1794.3333333333333,5793.0,0,0,0,12176,12176,0,21,38,0,32,5,1134,75,,D:\UE5 demo\GameXXK\Saved\Balance\20260907-final-matrix\npc-choice-Hunter-SongJinBao-0\seed-20260910.json,0,0,0
npc-choice-Hunter-SongJinBao-1,20260906,Training.Hell.3-1,7,Blade,Hunter,SongJinBao,1,10,True,victory,npc_choice,True,6,11176,1862.6666666666667,4888,1833.3333333333333,1892.0,188,75,0,12063,12176,0,18,36,9,30,6,1922,0,,D:\UE5 demo\GameXXK\Saved\Balance\20260907-final-matrix\npc-choice-Hunter-SongJinBao-1\seed-20260906.json,1,0,0
npc-choice-Hunter-SongJinBao-1,20260907,Training.Hell.3-1,7,Blade,Hunter,SongJinBao,1,10,True,victory,npc_choice,True,7,11176,1596.5714285714287,2602,1836.0,1417.0,561,432,0,12047,12176,0,24,54,5,41,0,2463,93,,D:\UE5 demo\GameXXK\Saved\Balance\20260907-final-matrix\npc-choice-Hunter-SongJinBao-1\seed-20260907.json,4,1,3
npc-choice-Hunter-SongJinBao-1,20260908,Training.Hell.3-1,7,Blade,Hunter,SongJinBao,1,10,True,victory,npc_choice,True,3,11175,3725.0,5572,3725.0,,0,0,0,12176,12176,0,15,32,0,25,4,877,0,,D:\UE5 demo\GameXXK\Saved\Balance\20260907-final-matrix\npc-choice-Hunter-SongJinBao-1\seed-20260908.json,0,0,0
npc-choice-Hunter-SongJinBao-1,20260909,Training.Hell.3-1,7,Blade,Hunter,SongJinBao,1,10,True,victory,npc_choice,True,6,11176,1862.6666666666667,3885,1817.6666666666667,1907.6666666666667,921,150,0,11405,12176,0,18,45,6,29,5,1887,0,,D:\UE5 demo\GameXXK\Saved\Balance\20260907-final-matrix\npc-choice-Hunter-SongJinBao-1\seed-20260909.json,4,1,3
npc-choice-Hunter-SongJinBao-1,20260910,Training.Hell.3-1,7,Blade,Hunter,SongJinBao,1,10,True,victory,npc_choice,True,4,11167,2791.75,5534,2562.0,3481.0,2,0,0,12174,12176,0,13,37,2,27,5,839,75,,D:\UE5 demo\GameXXK\Saved\Balance\20260907-final-matrix\npc-choice-Hunter-SongJinBao-1\seed-20260910.json,1,1,0
npc-choice-Hunter-SongJinBao-2,20260906,Training.Hell.3-1,7,Blade,Hunter,SongJinBao,2,10,True,victory,npc_choice,True,6,11176,1862.6666666666667,3601,1725.3333333333333,2000.0,0,0,0,12176,12176,0,22,55,4,38,5,5909,0,,D:\UE5 demo\GameXXK\Saved\Balance\20260907-final-matrix\npc-choice-Hunter-SongJinBao-2\seed-20260906.json,0,0,0
npc-choice-Hunter-SongJinBao-2,20260907,Training.Hell.3-1,7,Blade,Hunter,SongJinBao,2,10,True,victory,npc_choice,True,10,11175,1117.5,1190,1737.3333333333333,851.8571428571429,433,433,0,12176,12176,0,36,59,5,50,6,1127,167,,D:\UE5 demo\GameXXK\Saved\Balance\20260907-final-matrix\npc-choice-Hunter-SongJinBao-2\seed-20260907.json,3,1,3
npc-choice-Hunter-SongJinBao-2,20260908,Training.Hell.3-1,7,Blade,Hunter,SongJinBao,2,10,True,victory,npc_choice,True,6,11176,1862.6666666666667,5238,1752.6666666666667,1972.6666666666667,0,0,0,12176,12176,0,20,44,4,32,4,1849,0,,D:\UE5 demo\GameXXK\Saved\Balance\20260907-final-matrix\npc-choice-Hunter-SongJinBao-2\seed-20260908.json,0,0,0
npc-choice-Hunter-SongJinBao-2,20260909,Training.Hell.3-1,7,Blade,Hunter,SongJinBao,2,10,True,victory,npc_choice,True,7,11161,1594.4285714285713,3171,1852.6666666666667,1400.75,853,225,0,11548,12176,0,30,50,3,36,2,1195,0,,D:\UE5 demo\GameXXK\Saved\Balance\20260907-final-matrix\npc-choice-Hunter-SongJinBao-2\seed-20260909.json,3,1,3
npc-choice-Hunter-SongJinBao-2,20260910,Training.Hell.3-1,7,Blade,Hunter,SongJinBao,2,10,True,victory,npc_choice,True,6,11155,1859.1666666666667,3390,1827.6666666666667,1890.6666666666667,31,31,0,12176,12176,0,24,57,2,39,8,1592,44,,D:\UE5 demo\GameXXK\Saved\Balance\20260907-final-matrix\npc-choice-Hunter-SongJinBao-2\seed-20260910.json,1,1,1
npc-choice-Hunter-YueBai-0,20260906,Training.Hell.3-1,7,Blade,Hunter,YueBai,0,10,True,victory,npc_choice,True,7,11176,1596.5714285714287,4927,1833.3333333333333,1419.0,180,180,10692,11598,11598,0,23,88,8,44,5,1625,120,,D:\UE5 demo\GameXXK\Saved\Balance\20260907-final-matrix\npc-choice-Hunter-YueBai-0\seed-20260906.json,3,1,222
npc-choice-Hunter-YueBai-0,20260907,Training.Hell.3-1,7,Blade,Hunter,YueBai,0,10,True,victory,npc_choice,True,4,11149,2787.25,5573,2782.3333333333335,2802.0,0,0,5346,11598,11598,0,18,62,0,26,8,3479,75,,D:\UE5 demo\GameXXK\Saved\Balance\20260907-final-matrix\npc-choice-Hunter-YueBai-0\seed-20260907.json,1,0,47
npc-choice-Hunter-YueBai-0,20260908,Training.Hell.3-1,7,Blade,Hunter,YueBai,0,10,True,victory,npc_choice,True,6,11176,1862.6666666666667,3782,1755.3333333333333,1970.0,390,180,8262,11388,11598,0,19,95,7,38,4,1820,45,,D:\UE5 demo\GameXXK\Saved\Balance\20260907-final-matrix\npc-choice-Hunter-YueBai-0\seed-20260908.json,4,1,302
npc-choice-Hunter-YueBai-0,20260909,Training.Hell.3-1,7,Blade,Hunter,YueBai,0,10,True,victory,npc_choice,True,3,11176,3725.3333333333335,3201,3725.3333333333335,,210,30,3888,11418,11598,0,13,53,0,21,4,1342,45,,D:\UE5 demo\GameXXK\Saved\Balance\20260907-final-matrix\npc-choice-Hunter-YueBai-0\seed-20260909.json,3,1,170
npc-choice-Hunter-YueBai-0,20260910,Training.Hell.3-1,7,Blade,Hunter,YueBai,0,10,True,victory,npc_choice,True,2,11174,5587.0,5571,5587.0,,0,0,5346,11598,11598,0,10,47,0,19,8,3246,0,,D:\UE5 demo\GameXXK\Saved\Balance\20260907-final-matrix\npc-choice-Hunter-YueBai-0\seed-20260910.json,0,0,0
npc-choice-Hunter-YueBai-1,20260906,Training.Hell.3-1,7,Blade,Hunter,YueBai,1,10,True,victory,npc_choice,True,4,11176,2794.0,4708,1762.3333333333333,5889.0,0,0,11664,11598,11598,0,17,68,1,34,4,710,75,,D:\UE5 demo\GameXXK\Saved\Balance\20260907-final-matrix\npc-choice-Hunter-YueBai-1\seed-20260906.json,0,0,0
npc-choice-Hunter-YueBai-1,20260907,Training.Hell.3-1,7,Blade,Hunter,YueBai,1,10,True,victory,npc_choice,True,3,11176,3725.3333333333335,5573,3725.3333333333335,,0,0,9234,11598,11598,0,13,62,0,23,4,3817,0,,D:\UE5 demo\GameXXK\Saved\Balance\20260907-final-matrix\npc-choice-Hunter-YueBai-1\seed-20260907.json,1,0,47
npc-choice-Hunter-YueBai-1,20260908,Training.Hell.3-1,7,Blade,Hunter,YueBai,1,10,True,victory,npc_choice,True,7,11176,1596.5714285714287,3465,1827.0,1423.75,630,225,11178,11193,11598,0,25,92,5,36,5,3026,0,,D:\UE5 demo\GameXXK\Saved\Balance\20260907-final-matrix\npc-choice-Hunter-YueBai-1\seed-20260908.json,4,1,302
npc-choice-Hunter-YueBai-1,20260909,Training.Hell.3-1,7,Blade,Hunter,YueBai,1,10,True,victory,npc_choice,True,4,11176,2794.0,3171,1857.6666666666667,5603.0,450,0,7290,11148,11598,0,15,81,2,20,4,3994,0,,D:\UE5 demo\GameXXK\Saved\Balance\20260907-final-matrix\npc-choice-Hunter-YueBai-1\seed-20260909.json,3,1,170
npc-choice-Hunter-YueBai-1,20260910,Training.Hell.3-1,7,Blade,Hunter,YueBai,1,10,True,victory,npc_choice,True,3,11174,3724.6666666666665,5511,3724.6666666666665,,0,0,12636,11598,11598,0,13,65,0,31,8,4701,0,,D:\UE5 demo\GameXXK\Saved\Balance\20260907-final-matrix\npc-choice-Hunter-YueBai-1\seed-20260910.json,0,0,0
npc-choice-Hunter-YueBai-2,20260906,Training.Hell.3-1,7,Blade,Hunter,YueBai,2,10,True,victory,npc_choice,True,3,11176,3725.3333333333335,5448,3725.3333333333335,,0,0,5346,11598,11598,0,12,55,0,36,4,915,75,,D:\UE5 demo\GameXXK\Saved\Balance\20260907-final-matrix\npc-choice-Hunter-YueBai-2\seed-20260906.json,0,0,0
npc-choice-Hunter-YueBai-2,20260907,Training.Hell.3-1,7,Blade,Hunter,YueBai,2,10,True,victory,npc_choice,True,5,11176,2235.2,3383,1699.3333333333333,3039.0,330,330,8262,11598,11598,0,19,66,3,46,4,477,45,,D:\UE5 demo\GameXXK\Saved\Balance\20260907-final-matrix\npc-choice-Hunter-YueBai-2\seed-20260907.json,3,1,170
npc-choice-Hunter-YueBai-2,20260908,Training.Hell.3-1,7,Blade,Hunter,YueBai,2,10,True,victory,npc_choice,True,5,11176,2235.2,3805,1829.0,2844.5,210,195,7290,11583,11598,0,21,58,0,39,4,1413,105,,D:\UE5 demo\GameXXK\Saved\Balance\20260907-final-matrix\npc-choice-Hunter-YueBai-2\seed-20260908.json,3,1,170
npc-choice-Hunter-YueBai-2,20260909,Training.Hell.3-1,7,Blade,Hunter,YueBai,2,10,True,victory,npc_choice,True,4,11166,2791.5,3201,1854.3333333333333,5603.0,150,135,8262,11583,11598,0,19,55,0,36,8,341,90,,D:\UE5 demo\GameXXK\Saved\Balance\20260907-final-matrix\npc-choice-Hunter-YueBai-2\seed-20260909.json,3,1,170
npc-choice-Hunter-YueBai-2,20260910,Training.Hell.3-1,7,Blade,Hunter,YueBai,2,10,True,victory,npc_choice,True,4,11168,2792.0,5571,2788.6666666666665,2802.0,0,0,8262,11598,11598,0,15,45,0,36,4,567,0,,D:\UE5 demo\GameXXK\Saved\Balance\20260907-final-matrix\npc-choice-Hunter-YueBai-2\seed-20260910.json,1,0,47
npc-choice-Hunter-ZhouGuangZu-0,20260906,Training.Hell.3-1,7,Blade,Hunter,ZhouGuangZu,0,10,True,victory,npc_choice,True,5,11176,2235.2,1295,1809.6666666666667,2873.5,179,179,882,11193,11193,0,23,48,2,35,0,1186,1237,,D:\UE5 demo\GameXXK\Saved\Balance\20260907-final-matrix\npc-choice-Hunter-ZhouGuangZu-0\seed-20260906.json,1,0,1
npc-choice-Hunter-ZhouGuangZu-0,20260907,Training.Hell.3-1,7,Blade,Hunter,ZhouGuangZu,0,10,True,victory,npc_choice,True,5,11176,2235.2,3653,1857.6666666666667,2801.5,15,15,0,11193,11193,0,21,50,3,26,0,725,633,,D:\UE5 demo\GameXXK\Saved\Balance\20260907-final-matrix\npc-choice-Hunter-ZhouGuangZu-0\seed-20260907.json,0,0,0
npc-choice-Hunter-ZhouGuangZu-0,20260908,Training.Hell.3-1,7,Blade,Hunter,ZhouGuangZu,0,10,True,victory,npc_choice,True,3,5574,1858.0,3387,1858.0,,186,126,1323,11133,11193,0,13,33,0,21,0,1137,579,,D:\UE5 demo\GameXXK\Saved\Balance\20260907-final-matrix\npc-choice-Hunter-ZhouGuangZu-0\seed-20260908.json,2,1,137
npc-choice-Hunter-ZhouGuangZu-0,20260909,Training.Hell.3-1,7,Blade,Hunter,ZhouGuangZu,0,10,True,victory,npc_choice,True,4,11161,2790.25,2877,1857.6666666666667,5588.0,9,9,882,11193,11193,0,20,49,0,27,0,706,627,,D:\UE5 demo\GameXXK\Saved\Balance\20260907-final-matrix\npc-choice-Hunter-ZhouGuangZu-0\seed-20260909.json,0,0,0
npc-choice-Hunter-ZhouGuangZu-0,20260910,Training.Hell.3-1,7,Blade,Hunter,ZhouGuangZu,0,10,True,victory,npc_choice,True,5,11162,2232.4,1880,1857.3333333333333,2795.0,528,512,1323,11177,11193,0,22,60,2,33,0,1550,910,,D:\UE5 demo\GameXXK\Saved\Balance\20260907-final-matrix\npc-choice-Hunter-ZhouGuangZu-0\seed-20260910.json,3,1,217
npc-choice-Hunter-ZhouGuangZu-1,20260906,Training.Hell.3-1,7,Blade,Hunter,ZhouGuangZu,1,10,True,victory,npc_choice,True,3,5574,1858.0,2118,1858.0,,180,75,2205,11088,11193,0,12,31,0,21,0,472,0,,D:\UE5 demo\GameXXK\Saved\Balance\20260907-final-matrix\npc-choice-Hunter-ZhouGuangZu-1\seed-20260906.json,2,1,137
npc-choice-Hunter-ZhouGuangZu-1,20260907,Training.Hell.3-1,7,Blade,Hunter,ZhouGuangZu,1,10,True,victory,npc_choice,True,5,11176,2235.2,3653,1857.6666666666667,2801.5,6,6,5292,11193,11193,0,21,65,4,30,0,839,6,,D:\UE5 demo\GameXXK\Saved\Balance\20260907-final-matrix\npc-choice-Hunter-ZhouGuangZu-1\seed-20260907.json,0,0,0
npc-choice-Hunter-ZhouGuangZu-1,20260908,Training.Hell.3-1,7,Blade,Hunter,ZhouGuangZu,1,10,True,victory,npc_choice,True,3,5574,1858.0,3341,1858.0,,0,0,3087,11193,11193,0,11,33,0,19,1,263,0,,D:\UE5 demo\GameXXK\Saved\Balance\20260907-final-matrix\npc-choice-Hunter-ZhouGuangZu-1\seed-20260908.json,0,0,0
npc-choice-Hunter-ZhouGuangZu-1,20260909,Training.Hell.3-1,7,Blade,Hunter,ZhouGuangZu,1,10,True,victory,npc_choice,True,4,5574,1393.5,2877,1786.0,216.0,6,6,3528,11193,11193,0,18,49,0,26,2,128,6,,D:\UE5 demo\GameXXK\Saved\Balance\20260907-final-matrix\npc-choice-Hunter-ZhouGuangZu-1\seed-20260909.json,0,0,0
npc-choice-Hunter-ZhouGuangZu-1,20260910,Training.Hell.3-1,7,Blade,Hunter,ZhouGuangZu,1,10,True,victory,npc_choice,True,4,11163,2790.75,3368,1853.3333333333333,5603.0,126,113,5292,11180,11193,0,22,53,0,38,1,864,49,,D:\UE5 demo\GameXXK\Saved\Balance\20260907-final-matrix\npc-choice-Hunter-ZhouGuangZu-1\seed-20260910.json,2,1,137
npc-choice-Hunter-ZhouGuangZu-2,20260906,Training.Hell.3-1,7,Blade,Hunter,ZhouGuangZu,2,10,True,victory,npc_choice,True,5,11172,2234.4,2118,1766.3333333333333,2936.5,129,129,4410,11193,11193,0,20,60,2,39,0,880,966,,D:\UE5 demo\GameXXK\Saved\Balance\20260907-final-matrix\npc-choice-Hunter-ZhouGuangZu-2\seed-20260906.json,2,1,137
npc-choice-Hunter-ZhouGuangZu-2,20260907,Training.Hell.3-1,7,Blade,Hunter,ZhouGuangZu,2,10,True,victory,npc_choice,True,3,5574,1858.0,3653,1858.0,,9,9,3528,11193,11193,0,13,47,0,27,0,138,627,,D:\UE5 demo\GameXXK\Saved\Balance\20260907-final-matrix\npc-choice-Hunter-ZhouGuangZu-2\seed-20260907.json,0,0,0
npc-choice-Hunter-ZhouGuangZu-2,20260908,Training.Hell.3-1,7,Blade,Hunter,ZhouGuangZu,2,10,True,victory,npc_choice,True,3,5574,1858.0,3587,1858.0,,9,9,5292,11193,11193,0,16,51,0,37,0,312,627,,D:\UE5 demo\GameXXK\Saved\Balance\20260907-final-matrix\npc-choice-Hunter-ZhouGuangZu-2\seed-20260908.json,0,0,0
npc-choice-Hunter-ZhouGuangZu-2,20260909,Training.Hell.3-1,7,Blade,Hunter,ZhouGuangZu,2,10,True,victory,npc_choice,True,3,5574,1858.0,2877,1858.0,,9,9,882,11193,11193,0,12,35,0,20,0,167,627,,D:\UE5 demo\GameXXK\Saved\Balance\20260907-final-matrix\npc-choice-Hunter-ZhouGuangZu-2\seed-20260909.json,0,0,0
npc-choice-Hunter-ZhouGuangZu-2,20260910,Training.Hell.3-1,7,Blade,Hunter,ZhouGuangZu,2,10,True,victory,npc_choice,True,4,11176,2794.0,3395,1724.0,6004.0,132,132,3528,11193,11193,0,20,54,0,38,0,1360,969,,D:\UE5 demo\GameXXK\Saved\Balance\20260907-final-matrix\npc-choice-Hunter-ZhouGuangZu-2\seed-20260910.json,2,1,137
npc-choice-Hunter-JinGui-1,20260906,Training.Hell.3-1,7,Blade,Hunter,JinGui,1,10,True,victory,npc_choice,True,8,11176,1397.0,3410,1794.0,1158.8,0,0,100,11427,11427,0,31,76,6,40,0,983,150,,D:\UE5 demo\GameXXK\Saved\Balance\20260907-final-matrix\npc-choice-Hunter-JinGui-1\seed-20260906.json,0,0,0
npc-choice-Hunter-JinGui-1,20260907,Training.Hell.3-1,7,Blade,Hunter,JinGui,1,10,True,victory,npc_choice,True,6,11150,1858.3333333333333,5169,1849.0,1867.6666666666667,823,150,752,10754,11427,0,22,63,2,26,1,420,0,,D:\UE5 demo\GameXXK\Saved\Balance\20260907-final-matrix\npc-choice-Hunter-JinGui-1\seed-20260907.json,3,1,3
npc-choice-Hunter-JinGui-1,20260908,Training.Hell.3-1,7,Blade,Hunter,JinGui,1,10,True,victory,npc_choice,True,7,11176,1596.5714285714287,4832,1742.0,1487.5,0,0,100,11427,11427,0,27,71,3,33,1,280,75,,D:\UE5 demo\GameXXK\Saved\Balance\20260907-final-matrix\npc-choice-Hunter-JinGui-1\seed-20260908.json,0,0,0
npc-choice-Hunter-JinGui-1,20260909,Training.Hell.3-1,7,Blade,Hunter,JinGui,1,10,True,victory,npc_choice,True,5,11149,2229.8,4986,1848.6666666666667,2801.5,0,0,75,11427,11427,0,22,66,1,27,0,636,0,,D:\UE5 demo\GameXXK\Saved\Balance\20260907-final-matrix\npc-choice-Hunter-JinGui-1\seed-20260909.json,0,0,0
npc-choice-Hunter-JinGui-1,20260910,Training.Hell.3-1,7,Blade,Hunter,JinGui,1,10,True,victory,npc_choice,True,8,11176,1397.0,4689,1810.6666666666667,1148.8,0,0,125,11427,11427,0,27,74,6,36,3,1501,150,,D:\UE5 demo\GameXXK\Saved\Balance\20260907-final-matrix\npc-choice-Hunter-JinGui-1\seed-20260910.json,0,0,0
npc-choice-Hunter-JinGui-2,20260906,Training.Hell.3-1,7,Blade,Hunter,JinGui,2,10,True,stalemate,npc_choice,True,8,5379,672.375,2394,1793.0,0.0,0,0,1523,11427,11427,0,30,78,3,32,3,761,75,,D:\UE5 demo\GameXXK\Saved\Balance\20260907-final-matrix\npc-choice-Hunter-JinGui-2\seed-20260906.json,0,0,0
npc-choice-Hunter-JinGui-2,20260907,Training.Hell.3-1,7,Blade,Hunter,JinGui,2,10,True,victory,npc_choice,True,8,11176,1397.0,1190,1756.0,1181.6,463,375,3132,11339,11427,0,37,77,2,43,0,1592,0,,D:\UE5 demo\GameXXK\Saved\Balance\20260907-final-matrix\npc-choice-Hunter-JinGui-2\seed-20260907.json,3,1,3
npc-choice-Hunter-JinGui-2,20260908,Training.Hell.3-1,7,Blade,Hunter,JinGui,2,10,True,victory,npc_choice,True,7,11176,1596.5714285714287,2772,1857.6666666666667,1400.75,0,0,1964,11427,11427,0,30,77,3,34,0,720,75,,D:\UE5 demo\GameXXK\Saved\Balance\20260907-final-matrix\npc-choice-Hunter-JinGui-2\seed-20260908.json,0,0,0
npc-choice-Hunter-JinGui-2,20260909,Training.Hell.3-1,7,Blade,Hunter,JinGui,2,10,True,victory,npc_choice,True,7,11176,1596.5714285714287,3171,1763.3333333333333,1471.5,523,300,2641,11204,11427,0,28,75,5,32,0,602,0,,D:\UE5 demo\GameXXK\Saved\Balance\20260907-final-matrix\npc-choice-Hunter-JinGui-2\seed-20260909.json,3,1,3
npc-choice-Hunter-JinGui-2,20260910,Training.Hell.3-1,7,Blade,Hunter,JinGui,2,10,True,victory,npc_choice,True,7,11176,1596.5714285714287,2678,1728.0,1498.0,30,30,2896,11427,11427,0,32,73,3,36,1,940,120,,D:\UE5 demo\GameXXK\Saved\Balance\20260907-final-matrix\npc-choice-Hunter-JinGui-2\seed-20260910.json,1,0,397
npc-choice-Hunter-JinGui-3,20260906,Training.Hell.3-1,7,Blade,Hunter,JinGui,3,10,True,victory,npc_choice,True,4,11158,2789.5,4553,2735.0,2953.0,0,0,982,11427,11427,0,19,51,0,29,1,729,0,,D:\UE5 demo\GameXXK\Saved\Balance\20260907-final-matrix\npc-choice-Hunter-JinGui-3\seed-20260906.json,0,0,0
npc-choice-Hunter-JinGui-3,20260907,Training.Hell.3-1,7,Blade,Hunter,JinGui,3,10,True,victory,npc_choice,True,7,11170,1595.7142857142858,3392,1815.6666666666667,1430.75,583,300,2666,11144,11427,0,27,74,1,32,1,958,0,,D:\UE5 demo\GameXXK\Saved\Balance\20260907-final-matrix\npc-choice-Hunter-JinGui-3\seed-20260907.json,3,1,3
npc-choice-Hunter-JinGui-3,20260908,Training.Hell.3-1,7,Blade,Hunter,JinGui,3,10,True,victory,npc_choice,True,6,11176,1862.6666666666667,3250,1768.3333333333333,1957.0,0,0,1032,11427,11427,0,24,65,1,29,1,750,0,,D:\UE5 demo\GameXXK\Saved\Balance\20260907-final-matrix\npc-choice-Hunter-JinGui-3\seed-20260908.json,0,0,0
npc-choice-Hunter-JinGui-3,20260909,Training.Hell.3-1,7,Blade,Hunter,JinGui,3,10,True,victory,npc_choice,True,8,11172,1396.5,3171,1856.3333333333333,1120.6,463,375,2200,11339,11427,0,30,73,5,39,1,735,0,,D:\UE5 demo\GameXXK\Saved\Balance\20260907-final-matrix\npc-choice-Hunter-JinGui-3\seed-20260909.json,3,1,3
npc-choice-Hunter-JinGui-3,20260910,Training.Hell.3-1,7,Blade,Hunter,JinGui,3,10,True,victory,npc_choice,True,8,11165,1395.625,2666,1854.0,1120.6,0,0,2430,11427,11427,0,29,69,3,37,3,900,0,,D:\UE5 demo\GameXXK\Saved\Balance\20260907-final-matrix\npc-choice-Hunter-JinGui-3\seed-20260910.json,0,0,0
npc-choice-Hunter-QiongMeiEr-0,20260906,Training.Hell.3-1,7,Blade,Hunter,QiongMeiEr,0,10,True,victory,npc_choice,True,6,11176,1862.6666666666667,3862,1707.0,2018.3333333333333,158,158,0,11886,11886,0,21,37,6,30,2,822,352,,D:\UE5 demo\GameXXK\Saved\Balance\20260907-final-matrix\npc-choice-Hunter-QiongMeiEr-0\seed-20260906.json,2,0,1
npc-choice-Hunter-QiongMeiEr-0,20260907,Training.Hell.3-1,7,Blade,Hunter,QiongMeiEr,0,10,True,victory,npc_choice,True,7,11176,1596.5714285714287,3152,1781.6666666666667,1457.75,274,274,0,11886,11886,0,26,59,5,36,0,1127,671,,D:\UE5 demo\GameXXK\Saved\Balance\20260907-final-matrix\npc-choice-Hunter-QiongMeiEr-0\seed-20260907.json,3,1,2
npc-choice-Hunter-QiongMeiEr-0,20260908,Training.Hell.3-1,7,Blade,Hunter,QiongMeiEr,0,10,True,victory,npc_choice,True,9,11176,1241.7777777777778,3987,1796.6666666666667,964.3333333333334,249,249,0,11886,11886,0,28,64,8,37,1,1240,801,,D:\UE5 demo\GameXXK\Saved\Balance\20260907-final-matrix\npc-choice-Hunter-QiongMeiEr-0\seed-20260908.json,3,1,2
npc-choice-Hunter-QiongMeiEr-0,20260909,Training.Hell.3-1,7,Blade,Hunter,QiongMeiEr,0,10,True,victory,npc_choice,True,7,11176,1596.5714285714287,3852,1701.0,1518.25,334,334,0,11886,11886,0,25,66,4,32,2,1886,1286,,D:\UE5 demo\GameXXK\Saved\Balance\20260907-final-matrix\npc-choice-Hunter-QiongMeiEr-0\seed-20260909.json,3,1,2
npc-choice-Hunter-QiongMeiEr-0,20260910,Training.Hell.3-1,7,Blade,Hunter,QiongMeiEr,0,10,True,victory,npc_choice,True,7,11162,1594.5714285714287,4429,2746.3333333333335,730.75,249,249,0,11886,11886,0,22,46,8,38,1,790,696,,D:\UE5 demo\GameXXK\Saved\Balance\20260907-final-matrix\npc-choice-Hunter-QiongMeiEr-0\seed-20260910.json,3,1,2
npc-choice-Hunter-QiongMeiEr-1,20260906,Training.Hell.3-1,7,Blade,Hunter,QiongMeiEr,1,10,True,victory,npc_choice,True,6,11174,1862.3333333333333,3971,1743.6666666666667,1981.0,274,145,0,11757,11886,0,22,37,4,32,1,834,260,,D:\UE5 demo\GameXXK\Saved\Balance\20260907-final-matrix\npc-choice-Hunter-QiongMeiEr-1\seed-20260906.json,3,1,2
npc-choice-Hunter-QiongMeiEr-1,20260907,Training.Hell.3-1,7,Blade,Hunter,QiongMeiEr,1,10,True,victory,npc_choice,True,7,11176,1596.5714285714287,3152,1791.3333333333333,1450.5,189,145,0,11842,11886,0,22,47,7,35,0,1027,155,,D:\UE5 demo\GameXXK\Saved\Balance\20260907-final-matrix\npc-choice-Hunter-QiongMeiEr-1\seed-20260907.json,3,1,2
npc-choice-Hunter-QiongMeiEr-1,20260908,Training.Hell.3-1,7,Blade,Hunter,QiongMeiEr,1,10,True,victory,npc_choice,True,7,11155,1593.5714285714287,3979,1830.6666666666667,1415.75,145,145,0,11886,11886,0,26,52,4,33,1,1043,185,,D:\UE5 demo\GameXXK\Saved\Balance\20260907-final-matrix\npc-choice-Hunter-QiongMeiEr-1\seed-20260908.json,2,1,2
npc-choice-Hunter-QiongMeiEr-1,20260909,Training.Hell.3-1,7,Blade,Hunter,QiongMeiEr,1,10,True,victory,npc_choice,True,6,11156,1859.3333333333333,3852,1737.6666666666667,1981.0,274,145,0,11757,11886,0,21,53,3,32,0,1538,440,,D:\UE5 demo\GameXXK\Saved\Balance\20260907-final-matrix\npc-choice-Hunter-QiongMeiEr-1\seed-20260909.json,3,1,2
npc-choice-Hunter-QiongMeiEr-1,20260910,Training.Hell.3-1,7,Blade,Hunter,QiongMeiEr,1,10,True,victory,npc_choice,True,6,11162,1860.3333333333333,4548,1829.6666666666667,1891.0,205,205,0,11886,11886,0,20,46,4,32,0,525,230,,D:\UE5 demo\GameXXK\Saved\Balance\20260907-final-matrix\npc-choice-Hunter-QiongMeiEr-1\seed-20260910.json,2,1,2
npc-choice-Hunter-QiongMeiEr-2,20260906,Training.Hell.3-1,7,Blade,Hunter,QiongMeiEr,2,10,True,victory,npc_choice,True,7,11155,1593.5714285714287,1622,2727.6666666666665,743.0,189,189,0,11886,11886,0,24,49,5,31,0,323,711,,D:\UE5 demo\GameXXK\Saved\Balance\20260907-final-matrix\npc-choice-Hunter-QiongMeiEr-2\seed-20260906.json,3,1,2
npc-choice-Hunter-QiongMeiEr-2,20260907,Training.Hell.3-1,7,Blade,Hunter,QiongMeiEr,2,10,True,victory,npc_choice,True,12,11176,931.3333333333334,1190,1092.0,877.7777777777778,667,667,0,11886,11886,0,42,71,7,51,3,3476,743,,D:\UE5 demo\GameXXK\Saved\Balance\20260907-final-matrix\npc-choice-Hunter-QiongMeiEr-2\seed-20260907.json,5,1,3
npc-choice-Hunter-QiongMeiEr-2,20260908,Training.Hell.3-1,7,Blade,Hunter,QiongMeiEr,2,10,True,victory,npc_choice,True,7,11164,1594.857142857143,3796,1853.6666666666667,1400.75,369,369,0,11886,11886,0,29,48,1,32,0,2667,246,,D:\UE5 demo\GameXXK\Saved\Balance\20260907-final-matrix\npc-choice-Hunter-QiongMeiEr-2\seed-20260908.json,3,1,2
npc-choice-Hunter-QiongMeiEr-2,20260909,Training.Hell.3-1,7,Blade,Hunter,QiongMeiEr,2,10,True,victory,npc_choice,True,7,11176,1596.5714285714287,3171,1771.0,1465.75,554,554,0,11886,11886,0,30,57,2,36,0,613,781,,D:\UE5 demo\GameXXK\Saved\Balance\20260907-final-matrix\npc-choice-Hunter-QiongMeiEr-2\seed-20260909.json,3,1,3
npc-choice-Hunter-QiongMeiEr-2,20260910,Training.Hell.3-1,7,Blade,Hunter,QiongMeiEr,2,10,True,victory,npc_choice,True,9,11165,1240.5555555555557,1300,1839.0,941.3333333333334,658,658,0,11886,11886,0,37,59,2,47,0,5487,542,,D:\UE5 demo\GameXXK\Saved\Balance\20260907-final-matrix\npc-choice-Hunter-QiongMeiEr-2\seed-20260910.json,4,1,3
npc-choice-Sorcerer-TusiChief-0,20260906,Training.Hell.3-1,7,Blade,Sorcerer,TusiChief,0,10,True,limit,npc_choice,False,60,5429,90.48333333333333,5429,1809.6666666666667,0.0,2328,1857,9320,12188,12659,0,126,15,117,165,10,139,93,Simulation reached MaxRounds before a terminal result.,D:\UE5 demo\GameXXK\Saved\Balance\20260907-final-matrix\npc-choice-Sorcerer-TusiChief-0\seed-20260906.json,12,0,0
npc-choice-Sorcerer-TusiChief-0,20260907,Training.Hell.3-1,7,Blade,Sorcerer,TusiChief,0,10,True,limit,npc_choice,False,60,5509,91.81666666666666,5282,1836.3333333333333,0.0,4272,2175,9440,10562,12659,0,141,23,106,168,9,18,0,Simulation reached MaxRounds before a terminal result.,D:\UE5 demo\GameXXK\Saved\Balance\20260907-final-matrix\npc-choice-Sorcerer-TusiChief-0\seed-20260907.json,24,0,0
npc-choice-Sorcerer-TusiChief-0,20260908,Training.Hell.3-1,7,Blade,Sorcerer,TusiChief,0,10,True,limit,npc_choice,False,60,5432,90.53333333333333,3887,1810.6666666666667,0.0,3036,2219,10332,11842,12659,0,152,23,98,183,17,323,256,Simulation reached MaxRounds before a terminal result.,D:\UE5 demo\GameXXK\Saved\Balance\20260907-final-matrix\npc-choice-Sorcerer-TusiChief-0\seed-20260908.json,16,0,0
npc-choice-Sorcerer-TusiChief-0,20260909,Training.Hell.3-1,7,Blade,Sorcerer,TusiChief,0,10,True,limit,npc_choice,False,60,5392,89.86666666666666,4922,1797.3333333333333,0.0,2328,2095,11472,12426,12659,0,140,20,111,176,19,323,155,Simulation reached MaxRounds before a terminal result.,D:\UE5 demo\GameXXK\Saved\Balance\20260907-final-matrix\npc-choice-Sorcerer-TusiChief-0\seed-20260909.json,12,0,0
npc-choice-Sorcerer-TusiChief-0,20260910,Training.Hell.3-1,7,Blade,Sorcerer,TusiChief,0,10,True,limit,npc_choice,False,60,5178,86.3,4194,1726.0,0.0,2208,2034,15188,12485,12659,0,183,163,85,235,12,32,291,Simulation reached MaxRounds before a terminal result.,D:\UE5 demo\GameXXK\Saved\Balance\20260907-final-matrix\npc-choice-Sorcerer-TusiChief-0\seed-20260910.json,12,0,120
npc-choice-Sorcerer-TusiChief-1,20260906,Training.Hell.3-1,7,Blade,Sorcerer,TusiChief,1,10,True,limit,npc_choice,False,60,5506,91.76666666666667,4558,1835.3333333333333,0.0,3948,1950,815,10661,12659,0,108,23,122,124,15,139,75,Simulation reached MaxRounds before a terminal result.,D:\UE5 demo\GameXXK\Saved\Balance\20260907-final-matrix\npc-choice-Sorcerer-TusiChief-1\seed-20260906.json,22,0,0
npc-choice-Sorcerer-TusiChief-1,20260907,Training.Hell.3-1,7,Blade,Sorcerer,TusiChief,1,10,True,limit,npc_choice,False,60,5509,91.81666666666666,5282,1836.3333333333333,0.0,3624,1725,284,10760,12659,0,105,23,122,121,14,18,0,Simulation reached MaxRounds before a terminal result.,D:\UE5 demo\GameXXK\Saved\Balance\20260907-final-matrix\npc-choice-Sorcerer-TusiChief-1\seed-20260907.json,20,0,0
npc-choice-Sorcerer-TusiChief-1,20260908,Training.Hell.3-1,7,Blade,Sorcerer,TusiChief,1,10,True,limit,npc_choice,False,60,5409,90.15,4394,1803.0,0.0,4110,1725,673,10274,12659,0,107,23,119,117,8,145,0,Simulation reached MaxRounds before a terminal result.,D:\UE5 demo\GameXXK\Saved\Balance\20260907-final-matrix\npc-choice-Sorcerer-TusiChief-1\seed-20260908.json,23,0,0
npc-choice-Sorcerer-TusiChief-1,20260909,Training.Hell.3-1,7,Blade,Sorcerer,TusiChief,1,10,True,limit,npc_choice,False,60,5392,89.86666666666666,4922,1797.3333333333333,0.0,3786,1725,284,10598,12659,0,104,20,121,118,13,323,0,Simulation reached MaxRounds before a terminal result.,D:\UE5 demo\GameXXK\Saved\Balance\20260907-final-matrix\npc-choice-Sorcerer-TusiChief-1\seed-20260909.json,21,0,0
npc-choice-Sorcerer-TusiChief-1,20260910,Training.Hell.3-1,7,Blade,Sorcerer,TusiChief,1,10,True,limit,npc_choice,False,60,5369,89.48333333333333,4194,1789.6666666666667,0.0,2714,2049,2615,11994,12659,0,132,139,111,158,10,32,51,Simulation reached MaxRounds before a terminal result.,D:\UE5 demo\GameXXK\Saved\Balance\20260907-final-matrix\npc-choice-Sorcerer-TusiChief-1\seed-20260910.json,15,0,100
npc-choice-Sorcerer-TusiChief-2,20260906,Training.Hell.3-1,7,Blade,Sorcerer,TusiChief,2,10,True,limit,npc_choice,False,60,5506,91.76666666666667,4558,1835.3333333333333,0.0,2328,2002,11715,12333,12659,0,142,23,109,182,13,139,248,Simulation reached MaxRounds before a terminal result.,D:\UE5 demo\GameXXK\Saved\Balance\20260907-final-matrix\npc-choice-Sorcerer-TusiChief-2\seed-20260906.json,12,0,0
npc-choice-Sorcerer-TusiChief-2,20260907,Training.Hell.3-1,7,Blade,Sorcerer,TusiChief,2,10,True,limit,npc_choice,False,60,5532,92.2,4391,1844.0,0.0,2328,2064,9604,12395,12659,0,131,30,109,166,9,308,186,Simulation reached MaxRounds before a terminal result.,D:\UE5 demo\GameXXK\Saved\Balance\20260907-final-matrix\npc-choice-Sorcerer-TusiChief-2\seed-20260907.json,12,0,0
npc-choice-Sorcerer-TusiChief-2,20260908,Training.Hell.3-1,7,Blade,Sorcerer,TusiChief,2,10,True,limit,npc_choice,False,60,5409,90.15,4394,1803.0,0.0,3994,2369,10357,11034,12659,0,140,23,106,165,12,145,106,Simulation reached MaxRounds before a terminal result.,D:\UE5 demo\GameXXK\Saved\Balance\20260907-final-matrix\npc-choice-Sorcerer-TusiChief-2\seed-20260908.json,22,0,0
npc-choice-Sorcerer-TusiChief-2,20260909,Training.Hell.3-1,7,Blade,Sorcerer,TusiChief,2,10,True,limit,npc_choice,False,60,5531,92.18333333333334,4391,1843.6666666666667,0.0,4040,2113,10802,10732,12659,0,159,27,89,187,15,323,212,Simulation reached MaxRounds before a terminal result.,D:\UE5 demo\GameXXK\Saved\Balance\20260907-final-matrix\npc-choice-Sorcerer-TusiChief-2\seed-20260909.json,22,0,0
npc-choice-Sorcerer-TusiChief-2,20260910,Training.Hell.3-1,7,Blade,Sorcerer,TusiChief,2,10,True,limit,npc_choice,False,60,5498,91.63333333333334,3050,1832.6666666666667,0.0,2637,2463,14311,12485,12659,0,172,174,93,225,5,291,312,Simulation reached MaxRounds before a terminal result.,D:\UE5 demo\GameXXK\Saved\Balance\20260907-final-matrix\npc-choice-Sorcerer-TusiChief-2\seed-20260910.json,14,1,143
npc-choice-Sorcerer-SongJinBao-0,20260906,Training.Hell.3-1,7,Blade,Sorcerer,SongJinBao,0,10,True,stalemate,npc_choice,True,8,5405,675.625,4391,1801.6666666666667,0.0,0,0,0,12482,12482,0,15,21,16,23,5,138,150,,D:\UE5 demo\GameXXK\Saved\Balance\20260907-final-matrix\npc-choice-Sorcerer-SongJinBao-0\seed-20260906.json,0,0,0
npc-choice-Sorcerer-SongJinBao-0,20260907,Training.Hell.3-1,7,Blade,Sorcerer,SongJinBao,0,10,True,stalemate,npc_choice,True,56,8333,148.80357142857142,4897,1802.0,55.22641509433962,1353,1353,900,12482,12482,0,171,43,69,196,16,417,597,,D:\UE5 demo\GameXXK\Saved\Balance\20260907-final-matrix\npc-choice-Sorcerer-SongJinBao-0\seed-20260907.json,9,0,20
npc-choice-Sorcerer-SongJinBao-0,20260908,Training.Hell.3-1,7,Blade,Sorcerer,SongJinBao,0,10,True,limit,npc_choice,False,60,5466,91.1,3887,1822.0,0.0,1782,1608,0,12308,12482,0,172,21,81,185,10,323,792,Simulation reached MaxRounds before a terminal result.,D:\UE5 demo\GameXXK\Saved\Balance\20260907-final-matrix\npc-choice-Sorcerer-SongJinBao-0\seed-20260908.json,11,0,0
npc-choice-Sorcerer-SongJinBao-0,20260909,Training.Hell.3-1,7,Blade,Sorcerer,SongJinBao,0,10,True,limit,npc_choice,False,60,5509,91.81666666666666,4391,1836.3333333333333,0.0,1944,1782,0,12320,12482,0,174,15,82,194,13,323,843,Simulation reached MaxRounds before a terminal result.,D:\UE5 demo\GameXXK\Saved\Balance\20260907-final-matrix\npc-choice-Sorcerer-SongJinBao-0\seed-20260909.json,12,0,0
npc-choice-Sorcerer-SongJinBao-0,20260910,Training.Hell.3-1,7,Blade,Sorcerer,SongJinBao,0,10,True,stalemate,npc_choice,True,22,5532,251.45454545454547,4925,1844.0,0.0,649,649,795,12482,12482,0,58,62,34,75,2,561,251,,D:\UE5 demo\GameXXK\Saved\Balance\20260907-final-matrix\npc-choice-Sorcerer-SongJinBao-0\seed-20260910.json,5,1,149
npc-choice-Sorcerer-SongJinBao-1,20260906,Training.Hell.3-1,7,Blade,Sorcerer,SongJinBao,1,10,True,stalemate,npc_choice,True,41,8335,203.29268292682926,4943,2726.6666666666665,4.078947368421052,437,437,1950,12482,12482,0,105,153,67,137,13,216,538,,D:\UE5 demo\GameXXK\Saved\Balance\20260907-final-matrix\npc-choice-Sorcerer-SongJinBao-1\seed-20260906.json,8,3,84
npc-choice-Sorcerer-SongJinBao-1,20260907,Training.Hell.3-1,7,Blade,Sorcerer,SongJinBao,1,10,True,limit,npc_choice,False,60,8243,137.38333333333333,5095,1831.0,48.24561403508772,1817,1541,600,12206,12482,0,124,86,120,159,22,570,634,Simulation reached MaxRounds before a terminal result.,D:\UE5 demo\GameXXK\Saved\Balance\20260907-final-matrix\npc-choice-Sorcerer-SongJinBao-1\seed-20260907.json,19,8,0
npc-choice-Sorcerer-SongJinBao-1,20260908,Training.Hell.3-1,7,Blade,Sorcerer,SongJinBao,1,10,True,limit,npc_choice,False,60,5378,89.63333333333334,5378,1792.6666666666667,0.0,2188,1650,0,11944,12482,0,98,50,133,126,12,323,75,Simulation reached MaxRounds before a terminal result.,D:\UE5 demo\GameXXK\Saved\Balance\20260907-final-matrix\npc-choice-Sorcerer-SongJinBao-1\seed-20260908.json,17,5,0
npc-choice-Sorcerer-SongJinBao-1,20260909,Training.Hell.3-1,7,Blade,Sorcerer,SongJinBao,1,10,True,stalemate,npc_choice,True,11,5534,503.09090909090907,4391,1844.6666666666667,0.0,2,0,0,12480,12482,0,15,26,22,23,1,323,0,,D:\UE5 demo\GameXXK\Saved\Balance\20260907-final-matrix\npc-choice-Sorcerer-SongJinBao-1\seed-20260909.json,1,1,0
npc-choice-Sorcerer-SongJinBao-1,20260910,Training.Hell.3-1,7,Blade,Sorcerer,SongJinBao,1,10,True,stalemate,npc_choice,True,52,5467,105.13461538461539,4925,1822.3333333333333,0.0,1000,1000,1710,12482,12482,0,107,167,100,136,8,309,350,,D:\UE5 demo\GameXXK\Saved\Balance\20260907-final-matrix\npc-choice-Sorcerer-SongJinBao-1\seed-20260910.json,13,9,74
npc-choice-Sorcerer-SongJinBao-2,20260906,Training.Hell.3-1,7,Blade,Sorcerer,SongJinBao,2,10,True,limit,npc_choice,False,60,5524,92.06666666666666,5324,1841.3333333333333,0.0,984,982,0,12480,12482,0,167,107,89,203,30,214,1043,Simulation reached MaxRounds before a terminal result.,D:\UE5 demo\GameXXK\Saved\Balance\20260907-final-matrix\npc-choice-Sorcerer-SongJinBao-2\seed-20260906.json,12,6,0
npc-choice-Sorcerer-SongJinBao-2,20260907,Training.Hell.3-1,7,Blade,Sorcerer,SongJinBao,2,10,True,stalemate,npc_choice,True,39,8123,208.28205128205127,3887,1785.3333333333333,76.86111111111111,172,172,1620,12482,12482,0,115,129,74,216,72,307,1028,,D:\UE5 demo\GameXXK\Saved\Balance\20260907-final-matrix\npc-choice-Sorcerer-SongJinBao-2\seed-20260907.json,7,6,2
npc-choice-Sorcerer-SongJinBao-2,20260908,Training.Hell.3-1,7,Blade,Sorcerer,SongJinBao,2,10,True,limit,npc_choice,False,60,5523,92.05,3887,1841.0,0.0,504,500,0,12478,12482,0,149,170,111,203,69,322,1000,Simulation reached MaxRounds before a terminal result.,D:\UE5 demo\GameXXK\Saved\Balance\20260907-final-matrix\npc-choice-Sorcerer-SongJinBao-2\seed-20260908.json,12,9,0
npc-choice-Sorcerer-SongJinBao-2,20260909,Training.Hell.3-1,7,Blade,Sorcerer,SongJinBao,2,10,True,stalemate,npc_choice,True,9,5509,612.1111111111111,3887,1836.3333333333333,0.0,0,0,0,12482,12482,0,25,30,11,37,6,322,150,,D:\UE5 demo\GameXXK\Saved\Balance\20260907-final-matrix\npc-choice-Sorcerer-SongJinBao-2\seed-20260909.json,0,0,0
npc-choice-Sorcerer-SongJinBao-2,20260910,Training.Hell.3-1,7,Blade,Sorcerer,SongJinBao,2,10,True,stalemate,npc_choice,True,19,5288,278.3157894736842,4923,1762.6666666666667,0.0,482,482,510,12482,12482,0,52,81,30,68,2,560,268,,D:\UE5 demo\GameXXK\Saved\Balance\20260907-final-matrix\npc-choice-Sorcerer-SongJinBao-2\seed-20260910.json,5,4,18
npc-choice-Sorcerer-YueBai-0,20260906,Training.Hell.3-1,7,Blade,Sorcerer,YueBai,0,10,True,stalemate,npc_choice,True,7,5460,780.0,5460,1820.0,0.0,0,0,9960,11904,11904,0,19,61,9,28,5,119,150,,D:\UE5 demo\GameXXK\Saved\Balance\20260907-final-matrix\npc-choice-Sorcerer-YueBai-0\seed-20260906.json,2,0,294
npc-choice-Sorcerer-YueBai-0,20260907,Training.Hell.3-1,7,Blade,Sorcerer,YueBai,0,10,True,stalemate,npc_choice,True,7,5460,780.0,5460,1820.0,0.0,0,0,10692,11904,11904,0,20,54,8,32,7,288,225,,D:\UE5 demo\GameXXK\Saved\Balance\20260907-final-matrix\npc-choice-Sorcerer-YueBai-0\seed-20260907.json,1,0,132
npc-choice-Sorcerer-YueBai-0,20260908,Training.Hell.3-1,7,Blade,Sorcerer,YueBai,0,10,True,stalemate,npc_choice,True,7,5460,780.0,5460,1820.0,0.0,0,0,8748,11904,11904,0,15,48,10,24,4,303,75,,D:\UE5 demo\GameXXK\Saved\Balance\20260907-final-matrix\npc-choice-Sorcerer-YueBai-0\seed-20260908.json,2,0,294
npc-choice-Sorcerer-YueBai-0,20260909,Training.Hell.3-1,7,Blade,Sorcerer,YueBai,0,10,True,stalemate,npc_choice,True,7,5460,780.0,5460,1820.0,0.0,0,0,8748,11904,11904,0,19,48,8,29,6,303,300,,D:\UE5 demo\GameXXK\Saved\Balance\20260907-final-matrix\npc-choice-Sorcerer-YueBai-0\seed-20260909.json,2,0,294
npc-choice-Sorcerer-YueBai-0,20260910,Training.Hell.3-1,7,Blade,Sorcerer,YueBai,0,10,True,stalemate,npc_choice,True,8,5528,691.0,5061,1842.6666666666667,0.0,0,0,9234,11904,11904,0,17,58,12,30,4,320,75,,D:\UE5 demo\GameXXK\Saved\Balance\20260907-final-matrix\npc-choice-Sorcerer-YueBai-0\seed-20260910.json,2,0,294
npc-choice-Sorcerer-YueBai-1,20260906,Training.Hell.3-1,7,Blade,Sorcerer,YueBai,1,10,True,stalemate,npc_choice,True,7,5517,788.1428571428571,5517,1839.0,0.0,0,0,15066,11904,11904,0,22,65,8,41,5,119,300,,D:\UE5 demo\GameXXK\Saved\Balance\20260907-final-matrix\npc-choice-Sorcerer-YueBai-1\seed-20260906.json,2,0,294
npc-choice-Sorcerer-YueBai-1,20260907,Training.Hell.3-1,7,Blade,Sorcerer,YueBai,1,10,True,stalemate,npc_choice,True,8,5539,692.375,5320,1846.3333333333333,0.0,0,0,17496,11904,11904,0,25,65,10,47,5,288,75,,D:\UE5 demo\GameXXK\Saved\Balance\20260907-final-matrix\npc-choice-Sorcerer-YueBai-1\seed-20260907.json,2,0,294
npc-choice-Sorcerer-YueBai-1,20260908,Training.Hell.3-1,7,Blade,Sorcerer,YueBai,1,10,True,stalemate,npc_choice,True,8,5517,689.625,5320,1839.0,0.0,0,0,16524,11904,11904,0,19,74,14,40,5,303,75,,D:\UE5 demo\GameXXK\Saved\Balance\20260907-final-matrix\npc-choice-Sorcerer-YueBai-1\seed-20260908.json,2,0,294
npc-choice-Sorcerer-YueBai-1,20260909,Training.Hell.3-1,7,Blade,Sorcerer,YueBai,1,10,True,stalemate,npc_choice,True,8,5539,692.375,5320,1846.3333333333333,0.0,0,0,16524,11904,11904,0,20,71,14,42,5,303,75,,D:\UE5 demo\GameXXK\Saved\Balance\20260907-final-matrix\npc-choice-Sorcerer-YueBai-1\seed-20260909.json,2,0,294
npc-choice-Sorcerer-YueBai-1,20260910,Training.Hell.3-1,7,Blade,Sorcerer,YueBai,1,10,True,stalemate,npc_choice,True,8,5544,693.0,5040,1848.0,0.0,0,0,15066,11904,11904,0,25,57,7,43,4,230,300,,D:\UE5 demo\GameXXK\Saved\Balance\20260907-final-matrix\npc-choice-Sorcerer-YueBai-1\seed-20260910.json,2,0,294
npc-choice-Sorcerer-YueBai-2,20260906,Training.Hell.3-1,7,Blade,Sorcerer,YueBai,2,10,True,stalemate,npc_choice,True,7,5460,780.0,5460,1820.0,0.0,0,0,5832,11904,11904,0,15,15,11,24,5,119,150,,D:\UE5 demo\GameXXK\Saved\Balance\20260907-final-matrix\npc-choice-Sorcerer-YueBai-2\seed-20260906.json,2,0,294
npc-choice-Sorcerer-YueBai-2,20260907,Training.Hell.3-1,7,Blade,Sorcerer,YueBai,2,10,True,stalemate,npc_choice,True,7,5460,780.0,5460,1820.0,0.0,0,0,7290,11904,11904,0,12,18,12,27,5,288,75,,D:\UE5 demo\GameXXK\Saved\Balance\20260907-final-matrix\npc-choice-Sorcerer-YueBai-2\seed-20260907.json,2,0,294
npc-choice-Sorcerer-YueBai-2,20260908,Training.Hell.3-1,7,Blade,Sorcerer,YueBai,2,10,True,stalemate,npc_choice,True,7,5460,780.0,5460,1820.0,0.0,0,0,7776,11904,11904,0,18,18,9,37,4,303,150,,D:\UE5 demo\GameXXK\Saved\Balance\20260907-final-matrix\npc-choice-Sorcerer-YueBai-2\seed-20260908.json,1,0,132
npc-choice-Sorcerer-YueBai-2,20260909,Training.Hell.3-1,7,Blade,Sorcerer,YueBai,2,10,True,stalemate,npc_choice,True,7,5460,780.0,5460,1820.0,0.0,0,0,7290,11904,11904,0,19,18,9,35,5,303,75,,D:\UE5 demo\GameXXK\Saved\Balance\20260907-final-matrix\npc-choice-Sorcerer-YueBai-2\seed-20260909.json,1,0,132
npc-choice-Sorcerer-YueBai-2,20260910,Training.Hell.3-1,7,Blade,Sorcerer,YueBai,2,10,True,stalemate,npc_choice,True,9,5460,606.6666666666666,5130,1820.0,0.0,0,0,7776,11904,11904,0,20,29,15,37,4,320,75,,D:\UE5 demo\GameXXK\Saved\Balance\20260907-final-matrix\npc-choice-Sorcerer-YueBai-2\seed-20260910.json,2,0,294
npc-choice-Sorcerer-ZhouGuangZu-0,20260906,Training.Hell.3-1,7,Blade,Sorcerer,ZhouGuangZu,0,10,True,victory,npc_choice,True,6,11176,1862.6666666666667,4052,2697.3333333333335,1028.0,12,12,2088,11499,11499,0,26,64,3,40,13,502,939,,D:\UE5 demo\GameXXK\Saved\Balance\20260907-final-matrix\npc-choice-Sorcerer-ZhouGuangZu-0\seed-20260906.json,2,0,171
npc-choice-Sorcerer-ZhouGuangZu-0,20260907,Training.Hell.3-1,7,Blade,Sorcerer,ZhouGuangZu,0,10,True,victory,npc_choice,True,4,11157,2789.25,4157,2785.0,2802.0,9,9,2013,11499,11499,0,19,53,0,30,12,352,627,,D:\UE5 demo\GameXXK\Saved\Balance\20260907-final-matrix\npc-choice-Sorcerer-ZhouGuangZu-0\seed-20260907.json,0,0,0
npc-choice-Sorcerer-ZhouGuangZu-0,20260908,Training.Hell.3-1,7,Blade,Sorcerer,ZhouGuangZu,0,10,True,victory,npc_choice,True,2,5574,2787.0,4052,2787.0,,3,3,441,11499,11499,0,8,28,0,15,0,465,312,,D:\UE5 demo\GameXXK\Saved\Balance\20260907-final-matrix\npc-choice-Sorcerer-ZhouGuangZu-0\seed-20260908.json,0,0,0
npc-choice-Sorcerer-ZhouGuangZu-0,20260909,Training.Hell.3-1,7,Blade,Sorcerer,ZhouGuangZu,0,10,True,victory,npc_choice,True,3,8375,2791.6666666666665,4262,2791.6666666666665,,3,3,1923,11499,11499,0,15,44,0,25,7,394,312,,D:\UE5 demo\GameXXK\Saved\Balance\20260907-final-matrix\npc-choice-Sorcerer-ZhouGuangZu-0\seed-20260909.json,0,0,0
npc-choice-Sorcerer-ZhouGuangZu-0,20260910,Training.Hell.3-1,7,Blade,Sorcerer,ZhouGuangZu,0,10,True,victory,npc_choice,True,5,8375,1675.0,3564,1829.0,1444.0,9,9,2019,11499,11499,0,16,45,4,31,7,313,1011,,D:\UE5 demo\GameXXK\Saved\Balance\20260907-final-matrix\npc-choice-Sorcerer-ZhouGuangZu-0\seed-20260910.json,0,0,0
npc-choice-Sorcerer-ZhouGuangZu-1,20260906,Training.Hell.3-1,7,Blade,Sorcerer,ZhouGuangZu,1,10,True,victory,npc_choice,True,3,5574,1858.0,4809,1858.0,,0,0,2205,11499,11499,0,10,21,1,18,0,202,75,,D:\UE5 demo\GameXXK\Saved\Balance\20260907-final-matrix\npc-choice-Sorcerer-ZhouGuangZu-1\seed-20260906.json,0,0,0
npc-choice-Sorcerer-ZhouGuangZu-1,20260907,Training.Hell.3-1,7,Blade,Sorcerer,ZhouGuangZu,1,10,True,victory,npc_choice,True,4,11135,2783.75,4157,2777.6666666666665,2802.0,3,3,4950,11499,11499,0,21,58,0,33,12,1288,78,,D:\UE5 demo\GameXXK\Saved\Balance\20260907-final-matrix\npc-choice-Sorcerer-ZhouGuangZu-1\seed-20260907.json,0,0,0
npc-choice-Sorcerer-ZhouGuangZu-1,20260908,Training.Hell.3-1,7,Blade,Sorcerer,ZhouGuangZu,1,10,True,victory,npc_choice,True,2,5574,2787.0,3714,2787.0,,90,0,2646,11409,11499,0,8,29,0,16,0,403,0,,D:\UE5 demo\GameXXK\Saved\Balance\20260907-final-matrix\npc-choice-Sorcerer-ZhouGuangZu-1\seed-20260908.json,3,1,255
npc-choice-Sorcerer-ZhouGuangZu-1,20260909,Training.Hell.3-1,7,Blade,Sorcerer,ZhouGuangZu,1,10,True,victory,npc_choice,True,3,8375,2791.6666666666665,4262,2791.6666666666665,,0,0,3672,11499,11499,0,13,43,0,25,7,335,0,,D:\UE5 demo\GameXXK\Saved\Balance\20260907-final-matrix\npc-choice-Sorcerer-ZhouGuangZu-1\seed-20260909.json,0,0,0
npc-choice-Sorcerer-ZhouGuangZu-1,20260910,Training.Hell.3-1,7,Blade,Sorcerer,ZhouGuangZu,1,10,True,victory,npc_choice,True,3,5574,1858.0,3669,1858.0,,0,0,3588,11499,11499,0,10,33,0,22,0,434,75,,D:\UE5 demo\GameXXK\Saved\Balance\20260907-final-matrix\npc-choice-Sorcerer-ZhouGuangZu-1\seed-20260910.json,0,0,0
npc-choice-Sorcerer-ZhouGuangZu-2,20260906,Training.Hell.3-1,7,Blade,Sorcerer,ZhouGuangZu,2,10,True,victory,npc_choice,True,4,5574,1393.5,4809,1851.0,21.0,6,6,2646,11499,11499,0,11,27,4,23,1,222,624,,D:\UE5 demo\GameXXK\Saved\Balance\20260907-final-matrix\npc-choice-Sorcerer-ZhouGuangZu-2\seed-20260906.json,0,0,0
npc-choice-Sorcerer-ZhouGuangZu-2,20260907,Training.Hell.3-1,7,Blade,Sorcerer,ZhouGuangZu,2,10,True,victory,npc_choice,True,3,5574,1858.0,3992,1858.0,,9,9,2646,11499,11499,0,13,37,0,24,1,314,627,,D:\UE5 demo\GameXXK\Saved\Balance\20260907-final-matrix\npc-choice-Sorcerer-ZhouGuangZu-2\seed-20260907.json,0,0,0
npc-choice-Sorcerer-ZhouGuangZu-2,20260908,Training.Hell.3-1,7,Blade,Sorcerer,ZhouGuangZu,2,10,True,victory,npc_choice,True,5,5574,1114.8,4472,1852.3333333333333,8.5,15,15,3528,11499,11499,0,16,47,4,35,0,515,1326,,D:\UE5 demo\GameXXK\Saved\Balance\20260907-final-matrix\npc-choice-Sorcerer-ZhouGuangZu-2\seed-20260908.json,0,0,0
npc-choice-Sorcerer-ZhouGuangZu-2,20260909,Training.Hell.3-1,7,Blade,Sorcerer,ZhouGuangZu,2,10,True,victory,npc_choice,True,4,5574,1393.5,3992,1846.6666666666667,34.0,15,15,1764,11499,11499,0,15,39,1,32,0,393,1401,,D:\UE5 demo\GameXXK\Saved\Balance\20260907-final-matrix\npc-choice-Sorcerer-ZhouGuangZu-2\seed-20260909.json,0,0,0
npc-choice-Sorcerer-ZhouGuangZu-2,20260910,Training.Hell.3-1,7,Blade,Sorcerer,ZhouGuangZu,2,10,True,victory,npc_choice,True,2,5574,2787.0,5032,2787.0,,3,3,2706,11499,11499,0,9,33,0,18,1,556,387,,D:\UE5 demo\GameXXK\Saved\Balance\20260907-final-matrix\npc-choice-Sorcerer-ZhouGuangZu-2\seed-20260910.json,0,0,0
npc-choice-Sorcerer-JinGui-1,20260906,Training.Hell.3-1,7,Blade,Sorcerer,JinGui,1,10,True,stalemate,npc_choice,True,8,5358,669.75,5131,1786.0,0.0,0,0,125,11733,11733,0,27,44,3,27,2,130,75,,D:\UE5 demo\GameXXK\Saved\Balance\20260907-final-matrix\npc-choice-Sorcerer-JinGui-1\seed-20260906.json,0,0,0
npc-choice-Sorcerer-JinGui-1,20260907,Training.Hell.3-1,7,Blade,Sorcerer,JinGui,1,10,True,stalemate,npc_choice,True,8,5462,682.75,4784,1820.6666666666667,0.0,0,0,50,11733,11733,0,21,34,10,25,3,299,0,,D:\UE5 demo\GameXXK\Saved\Balance\20260907-final-matrix\npc-choice-Sorcerer-JinGui-1\seed-20260907.json,0,0,0
npc-choice-Sorcerer-JinGui-1,20260908,Training.Hell.3-1,7,Blade,Sorcerer,JinGui,1,10,True,stalemate,npc_choice,True,8,5489,686.125,4784,1829.6666666666667,0.0,0,0,75,11733,11733,0,24,41,7,26,0,314,150,,D:\UE5 demo\GameXXK\Saved\Balance\20260907-final-matrix\npc-choice-Sorcerer-JinGui-1\seed-20260908.json,0,0,0
npc-choice-Sorcerer-JinGui-1,20260909,Training.Hell.3-1,7,Blade,Sorcerer,JinGui,1,10,True,stalemate,npc_choice,True,8,5504,688.0,5264,1834.6666666666667,0.0,0,0,75,11733,11733,0,24,40,7,28,3,314,75,,D:\UE5 demo\GameXXK\Saved\Balance\20260907-final-matrix\npc-choice-Sorcerer-JinGui-1\seed-20260909.json,0,0,0
npc-choice-Sorcerer-JinGui-1,20260910,Training.Hell.3-1,7,Blade,Sorcerer,JinGui,1,10,True,stalemate,npc_choice,True,7,5363,766.1428571428571,5363,1787.6666666666667,0.0,0,0,75,11733,11733,0,21,42,5,24,2,365,0,,D:\UE5 demo\GameXXK\Saved\Balance\20260907-final-matrix\npc-choice-Sorcerer-JinGui-1\seed-20260910.json,0,0,0
npc-choice-Sorcerer-JinGui-2,20260906,Training.Hell.3-1,7,Blade,Sorcerer,JinGui,2,10,True,stalemate,npc_choice,True,7,5131,733.0,5131,1710.3333333333333,0.0,0,0,1914,11733,11733,0,19,27,6,22,1,130,150,,D:\UE5 demo\GameXXK\Saved\Balance\20260907-final-matrix\npc-choice-Sorcerer-JinGui-2\seed-20260906.json,0,0,0
npc-choice-Sorcerer-JinGui-2,20260907,Training.Hell.3-1,7,Blade,Sorcerer,JinGui,2,10,True,stalemate,npc_choice,True,8,5445,680.625,4390,1815.0,0.0,0,0,2430,11733,11733,0,27,42,4,28,0,299,0,,D:\UE5 demo\GameXXK\Saved\Balance\20260907-final-matrix\npc-choice-Sorcerer-JinGui-2\seed-20260907.json,0,0,0
npc-choice-Sorcerer-JinGui-2,20260908,Training.Hell.3-1,7,Blade,Sorcerer,JinGui,2,10,True,stalemate,npc_choice,True,25,5461,218.44,4390,1820.3333333333333,0.0,320,320,7476,11733,11733,0,83,82,21,85,8,314,205,,D:\UE5 demo\GameXXK\Saved\Balance\20260907-final-matrix\npc-choice-Sorcerer-JinGui-2\seed-20260908.json,2,0,0
npc-choice-Sorcerer-JinGui-2,20260909,Training.Hell.3-1,7,Blade,Sorcerer,JinGui,2,10,True,stalemate,npc_choice,True,8,5374,671.75,4870,1791.3333333333333,0.0,0,0,1964,11733,11733,0,30,41,4,34,1,314,150,,D:\UE5 demo\GameXXK\Saved\Balance\20260907-final-matrix\npc-choice-Sorcerer-JinGui-2\seed-20260909.json,0,0,0
npc-choice-Sorcerer-JinGui-2,20260910,Training.Hell.3-1,7,Blade,Sorcerer,JinGui,2,10,True,stalemate,npc_choice,True,8,5400,675.0,3887,1800.0,0.0,0,0,1498,11733,11733,0,24,42,6,27,0,294,0,,D:\UE5 demo\GameXXK\Saved\Balance\20260907-final-matrix\npc-choice-Sorcerer-JinGui-2\seed-20260910.json,0,0,0
npc-choice-Sorcerer-JinGui-3,20260906,Training.Hell.3-1,7,Blade,Sorcerer,JinGui,3,10,True,stalemate,npc_choice,True,8,5545,693.125,5324,1848.3333333333333,0.0,0,0,3312,11733,11733,0,25,32,5,29,2,143,150,,D:\UE5 demo\GameXXK\Saved\Balance\20260907-final-matrix\npc-choice-Sorcerer-JinGui-3\seed-20260906.json,0,0,0
npc-choice-Sorcerer-JinGui-3,20260907,Training.Hell.3-1,7,Blade,Sorcerer,JinGui,3,10,True,stalemate,npc_choice,True,8,5322,665.25,4924,1774.0,0.0,0,0,2430,11733,11733,0,25,45,5,30,2,312,0,,D:\UE5 demo\GameXXK\Saved\Balance\20260907-final-matrix\npc-choice-Sorcerer-JinGui-3\seed-20260907.json,0,0,0
npc-choice-Sorcerer-JinGui-3,20260908,Training.Hell.3-1,7,Blade,Sorcerer,JinGui,3,10,True,stalemate,npc_choice,True,8,5443,680.375,4346,1814.3333333333333,0.0,0,0,2405,11733,11733,0,24,46,6,28,2,327,75,,D:\UE5 demo\GameXXK\Saved\Balance\20260907-final-matrix\npc-choice-Sorcerer-JinGui-3\seed-20260908.json,0,0,0
npc-choice-Sorcerer-JinGui-3,20260909,Training.Hell.3-1,7,Blade,Sorcerer,JinGui,3,10,True,stalemate,npc_choice,True,8,5473,684.125,4716,1824.3333333333333,0.0,0,0,1473,11733,11733,0,23,43,7,25,1,327,75,,D:\UE5 demo\GameXXK\Saved\Balance\20260907-final-matrix\npc-choice-Sorcerer-JinGui-3\seed-20260909.json,0,0,0
npc-choice-Sorcerer-JinGui-3,20260910,Training.Hell.3-1,7,Blade,Sorcerer,JinGui,3,10,True,stalemate,npc_choice,True,8,5482,685.25,3656,1827.3333333333333,0.0,0,0,2610,11733,11733,0,28,54,4,31,0,226,150,,D:\UE5 demo\GameXXK\Saved\Balance\20260907-final-matrix\npc-choice-Sorcerer-JinGui-3\seed-20260910.json,0,0,0
npc-choice-Sorcerer-QiongMeiEr-0,20260906,Training.Hell.3-1,7,Blade,Sorcerer,QiongMeiEr,0,10,True,victory,npc_choice,True,54,11176,206.96296296296296,5221,1820.3333333333333,112.05882352941177,1514,1514,2460,12192,12192,0,151,211,83,179,19,358,4066,,D:\UE5 demo\GameXXK\Saved\Balance\20260907-final-matrix\npc-choice-Sorcerer-QiongMeiEr-0\seed-20260906.json,12,0,100
npc-choice-Sorcerer-QiongMeiEr-0,20260907,Training.Hell.3-1,7,Blade,Sorcerer,QiongMeiEr,0,10,True,victory,npc_choice,True,56,11176,199.57142857142858,4587,1802.0,108.86792452830188,2328,2321,420,12185,12192,0,119,102,103,130,22,732,4519,,D:\UE5 demo\GameXXK\Saved\Balance\20260907-final-matrix\npc-choice-Sorcerer-QiongMeiEr-0\seed-20260907.json,16,0,0
npc-choice-Sorcerer-QiongMeiEr-0,20260908,Training.Hell.3-1,7,Blade,Sorcerer,QiongMeiEr,0,10,True,limit,npc_choice,False,60,5472,91.2,4704,1824.0,0.0,2976,2685,0,11901,12192,0,136,101,99,131,18,261,4815,Simulation reached MaxRounds before a terminal result.,D:\UE5 demo\GameXXK\Saved\Balance\20260907-final-matrix\npc-choice-Sorcerer-QiongMeiEr-0\seed-20260908.json,20,0,0
npc-choice-Sorcerer-QiongMeiEr-0,20260909,Training.Hell.3-1,7,Blade,Sorcerer,QiongMeiEr,0,10,True,limit,npc_choice,False,60,5403,90.05,4390,1801.0,0.0,3363,3072,0,11901,12192,0,138,125,107,152,16,261,5478,Simulation reached MaxRounds before a terminal result.,D:\UE5 demo\GameXXK\Saved\Balance\20260907-final-matrix\npc-choice-Sorcerer-QiongMeiEr-0\seed-20260909.json,23,0,0
npc-choice-Sorcerer-QiongMeiEr-0,20260910,Training.Hell.3-1,7,Blade,Sorcerer,QiongMeiEr,0,10,True,limit,npc_choice,False,60,8273,137.88333333333333,4106,1799.0,50.45614035087719,2363,2319,1995,12148,12192,0,161,258,88,176,17,330,7116,Simulation reached MaxRounds before a terminal result.,D:\UE5 demo\GameXXK\Saved\Balance\20260907-final-matrix\npc-choice-Sorcerer-QiongMeiEr-0\seed-20260910.json,21,0,242
npc-choice-Sorcerer-QiongMeiEr-1,20260906,Training.Hell.3-1,7,Blade,Sorcerer,QiongMeiEr,1,10,True,limit,npc_choice,False,60,5536,92.26666666666667,4544,1845.3333333333333,0.0,3039,2748,0,11901,12192,0,116,80,119,134,13,188,2487,Simulation reached MaxRounds before a terminal result.,D:\UE5 demo\GameXXK\Saved\Balance\20260907-final-matrix\npc-choice-Sorcerer-QiongMeiEr-1\seed-20260906.json,21,0,0
npc-choice-Sorcerer-QiongMeiEr-1,20260907,Training.Hell.3-1,7,Blade,Sorcerer,QiongMeiEr,1,10,True,victory,npc_choice,True,8,11126,1390.75,4587,1848.6666666666667,1116.0,121,121,420,12192,12192,0,25,49,8,35,7,264,314,,D:\UE5 demo\GameXXK\Saved\Balance\20260907-final-matrix\npc-choice-Sorcerer-QiongMeiEr-1\seed-20260907.json,2,0,0
npc-choice-Sorcerer-QiongMeiEr-1,20260908,Training.Hell.3-1,7,Blade,Sorcerer,QiongMeiEr,1,10,True,victory,npc_choice,True,4,11125,2781.25,4208,2774.3333333333335,2802.0,321,222,645,12093,12192,0,19,50,0,26,13,557,33,,D:\UE5 demo\GameXXK\Saved\Balance\20260907-final-matrix\npc-choice-Sorcerer-QiongMeiEr-1\seed-20260908.json,2,0,2
npc-choice-Sorcerer-QiongMeiEr-1,20260909,Training.Hell.3-1,7,Blade,Sorcerer,QiongMeiEr,1,10,True,victory,npc_choice,True,6,11152,1858.6666666666667,4500,2697.3333333333335,1020.0,0,0,1020,12192,12192,0,23,61,2,30,14,272,0,,D:\UE5 demo\GameXXK\Saved\Balance\20260907-final-matrix\npc-choice-Sorcerer-QiongMeiEr-1\seed-20260909.json,2,0,121
npc-choice-Sorcerer-QiongMeiEr-1,20260910,Training.Hell.3-1,7,Blade,Sorcerer,QiongMeiEr,1,10,True,stalemate,npc_choice,True,24,8290,345.4166666666667,3690,1798.0,137.9047619047619,101,101,1902,12192,12192,0,69,100,33,88,10,349,1474,,D:\UE5 demo\GameXXK\Saved\Balance\20260907-final-matrix\npc-choice-Sorcerer-QiongMeiEr-1\seed-20260910.json,3,1,22
npc-choice-Sorcerer-QiongMeiEr-2,20260906,Training.Hell.3-1,7,Blade,Sorcerer,QiongMeiEr,2,10,True,victory,npc_choice,True,7,11149,1592.7142857142858,3887,2603.0,835.0,44,44,1125,12192,12192,0,25,52,5,31,13,275,421,,D:\UE5 demo\GameXXK\Saved\Balance\20260907-final-matrix\npc-choice-Sorcerer-QiongMeiEr-2\seed-20260906.json,1,0,0
npc-choice-Sorcerer-QiongMeiEr-2,20260907,Training.Hell.3-1,7,Blade,Sorcerer,QiongMeiEr,2,10,True,victory,npc_choice,True,9,11162,1240.2222222222222,3997,1857.6666666666667,931.5,519,121,420,11794,12192,0,31,47,7,39,6,601,524,,D:\UE5 demo\GameXXK\Saved\Balance\20260907-final-matrix\npc-choice-Sorcerer-QiongMeiEr-2\seed-20260907.json,4,0,0
npc-choice-Sorcerer-QiongMeiEr-2,20260908,Training.Hell.3-1,7,Blade,Sorcerer,QiongMeiEr,2,10,True,victory,npc_choice,True,7,11153,1593.2857142857142,3554,2091.0,1220.0,493,469,990,12168,12192,0,34,77,0,39,20,475,611,,D:\UE5 demo\GameXXK\Saved\Balance\20260907-final-matrix\npc-choice-Sorcerer-QiongMeiEr-2\seed-20260908.json,6,2,45
npc-choice-Sorcerer-QiongMeiEr-2,20260909,Training.Hell.3-1,7,Blade,Sorcerer,QiongMeiEr,2,10,True,victory,npc_choice,True,7,11126,1589.4285714285713,3887,2425.0,962.75,121,121,1095,12192,12192,0,30,59,4,35,14,346,344,,D:\UE5 demo\GameXXK\Saved\Balance\20260907-final-matrix\npc-choice-Sorcerer-QiongMeiEr-2\seed-20260909.json,2,0,0
npc-choice-Sorcerer-QiongMeiEr-2,20260910,Training.Hell.3-1,7,Blade,Sorcerer,QiongMeiEr,2,10,True,victory,npc_choice,True,8,11144,1393.0,4923,1833.6666666666667,1128.6,435,431,2259,12188,12192,0,29,65,8,38,19,845,544,,D:\UE5 demo\GameXXK\Saved\Balance\20260907-final-matrix\npc-choice-Sorcerer-QiongMeiEr-2\seed-20260910.json,5,3,44
npc-choice-FormationMaster-TusiChief-0,20260906,Training.Hell.3-1,7,Blade,FormationMaster,TusiChief,0,10,True,stalemate,npc_choice,True,13,5280,406.15384615384613,540,1760.0,0.0,690,690,15685,12661,12661,0,33,21,3,41,0,668,1935,,D:\UE5 demo\GameXXK\Saved\Balance\20260907-final-matrix\npc-choice-FormationMaster-TusiChief-0\seed-20260906.json,6,1,1034
npc-choice-FormationMaster-TusiChief-0,20260907,Training.Hell.3-1,7,Blade,FormationMaster,TusiChief,0,10,True,stalemate,npc_choice,True,9,5172,574.6666666666666,4224,1724.0,0.0,0,0,10538,12661,12661,0,23,21,1,28,1,169,1500,,D:\UE5 demo\GameXXK\Saved\Balance\20260907-final-matrix\npc-choice-FormationMaster-TusiChief-0\seed-20260907.json,2,1,196
npc-choice-FormationMaster-TusiChief-0,20260908,Training.Hell.3-1,7,Blade,FormationMaster,TusiChief,0,10,True,stalemate,npc_choice,True,12,5350,445.8333333333333,854,1783.3333333333333,0.0,420,420,15534,12661,12661,0,31,18,2,41,2,1502,1530,,D:\UE5 demo\GameXXK\Saved\Balance\20260907-final-matrix\npc-choice-FormationMaster-TusiChief-0\seed-20260908.json,4,1,540
npc-choice-FormationMaster-TusiChief-0,20260909,Training.Hell.3-1,7,Blade,FormationMaster,TusiChief,0,10,True,stalemate,npc_choice,True,12,5400,450.0,1808,1631.3333333333333,56.22222222222222,390,390,13729,12661,12661,0,29,21,4,41,2,980,1635,,D:\UE5 demo\GameXXK\Saved\Balance\20260907-final-matrix\npc-choice-FormationMaster-TusiChief-0\seed-20260909.json,4,1,502
npc-choice-FormationMaster-TusiChief-0,20260910,Training.Hell.3-1,7,Blade,FormationMaster,TusiChief,0,10,True,stalemate,npc_choice,True,19,5234,275.4736842105263,3028,1744.6666666666667,0.0,494,494,22051,12661,12661,0,52,21,2,65,0,618,2731,,D:\UE5 demo\GameXXK\Saved\Balance\20260907-final-matrix\npc-choice-FormationMaster-TusiChief-0\seed-20260910.json,5,1,540
npc-choice-FormationMaster-TusiChief-1,20260906,Training.Hell.3-1,7,Blade,FormationMaster,TusiChief,1,10,True,stalemate,npc_choice,True,13,5280,406.15384615384613,540,1760.0,0.0,554,554,12619,12661,12661,0,35,21,1,45,3,668,1771,,D:\UE5 demo\GameXXK\Saved\Balance\20260907-final-matrix\npc-choice-FormationMaster-TusiChief-1\seed-20260906.json,6,1,990
npc-choice-FormationMaster-TusiChief-1,20260907,Training.Hell.3-1,7,Blade,FormationMaster,TusiChief,1,10,True,stalemate,npc_choice,True,9,5262,584.6666666666666,4224,1754.0,0.0,0,0,9261,12661,12661,0,23,18,1,29,0,169,1200,,D:\UE5 demo\GameXXK\Saved\Balance\20260907-final-matrix\npc-choice-FormationMaster-TusiChief-1\seed-20260907.json,1,0,194
npc-choice-FormationMaster-TusiChief-1,20260908,Training.Hell.3-1,7,Blade,FormationMaster,TusiChief,1,10,True,stalemate,npc_choice,True,17,5469,321.70588235294116,1595,1823.0,0.0,930,930,18669,12661,12661,0,46,27,2,60,1,571,2145,,D:\UE5 demo\GameXXK\Saved\Balance\20260907-final-matrix\npc-choice-FormationMaster-TusiChief-1\seed-20260908.json,7,2,623
npc-choice-FormationMaster-TusiChief-1,20260909,Training.Hell.3-1,7,Blade,FormationMaster,TusiChief,1,10,True,stalemate,npc_choice,True,14,5401,385.7857142857143,1808,1631.3333333333333,46.09090909090909,690,690,16401,12661,12661,0,38,24,1,48,1,509,1935,,D:\UE5 demo\GameXXK\Saved\Balance\20260907-final-matrix\npc-choice-FormationMaster-TusiChief-1\seed-20260909.json,5,1,667
npc-choice-FormationMaster-TusiChief-1,20260910,Training.Hell.3-1,7,Blade,FormationMaster,TusiChief,1,10,True,stalemate,npc_choice,True,17,5478,322.2352941176471,3028,1826.0,0.0,1050,1050,14808,12661,12661,0,43,21,5,59,4,7,1350,,D:\UE5 demo\GameXXK\Saved\Balance\20260907-final-matrix\npc-choice-FormationMaster-TusiChief-1\seed-20260910.json,6,1,861
npc-choice-FormationMaster-TusiChief-2,20260906,Training.Hell.3-1,7,Blade,FormationMaster,TusiChief,2,10,True,stalemate,npc_choice,True,21,5588,266.0952380952381,540,1377.3333333333333,80.88888888888889,1424,1424,23789,12661,12661,0,60,27,0,73,1,175,2101,,D:\UE5 demo\GameXXK\Saved\Balance\20260907-final-matrix\npc-choice-FormationMaster-TusiChief-2\seed-20260906.json,7,1,861
npc-choice-FormationMaster-TusiChief-2,20260907,Training.Hell.3-1,7,Blade,FormationMaster,TusiChief,2,10,True,stalemate,npc_choice,True,12,5533,461.0833333333333,2852,1518.3333333333333,108.66666666666667,439,439,15384,12661,12661,0,33,24,0,42,1,1,1511,,D:\UE5 demo\GameXXK\Saved\Balance\20260907-final-matrix\npc-choice-FormationMaster-TusiChief-2\seed-20260907.json,6,1,1416
npc-choice-FormationMaster-TusiChief-2,20260908,Training.Hell.3-1,7,Blade,FormationMaster,TusiChief,2,10,True,stalemate,npc_choice,True,14,5493,392.35714285714283,1595,1831.0,0.0,750,750,18207,12661,12661,0,37,21,2,48,3,124,1575,,D:\UE5 demo\GameXXK\Saved\Balance\20260907-final-matrix\npc-choice-FormationMaster-TusiChief-2\seed-20260908.json,5,1,667
npc-choice-FormationMaster-TusiChief-2,20260909,Training.Hell.3-1,7,Blade,FormationMaster,TusiChief,2,10,True,stalemate,npc_choice,True,14,5672,405.14285714285717,1808,1890.6666666666667,0.0,690,690,20214,12661,12661,0,38,27,1,47,0,0,1935,,D:\UE5 demo\GameXXK\Saved\Balance\20260907-final-matrix\npc-choice-FormationMaster-TusiChief-2\seed-20260909.json,6,1,720
npc-choice-FormationMaster-TusiChief-2,20260910,Training.Hell.3-1,7,Blade,FormationMaster,TusiChief,2,10,True,stalemate,npc_choice,True,22,5653,256.95454545454544,1190,1414.3333333333333,74.21052631578948,426,426,23372,12661,12661,0,61,30,2,77,0,122,2874,,D:\UE5 demo\GameXXK\Saved\Balance\20260907-final-matrix\npc-choice-FormationMaster-TusiChief-2\seed-20260910.json,6,1,802
npc-choice-FormationMaster-SongJinBao-0,20260906,Training.Hell.3-1,7,Blade,FormationMaster,SongJinBao,0,10,True,stalemate,npc_choice,True,10,5415,541.5,1081,1805.0,0.0,150,150,13194,12484,12484,0,46,24,0,54,5,902,2325,,D:\UE5 demo\GameXXK\Saved\Balance\20260907-final-matrix\npc-choice-FormationMaster-SongJinBao-0\seed-20260906.json,1,1,2
npc-choice-FormationMaster-SongJinBao-0,20260907,Training.Hell.3-1,7,Blade,FormationMaster,SongJinBao,0,10,True,stalemate,npc_choice,True,9,5509,612.1111111111111,2567,1836.3333333333333,0.0,0,0,14787,12484,12484,0,40,18,0,45,1,335,2775,,D:\UE5 demo\GameXXK\Saved\Balance\20260907-final-matrix\npc-choice-FormationMaster-SongJinBao-0\seed-20260907.json,0,0,0
npc-choice-FormationMaster-SongJinBao-0,20260908,Training.Hell.3-1,7,Blade,FormationMaster,SongJinBao,0,10,True,stalemate,npc_choice,True,10,5512,551.2,2650,1837.3333333333333,0.0,240,240,14112,12484,12484,0,46,24,0,53,4,754,2610,,D:\UE5 demo\GameXXK\Saved\Balance\20260907-final-matrix\npc-choice-FormationMaster-SongJinBao-0\seed-20260908.json,2,1,129
npc-choice-FormationMaster-SongJinBao-0,20260909,Training.Hell.3-1,7,Blade,FormationMaster,SongJinBao,0,10,True,stalemate,npc_choice,True,12,5457,454.75,2013,1819.0,0.0,510,510,18855,12484,12484,0,52,21,3,61,6,194,2715,,D:\UE5 demo\GameXXK\Saved\Balance\20260907-final-matrix\npc-choice-FormationMaster-SongJinBao-0\seed-20260909.json,4,2,275
npc-choice-FormationMaster-SongJinBao-0,20260910,Training.Hell.3-1,7,Blade,FormationMaster,SongJinBao,0,10,True,stalemate,npc_choice,True,10,5425,542.5,2212,1808.3333333333333,0.0,240,240,15930,12484,12484,0,47,18,0,57,5,647,2910,,D:\UE5 demo\GameXXK\Saved\Balance\20260907-final-matrix\npc-choice-FormationMaster-SongJinBao-0\seed-20260910.json,2,1,129
npc-choice-FormationMaster-SongJinBao-1,20260906,Training.Hell.3-1,7,Blade,FormationMaster,SongJinBao,1,10,True,stalemate,npc_choice,True,9,5389,598.7777777777778,1162,1796.3333333333333,0.0,120,120,10494,12484,12484,0,39,30,1,56,5,470,2430,,D:\UE5 demo\GameXXK\Saved\Balance\20260907-final-matrix\npc-choice-FormationMaster-SongJinBao-1\seed-20260906.json,3,3,6
npc-choice-FormationMaster-SongJinBao-1,20260907,Training.Hell.3-1,7,Blade,FormationMaster,SongJinBao,1,10,True,stalemate,npc_choice,True,9,5343,593.6666666666666,2567,1781.0,0.0,0,0,12069,12484,12484,0,37,36,3,47,5,335,2475,,D:\UE5 demo\GameXXK\Saved\Balance\20260907-final-matrix\npc-choice-FormationMaster-SongJinBao-1\seed-20260907.json,1,1,2
npc-choice-FormationMaster-SongJinBao-1,20260908,Training.Hell.3-1,7,Blade,FormationMaster,SongJinBao,1,10,True,stalemate,npc_choice,True,10,5537,553.7,5069,1845.6666666666667,0.0,180,180,11376,12484,12484,0,42,30,2,61,5,279,2070,,D:\UE5 demo\GameXXK\Saved\Balance\20260907-final-matrix\npc-choice-FormationMaster-SongJinBao-1\seed-20260908.json,3,3,6
npc-choice-FormationMaster-SongJinBao-1,20260909,Training.Hell.3-1,7,Blade,FormationMaster,SongJinBao,1,10,True,stalemate,npc_choice,True,13,5462,420.15384615384613,2013,1820.6666666666667,0.0,632,632,18423,12484,12484,0,59,51,2,73,5,596,2893,,D:\UE5 demo\GameXXK\Saved\Balance\20260907-final-matrix\npc-choice-FormationMaster-SongJinBao-1\seed-20260909.json,5,3,275
npc-choice-FormationMaster-SongJinBao-1,20260910,Training.Hell.3-1,7,Blade,FormationMaster,SongJinBao,1,10,True,stalemate,npc_choice,True,12,5264,438.6666666666667,2525,1754.6666666666667,0.0,608,608,15723,12484,12484,0,55,45,0,73,2,347,2917,,D:\UE5 demo\GameXXK\Saved\Balance\20260907-final-matrix\npc-choice-FormationMaster-SongJinBao-1\seed-20260910.json,5,4,158
npc-choice-FormationMaster-SongJinBao-2,20260906,Training.Hell.3-1,7,Blade,FormationMaster,SongJinBao,2,10,True,stalemate,npc_choice,True,11,5301,481.90909090909093,540,1757.6666666666667,3.5,390,390,12780,12484,12484,0,50,39,0,66,4,1177,2910,,D:\UE5 demo\GameXXK\Saved\Balance\20260907-final-matrix\npc-choice-FormationMaster-SongJinBao-2\seed-20260906.json,6,6,12
npc-choice-FormationMaster-SongJinBao-2,20260907,Training.Hell.3-1,7,Blade,FormationMaster,SongJinBao,2,10,True,stalemate,npc_choice,True,11,5415,492.27272727272725,2347,1432.3333333333333,139.75,270,270,14598,12484,12484,0,50,51,0,65,4,1431,3330,,D:\UE5 demo\GameXXK\Saved\Balance\20260907-final-matrix\npc-choice-FormationMaster-SongJinBao-2\seed-20260907.json,7,5,281
npc-choice-FormationMaster-SongJinBao-2,20260908,Training.Hell.3-1,7,Blade,FormationMaster,SongJinBao,2,10,True,stalemate,npc_choice,True,10,5425,542.5,3545,1808.3333333333333,0.0,240,240,15012,12484,12484,0,45,42,0,61,4,986,2610,,D:\UE5 demo\GameXXK\Saved\Balance\20260907-final-matrix\npc-choice-FormationMaster-SongJinBao-2\seed-20260908.json,2,2,4
npc-choice-FormationMaster-SongJinBao-2,20260909,Training.Hell.3-1,7,Blade,FormationMaster,SongJinBao,2,10,True,stalemate,npc_choice,True,11,5083,462.09090909090907,1808,1694.3333333333333,0.0,480,480,14787,12484,12484,0,50,60,0,65,5,586,2445,,D:\UE5 demo\GameXXK\Saved\Balance\20260907-final-matrix\npc-choice-FormationMaster-SongJinBao-2\seed-20260909.json,4,2,275
npc-choice-FormationMaster-SongJinBao-2,20260910,Training.Hell.3-1,7,Blade,FormationMaster,SongJinBao,2,10,True,stalemate,npc_choice,True,10,5331,533.1,1190,1777.0,0.0,150,150,12087,12484,12484,0,45,45,0,60,5,212,2625,,D:\UE5 demo\GameXXK\Saved\Balance\20260907-final-matrix\npc-choice-FormationMaster-SongJinBao-2\seed-20260910.json,1,1,2
npc-choice-FormationMaster-YueBai-0,20260906,Training.Hell.3-1,7,Blade,FormationMaster,YueBai,0,10,True,stalemate,npc_choice,True,16,8287,517.9375,2689,1661.3333333333333,254.07692307692307,600,600,26703,11906,11906,0,44,90,1,64,9,9,2550,,D:\UE5 demo\GameXXK\Saved\Balance\20260907-final-matrix\npc-choice-FormationMaster-YueBai-0\seed-20260906.json,6,2,233
npc-choice-FormationMaster-YueBai-0,20260907,Training.Hell.3-1,7,Blade,FormationMaster,YueBai,0,10,True,stalemate,npc_choice,True,9,5490,610.0,3533,1830.0,0.0,0,0,16308,11906,11906,0,23,72,1,35,5,367,1500,,D:\UE5 demo\GameXXK\Saved\Balance\20260907-final-matrix\npc-choice-FormationMaster-YueBai-0\seed-20260907.json,1,0,132
npc-choice-FormationMaster-YueBai-0,20260908,Training.Hell.3-1,7,Blade,FormationMaster,YueBai,0,10,True,stalemate,npc_choice,True,15,5488,365.8666666666667,2254,1796.0,8.333333333333334,630,630,9477,11906,11906,0,34,36,8,53,4,388,1395,,D:\UE5 demo\GameXXK\Saved\Balance\20260907-final-matrix\npc-choice-FormationMaster-YueBai-0\seed-20260908.json,6,2,483
npc-choice-FormationMaster-YueBai-0,20260909,Training.Hell.3-1,7,Blade,FormationMaster,YueBai,0,10,True,stalemate,npc_choice,True,14,5529,394.92857142857144,1808,1843.0,0.0,690,690,24966,11906,11906,0,39,72,0,56,7,367,2235,,D:\UE5 demo\GameXXK\Saved\Balance\20260907-final-matrix\npc-choice-FormationMaster-YueBai-0\seed-20260909.json,6,2,483
npc-choice-FormationMaster-YueBai-0,20260910,Training.Hell.3-1,7,Blade,FormationMaster,YueBai,0,10,True,stalemate,npc_choice,True,9,5519,613.2222222222222,3443,1839.6666666666667,0.0,0,0,15408,11906,11906,0,24,72,0,38,4,320,1800,,D:\UE5 demo\GameXXK\Saved\Balance\20260907-final-matrix\npc-choice-FormationMaster-YueBai-0\seed-20260910.json,1,0,132
npc-choice-FormationMaster-YueBai-1,20260906,Training.Hell.3-1,7,Blade,FormationMaster,YueBai,1,10,True,stalemate,npc_choice,True,9,5426,602.8888888888889,3946,1808.6666666666667,0.0,0,0,16623,11906,11906,0,24,51,0,40,4,230,1800,,D:\UE5 demo\GameXXK\Saved\Balance\20260907-final-matrix\npc-choice-FormationMaster-YueBai-1\seed-20260906.json,1,0,132
npc-choice-FormationMaster-YueBai-1,20260907,Training.Hell.3-1,7,Blade,FormationMaster,YueBai,1,10,True,stalemate,npc_choice,True,9,5322,591.3333333333334,3443,1774.0,0.0,0,0,12096,11906,11906,0,22,45,2,34,4,367,900,,D:\UE5 demo\GameXXK\Saved\Balance\20260907-final-matrix\npc-choice-FormationMaster-YueBai-1\seed-20260907.json,1,0,132
npc-choice-FormationMaster-YueBai-1,20260908,Training.Hell.3-1,7,Blade,FormationMaster,YueBai,1,10,True,stalemate,npc_choice,True,17,5163,303.70588235294116,854,1207.0,110.14285714285714,990,990,95265,11906,11906,0,48,429,0,188,5,760,3435,,D:\UE5 demo\GameXXK\Saved\Balance\20260907-final-matrix\npc-choice-FormationMaster-YueBai-1\seed-20260908.json,7,2,615
npc-choice-FormationMaster-YueBai-1,20260909,Training.Hell.3-1,7,Blade,FormationMaster,YueBai,1,10,True,stalemate,npc_choice,True,13,5446,418.9230769230769,1808,1676.3333333333333,41.7,1590,1470,25173,11786,11906,0,36,24,0,57,4,367,1605,,D:\UE5 demo\GameXXK\Saved\Balance\20260907-final-matrix\npc-choice-FormationMaster-YueBai-1\seed-20260909.json,6,2,483
npc-choice-FormationMaster-YueBai-1,20260910,Training.Hell.3-1,7,Blade,FormationMaster,YueBai,1,10,True,stalemate,npc_choice,True,8,5291,661.375,3946,1763.6666666666667,0.0,0,0,16011,11906,11906,0,21,21,0,35,4,230,1800,,D:\UE5 demo\GameXXK\Saved\Balance\20260907-final-matrix\npc-choice-FormationMaster-YueBai-1\seed-20260910.json,2,1,134
npc-choice-FormationMaster-YueBai-2,20260906,Training.Hell.3-1,7,Blade,FormationMaster,YueBai,2,10,True,stalemate,npc_choice,True,9,5426,602.8888888888889,3946,1808.6666666666667,0.0,0,0,17100,11906,11906,0,24,12,0,43,4,320,2400,,D:\UE5 demo\GameXXK\Saved\Balance\20260907-final-matrix\npc-choice-FormationMaster-YueBai-2\seed-20260906.json,2,1,134
npc-choice-FormationMaster-YueBai-2,20260907,Training.Hell.3-1,7,Blade,FormationMaster,YueBai,2,10,True,stalemate,npc_choice,True,9,5462,606.8888888888889,3533,1820.6666666666667,0.0,0,0,14499,11906,11906,0,24,24,0,37,4,367,1800,,D:\UE5 demo\GameXXK\Saved\Balance\20260907-final-matrix\npc-choice-FormationMaster-YueBai-2\seed-20260907.json,2,1,134
npc-choice-FormationMaster-YueBai-2,20260908,Training.Hell.3-1,7,Blade,FormationMaster,YueBai,2,10,True,stalemate,npc_choice,True,17,5448,320.47058823529414,1727,1749.3333333333333,14.285714285714286,870,870,20907,11906,11906,0,46,36,2,64,11,644,2055,,D:\UE5 demo\GameXXK\Saved\Balance\20260907-final-matrix\npc-choice-FormationMaster-YueBai-2\seed-20260908.json,6,1,613
npc-choice-FormationMaster-YueBai-2,20260909,Training.Hell.3-1,7,Blade,FormationMaster,YueBai,2,10,True,stalemate,npc_choice,True,9,5179,575.4444444444445,1808,1726.3333333333333,0.0,1350,1170,17271,11726,11906,0,24,18,0,39,4,367,930,,D:\UE5 demo\GameXXK\Saved\Balance\20260907-final-matrix\npc-choice-FormationMaster-YueBai-2\seed-20260909.json,5,2,351
npc-choice-FormationMaster-YueBai-2,20260910,Training.Hell.3-1,7,Blade,FormationMaster,YueBai,2,10,True,stalemate,npc_choice,True,8,5291,661.375,3946,1763.6666666666667,0.0,0,0,14067,11906,11906,0,21,18,0,35,4,320,1800,,D:\UE5 demo\GameXXK\Saved\Balance\20260907-final-matrix\npc-choice-FormationMaster-YueBai-2\seed-20260910.json,2,1,134
npc-choice-FormationMaster-ZhouGuangZu-0,20260906,Training.Hell.3-1,7,Blade,FormationMaster,ZhouGuangZu,0,10,True,victory,npc_choice,True,11,11176,1016.0,105,1275.0,918.875,880,880,9303,11501,11501,0,37,75,0,59,1,356,3074,,D:\UE5 demo\GameXXK\Saved\Balance\20260907-final-matrix\npc-choice-FormationMaster-ZhouGuangZu-0\seed-20260906.json,8,2,815
npc-choice-FormationMaster-ZhouGuangZu-0,20260907,Training.Hell.3-1,7,Blade,FormationMaster,ZhouGuangZu,0,10,True,victory,npc_choice,True,9,11172,1241.3333333333333,2567,1449.6666666666667,1137.1666666666667,18,18,8808,11501,11501,0,27,69,0,44,0,0,2538,,D:\UE5 demo\GameXXK\Saved\Balance\20260907-final-matrix\npc-choice-FormationMaster-ZhouGuangZu-0\seed-20260907.json,5,1,950
npc-choice-FormationMaster-ZhouGuangZu-0,20260908,Training.Hell.3-1,7,Blade,FormationMaster,ZhouGuangZu,0,10,True,victory,npc_choice,True,11,11366,1033.2727272727273,854,1413.0,890.875,1016,784,9711,11269,11501,0,33,75,1,54,0,77,2249,,D:\UE5 demo\GameXXK\Saved\Balance\20260907-final-matrix\npc-choice-FormationMaster-ZhouGuangZu-0\seed-20260908.json,8,2,714
npc-choice-FormationMaster-ZhouGuangZu-0,20260909,Training.Hell.3-1,7,Blade,FormationMaster,ZhouGuangZu,0,10,True,victory,npc_choice,True,5,5574,1114.8,1808,1437.0,631.5,333,333,7911,11501,11501,0,13,27,1,24,0,61,1032,,D:\UE5 demo\GameXXK\Saved\Balance\20260907-final-matrix\npc-choice-FormationMaster-ZhouGuangZu-0\seed-20260909.json,4,1,661
npc-choice-FormationMaster-ZhouGuangZu-0,20260910,Training.Hell.3-1,7,Blade,FormationMaster,ZhouGuangZu,0,10,True,victory,npc_choice,True,13,11159,858.3846153846154,1331,1220.0,749.9,964,964,14034,11501,11501,0,39,102,0,63,0,1541,3908,,D:\UE5 demo\GameXXK\Saved\Balance\20260907-final-matrix\npc-choice-FormationMaster-ZhouGuangZu-0\seed-20260910.json,11,3,1525
npc-choice-FormationMaster-ZhouGuangZu-1,20260906,Training.Hell.3-1,7,Blade,FormationMaster,ZhouGuangZu,1,10,True,victory,npc_choice,True,5,5574,1114.8,645,1092.0,1149.0,837,578,8331,11242,11501,0,16,39,0,33,0,305,403,,D:\UE5 demo\GameXXK\Saved\Balance\20260907-final-matrix\npc-choice-FormationMaster-ZhouGuangZu-1\seed-20260906.json,4,1,487
npc-choice-FormationMaster-ZhouGuangZu-1,20260907,Training.Hell.3-1,7,Blade,FormationMaster,ZhouGuangZu,1,10,True,victory,npc_choice,True,6,8375,1395.8333333333333,2567,1755.6666666666667,1036.0,3,3,9261,11501,11501,0,18,45,0,30,0,11,1278,,D:\UE5 demo\GameXXK\Saved\Balance\20260907-final-matrix\npc-choice-FormationMaster-ZhouGuangZu-1\seed-20260907.json,1,0,397
npc-choice-FormationMaster-ZhouGuangZu-1,20260908,Training.Hell.3-1,7,Blade,FormationMaster,ZhouGuangZu,1,10,True,victory,npc_choice,True,4,5574,1393.5,1154,1297.0,1683.0,453,273,6075,11321,11501,0,12,24,0,21,0,78,333,,D:\UE5 demo\GameXXK\Saved\Balance\20260907-final-matrix\npc-choice-FormationMaster-ZhouGuangZu-1\seed-20260908.json,3,1,264
npc-choice-FormationMaster-ZhouGuangZu-1,20260909,Training.Hell.3-1,7,Blade,FormationMaster,ZhouGuangZu,1,10,True,victory,npc_choice,True,4,5574,1393.5,1808,1492.0,1098.0,330,290,8100,11461,11501,0,11,27,0,19,0,62,385,,D:\UE5 demo\GameXXK\Saved\Balance\20260907-final-matrix\npc-choice-FormationMaster-ZhouGuangZu-1\seed-20260909.json,4,1,661
npc-choice-FormationMaster-ZhouGuangZu-1,20260910,Training.Hell.3-1,7,Blade,FormationMaster,ZhouGuangZu,1,10,True,victory,npc_choice,True,5,8375,1675.0,1582,1857.6666666666667,1401.0,0,0,6951,11501,11501,0,14,51,0,29,0,539,300,,D:\UE5 demo\GameXXK\Saved\Balance\20260907-final-matrix\npc-choice-FormationMaster-ZhouGuangZu-1\seed-20260910.json,0,0,0
npc-choice-FormationMaster-ZhouGuangZu-2,20260906,Training.Hell.3-1,7,Blade,FormationMaster,ZhouGuangZu,2,10,True,victory,npc_choice,True,7,5764,823.4285714285714,645,1260.6666666666667,495.5,1008,828,11043,11321,11501,0,19,57,0,42,0,490,1953,,D:\UE5 demo\GameXXK\Saved\Balance\20260907-final-matrix\npc-choice-FormationMaster-ZhouGuangZu-2\seed-20260906.json,6,2,855
npc-choice-FormationMaster-ZhouGuangZu-2,20260907,Training.Hell.3-1,7,Blade,FormationMaster,ZhouGuangZu,2,10,True,victory,npc_choice,True,4,5764,1441.0,2452,1652.3333333333333,807.0,342,342,5643,11501,11501,0,13,39,0,23,0,627,1284,,D:\UE5 demo\GameXXK\Saved\Balance\20260907-final-matrix\npc-choice-FormationMaster-ZhouGuangZu-2\seed-20260907.json,5,1,714
npc-choice-FormationMaster-ZhouGuangZu-2,20260908,Training.Hell.3-1,7,Blade,FormationMaster,ZhouGuangZu,2,10,True,victory,npc_choice,True,5,5764,1152.8,959,1555.6666666666667,548.5,462,462,7218,11501,11501,0,14,39,0,31,0,677,1464,,D:\UE5 demo\GameXXK\Saved\Balance\20260907-final-matrix\npc-choice-FormationMaster-ZhouGuangZu-2\seed-20260908.json,3,1,264
npc-choice-FormationMaster-ZhouGuangZu-2,20260909,Training.Hell.3-1,7,Blade,FormationMaster,ZhouGuangZu,2,10,True,victory,npc_choice,True,9,5764,640.4444444444445,1808,1500.3333333333333,210.5,587,587,13104,11501,11501,0,26,51,1,51,0,81,3028,,D:\UE5 demo\GameXXK\Saved\Balance\20260907-final-matrix\npc-choice-FormationMaster-ZhouGuangZu-2\seed-20260909.json,6,1,714
npc-choice-FormationMaster-ZhouGuangZu-2,20260910,Training.Hell.3-1,7,Blade,FormationMaster,ZhouGuangZu,2,10,True,victory,npc_choice,True,6,5574,929.0,1295,1725.6666666666667,132.33333333333334,831,831,11292,11501,11501,0,20,57,0,42,0,319,2256,,D:\UE5 demo\GameXXK\Saved\Balance\20260907-final-matrix\npc-choice-FormationMaster-ZhouGuangZu-2\seed-20260910.json,5,2,445
npc-choice-FormationMaster-JinGui-1,20260906,Training.Hell.3-1,7,Blade,FormationMaster,JinGui,1,10,True,stalemate,npc_choice,True,10,5463,546.3,594,1821.0,0.0,180,180,10515,11735,11735,0,30,45,0,35,1,165,1470,,D:\UE5 demo\GameXXK\Saved\Balance\20260907-final-matrix\npc-choice-FormationMaster-JinGui-1\seed-20260906.json,2,1,116
npc-choice-FormationMaster-JinGui-1,20260907,Training.Hell.3-1,7,Blade,FormationMaster,JinGui,1,10,True,stalemate,npc_choice,True,15,5506,367.06666666666666,2604,1835.3333333333333,0.0,750,750,11951,11735,11735,0,40,57,4,47,0,178,1575,,D:\UE5 demo\GameXXK\Saved\Balance\20260907-final-matrix\npc-choice-FormationMaster-JinGui-1\seed-20260907.json,3,1,243
npc-choice-FormationMaster-JinGui-1,20260908,Training.Hell.3-1,7,Blade,FormationMaster,JinGui,1,10,True,stalemate,npc_choice,True,10,5245,524.5,854,1556.3333333333333,82.28571428571429,0,0,12765,11735,11735,0,29,48,0,34,0,1013,1575,,D:\UE5 demo\GameXXK\Saved\Balance\20260907-final-matrix\npc-choice-FormationMaster-JinGui-1\seed-20260908.json,0,0,0
npc-choice-FormationMaster-JinGui-1,20260909,Training.Hell.3-1,7,Blade,FormationMaster,JinGui,1,10,True,stalemate,npc_choice,True,12,5393,449.4166666666667,1808,1645.0,50.888888888888886,570,570,10308,11735,11735,0,34,39,0,44,2,89,1455,,D:\UE5 demo\GameXXK\Saved\Balance\20260907-final-matrix\npc-choice-FormationMaster-JinGui-1\seed-20260909.json,5,1,454
npc-choice-FormationMaster-JinGui-1,20260910,Training.Hell.3-1,7,Blade,FormationMaster,JinGui,1,10,True,stalemate,npc_choice,True,12,5373,447.75,2213,1791.0,0.0,300,300,12565,11735,11735,0,35,48,0,42,1,982,1350,,D:\UE5 demo\GameXXK\Saved\Balance\20260907-final-matrix\npc-choice-FormationMaster-JinGui-1\seed-20260910.json,2,1,116
npc-choice-FormationMaster-JinGui-2,20260906,Training.Hell.3-1,7,Blade,FormationMaster,JinGui,2,10,True,stalemate,npc_choice,True,17,5529,325.2352941176471,594,1569.3333333333333,58.642857142857146,922,922,23817,11735,11735,0,52,42,0,60,1,421,2228,,D:\UE5 demo\GameXXK\Saved\Balance\20260907-final-matrix\npc-choice-FormationMaster-JinGui-2\seed-20260906.json,9,3,1251
npc-choice-FormationMaster-JinGui-2,20260907,Training.Hell.3-1,7,Blade,FormationMaster,JinGui,2,10,True,stalemate,npc_choice,True,13,5396,415.0769230769231,2399,1417.0,114.5,510,510,18986,11735,11735,0,38,39,0,42,0,0,1515,,D:\UE5 demo\GameXXK\Saved\Balance\20260907-final-matrix\npc-choice-FormationMaster-JinGui-2\seed-20260907.json,4,1,1123
npc-choice-FormationMaster-JinGui-2,20260908,Training.Hell.3-1,7,Blade,FormationMaster,JinGui,2,10,True,stalemate,npc_choice,True,10,5328,532.8,854,1633.3333333333333,61.142857142857146,0,0,13936,11735,11735,0,30,30,0,37,0,92,1575,,D:\UE5 demo\GameXXK\Saved\Balance\20260907-final-matrix\npc-choice-FormationMaster-JinGui-2\seed-20260908.json,2,0,211
npc-choice-FormationMaster-JinGui-2,20260909,Training.Hell.3-1,7,Blade,FormationMaster,JinGui,2,10,True,stalemate,npc_choice,True,12,5661,471.75,1808,1887.0,0.0,660,660,16045,11735,11735,0,34,39,0,41,0,0,1365,,D:\UE5 demo\GameXXK\Saved\Balance\20260907-final-matrix\npc-choice-FormationMaster-JinGui-2\seed-20260909.json,5,1,1050
npc-choice-FormationMaster-JinGui-2,20260910,Training.Hell.3-1,7,Blade,FormationMaster,JinGui,2,10,True,stalemate,npc_choice,True,16,5539,346.1875,1851,1846.3333333333333,0.0,930,930,21031,11735,11735,0,48,27,0,60,1,261,1995,,D:\UE5 demo\GameXXK\Saved\Balance\20260907-final-matrix\npc-choice-FormationMaster-JinGui-2\seed-20260910.json,5,1,559
npc-choice-FormationMaster-JinGui-3,20260906,Training.Hell.3-1,7,Blade,FormationMaster,JinGui,3,10,True,stalemate,npc_choice,True,14,5551,396.5,584,1246.0,164.8181818181818,601,601,19026,11735,11735,0,39,39,0,46,0,591,2249,,D:\UE5 demo\GameXXK\Saved\Balance\20260907-final-matrix\npc-choice-FormationMaster-JinGui-3\seed-20260906.json,9,2,1800
npc-choice-FormationMaster-JinGui-3,20260907,Training.Hell.3-1,7,Blade,FormationMaster,JinGui,3,10,True,stalemate,npc_choice,True,12,5172,431.0,2854,1724.0,0.0,450,450,14213,11735,11735,0,34,39,0,42,0,675,1575,,D:\UE5 demo\GameXXK\Saved\Balance\20260907-final-matrix\npc-choice-FormationMaster-JinGui-3\seed-20260907.json,5,2,403
npc-choice-FormationMaster-JinGui-3,20260908,Training.Hell.3-1,7,Blade,FormationMaster,JinGui,3,10,True,stalemate,npc_choice,True,9,5476,608.4444444444445,854,1825.3333333333333,0.0,0,0,11895,11735,11735,0,24,42,0,26,0,282,1200,,D:\UE5 demo\GameXXK\Saved\Balance\20260907-final-matrix\npc-choice-FormationMaster-JinGui-3\seed-20260908.json,1,0,53
npc-choice-FormationMaster-JinGui-3,20260909,Training.Hell.3-1,7,Blade,FormationMaster,JinGui,3,10,True,stalemate,npc_choice,True,20,5343,267.15,1808,1781.0,0.0,1200,1200,27233,11735,11735,0,56,36,1,69,0,679,2625,,D:\UE5 demo\GameXXK\Saved\Balance\20260907-final-matrix\npc-choice-FormationMaster-JinGui-3\seed-20260909.json,6,1,956
npc-choice-FormationMaster-JinGui-3,20260910,Training.Hell.3-1,7,Blade,FormationMaster,JinGui,3,10,True,stalemate,npc_choice,True,14,5425,387.5,1526,1802.3333333333333,1.6363636363636365,1030,1030,17665,11735,11735,0,39,48,0,44,1,1482,1295,,D:\UE5 demo\GameXXK\Saved\Balance\20260907-final-matrix\npc-choice-FormationMaster-JinGui-3\seed-20260910.json,7,2,1150
npc-choice-FormationMaster-QiongMeiEr-0,20260906,Training.Hell.3-1,7,Blade,FormationMaster,QiongMeiEr,0,10,True,stalemate,npc_choice,True,11,5662,514.7272727272727,1190,1599.0,108.125,42,42,11655,12194,12194,0,48,27,1,56,2,161,3393,,D:\UE5 demo\GameXXK\Saved\Balance\20260907-final-matrix\npc-choice-FormationMaster-QiongMeiEr-0\seed-20260906.json,4,0,799
npc-choice-FormationMaster-QiongMeiEr-0,20260907,Training.Hell.3-1,7,Blade,FormationMaster,QiongMeiEr,0,10,True,stalemate,npc_choice,True,12,5423,451.9166666666667,2567,1807.6666666666667,0.0,129,129,14112,12194,12194,0,51,27,3,61,0,340,3081,,D:\UE5 demo\GameXXK\Saved\Balance\20260907-final-matrix\npc-choice-FormationMaster-QiongMeiEr-0\seed-20260907.json,2,0,129
npc-choice-FormationMaster-QiongMeiEr-0,20260908,Training.Hell.3-1,7,Blade,FormationMaster,QiongMeiEr,0,10,True,stalemate,npc_choice,True,9,5339,593.2222222222222,2144,1779.6666666666667,0.0,60,60,9558,12194,12194,0,39,39,1,43,0,244,2640,,D:\UE5 demo\GameXXK\Saved\Balance\20260907-final-matrix\npc-choice-FormationMaster-QiongMeiEr-0\seed-20260908.json,3,0,341
npc-choice-FormationMaster-QiongMeiEr-0,20260909,Training.Hell.3-1,7,Blade,FormationMaster,QiongMeiEr,0,10,True,stalemate,npc_choice,True,9,5234,581.5555555555555,2567,1744.6666666666667,0.0,0,0,12537,12194,12194,0,39,21,1,45,3,3,2775,,D:\UE5 demo\GameXXK\Saved\Balance\20260907-final-matrix\npc-choice-FormationMaster-QiongMeiEr-0\seed-20260909.json,1,0,129
npc-choice-FormationMaster-QiongMeiEr-0,20260910,Training.Hell.3-1,7,Blade,FormationMaster,QiongMeiEr,0,10,True,stalemate,npc_choice,True,10,5513,551.3,1699,1837.6666666666667,0.0,300,300,10944,12194,12194,0,44,33,1,51,1,687,2535,,D:\UE5 demo\GameXXK\Saved\Balance\20260907-final-matrix\npc-choice-FormationMaster-QiongMeiEr-0\seed-20260910.json,3,0,341
npc-choice-FormationMaster-QiongMeiEr-1,20260906,Training.Hell.3-1,7,Blade,FormationMaster,QiongMeiEr,1,10,True,victory,npc_choice,True,8,11142,1392.75,1300,1554.3333333333333,1295.8,30,30,8415,12194,12194,0,37,36,0,50,0,202,1620,,D:\UE5 demo\GameXXK\Saved\Balance\20260907-final-matrix\npc-choice-FormationMaster-QiongMeiEr-1\seed-20260906.json,2,0,129
npc-choice-FormationMaster-QiongMeiEr-1,20260907,Training.Hell.3-1,7,Blade,FormationMaster,QiongMeiEr,1,10,True,victory,npc_choice,True,9,11156,1239.5555555555557,2567,1831.0,943.8333333333334,0,0,11826,12194,12194,0,42,42,0,51,0,293,2175,,D:\UE5 demo\GameXXK\Saved\Balance\20260907-final-matrix\npc-choice-FormationMaster-QiongMeiEr-1\seed-20260907.json,1,0,44
npc-choice-FormationMaster-QiongMeiEr-1,20260908,Training.Hell.3-1,7,Blade,FormationMaster,QiongMeiEr,1,10,True,victory,npc_choice,True,7,11143,1591.857142857143,2576,1848.6666666666667,1399.25,0,0,8865,12194,12194,0,31,48,0,39,0,568,1575,,D:\UE5 demo\GameXXK\Saved\Balance\20260907-final-matrix\npc-choice-FormationMaster-QiongMeiEr-1\seed-20260908.json,1,0,44
npc-choice-FormationMaster-QiongMeiEr-1,20260909,Training.Hell.3-1,7,Blade,FormationMaster,QiongMeiEr,1,10,True,victory,npc_choice,True,11,11163,1014.8181818181819,2567,1791.3333333333333,723.625,27,0,12987,12167,12194,0,49,51,0,55,0,158,2775,,D:\UE5 demo\GameXXK\Saved\Balance\20260907-final-matrix\npc-choice-FormationMaster-QiongMeiEr-1\seed-20260909.json,2,0,200
npc-choice-FormationMaster-QiongMeiEr-1,20260910,Training.Hell.3-1,7,Blade,FormationMaster,QiongMeiEr,1,10,True,stalemate,npc_choice,True,9,5471,607.8888888888889,2561,1823.6666666666667,0.0,90,90,10269,12194,12194,0,40,24,1,47,1,158,2565,,D:\UE5 demo\GameXXK\Saved\Balance\20260907-final-matrix\npc-choice-FormationMaster-QiongMeiEr-1\seed-20260910.json,2,0,214
npc-choice-FormationMaster-QiongMeiEr-2,20260906,Training.Hell.3-1,7,Blade,FormationMaster,QiongMeiEr,2,10,True,stalemate,npc_choice,True,12,5661,471.75,650,1352.0,178.33333333333334,826,826,8451,12194,12194,0,51,33,3,57,0,175,2504,,D:\UE5 demo\GameXXK\Saved\Balance\20260907-final-matrix\npc-choice-FormationMaster-QiongMeiEr-2\seed-20260906.json,11,3,1015
npc-choice-FormationMaster-QiongMeiEr-2,20260907,Training.Hell.3-1,7,Blade,FormationMaster,QiongMeiEr,2,10,True,victory,npc_choice,True,10,11176,1117.6,2347,1768.3333333333333,838.7142857142857,667,667,10926,12194,12194,0,49,66,0,52,0,878,2123,,D:\UE5 demo\GameXXK\Saved\Balance\20260907-final-matrix\npc-choice-FormationMaster-QiongMeiEr-2\seed-20260907.json,7,2,443
npc-choice-FormationMaster-QiongMeiEr-2,20260908,Training.Hell.3-1,7,Blade,FormationMaster,QiongMeiEr,2,10,True,stalemate,npc_choice,True,11,5474,497.6363636363636,1948,1487.6666666666667,126.375,450,450,11376,12194,12194,0,49,33,0,52,3,2,2445,,D:\UE5 demo\GameXXK\Saved\Balance\20260907-final-matrix\npc-choice-FormationMaster-QiongMeiEr-2\seed-20260908.json,5,1,472
npc-choice-FormationMaster-QiongMeiEr-2,20260909,Training.Hell.3-1,7,Blade,FormationMaster,QiongMeiEr,2,10,True,stalemate,npc_choice,True,11,5631,511.90909090909093,1808,1471.3333333333333,152.125,420,420,14112,12194,12194,0,50,30,0,52,1,301,2715,,D:\UE5 demo\GameXXK\Saved\Balance\20260907-final-matrix\npc-choice-FormationMaster-QiongMeiEr-2\seed-20260909.json,7,1,922
npc-choice-FormationMaster-QiongMeiEr-2,20260910,Training.Hell.3-1,7,Blade,FormationMaster,QiongMeiEr,2,10,True,victory,npc_choice,True,11,11159,1014.4545454545455,1503,1613.3333333333333,789.875,840,840,12987,12194,12194,0,53,54,0,58,0,482,3300,,D:\UE5 demo\GameXXK\Saved\Balance\20260907-final-matrix\npc-choice-FormationMaster-QiongMeiEr-2\seed-20260910.json,6,1,838
gear-Blade-enhance0,20260906,Training.Hell.3-1,7,Blade,Blade,TusiChief,3,0,True,victory,gear_comparison,True,38,11176,294.10526315789474,2848,1726.3333333333333,171.34285714285716,3730,1275,5028,8964,11419,0,69,36,44,86,8,3060,0,,D:\UE5 demo\GameXXK\Saved\Balance\20260907-final-matrix\gear-Blade-enhance0\seed-20260906.json,12,1,44
gear-Blade-enhance0,20260907,Training.Hell.3-1,7,Blade,Blade,TusiChief,3,0,True,victory,gear_comparison,True,37,11176,302.05405405405406,3156,1680.0,180.47058823529412,4955,1155,4252,7619,11419,0,69,23,40,77,12,3788,0,,D:\UE5 demo\GameXXK\Saved\Balance\20260907-final-matrix\gear-Blade-enhance0\seed-20260907.json,16,1,44
gear-Blade-enhance0,20260908,Training.Hell.3-1,7,Blade,Blade,TusiChief,3,0,True,victory,gear_comparison,True,30,11176,372.53333333333336,2371,1680.3333333333333,227.22222222222223,3453,1500,2993,9466,11419,0,59,27,29,69,13,3618,0,,D:\UE5 demo\GameXXK\Saved\Balance\20260907-final-matrix\gear-Blade-enhance0\seed-20260908.json,10,1,3
gear-Blade-enhance0,20260909,Training.Hell.3-1,7,Blade,Blade,TusiChief,3,0,True,victory,gear_comparison,True,32,11176,349.25,2371,1747.6666666666667,204.58620689655172,4462,1275,3904,8232,11419,0,65,30,28,74,9,3510,0,,D:\UE5 demo\GameXXK\Saved\Balance\20260907-final-matrix\gear-Blade-enhance0\seed-20260909.json,15,1,3
gear-Blade-enhance0,20260910,Training.Hell.3-1,7,Blade,Blade,TusiChief,3,0,True,victory,gear_comparison,True,40,11176,279.4,2030,1827.0,153.9189189189189,3345,1573,4427,9647,11419,0,76,23,44,97,6,4578,0,,D:\UE5 demo\GameXXK\Saved\Balance\20260907-final-matrix\gear-Blade-enhance0\seed-20260910.json,10,1,4
gear-Blade-no_gems,20260906,Training.Hell.3-1,7,Blade,Blade,TusiChief,3,10,False,victory,gear_comparison,True,40,11176,279.4,2599,1521.6666666666667,178.67567567567568,3766,1125,4752,6131,8772,0,73,27,46,86,10,4291,0,,D:\UE5 demo\GameXXK\Saved\Balance\20260907-final-matrix\gear-Blade-no_gems\seed-20260906.json,9,1,248
gear-Blade-no_gems,20260907,Training.Hell.3-1,7,Blade,Blade,TusiChief,3,10,False,victory,gear_comparison,True,37,11176,302.05405405405406,3178,1698.6666666666667,178.8235294117647,4452,1380,4678,5700,8772,0,72,37,36,89,11,5206,0,,D:\UE5 demo\GameXXK\Saved\Balance\20260907-final-matrix\gear-Blade-no_gems\seed-20260907.json,14,1,44
gear-Blade-no_gems,20260908,Training.Hell.3-1,7,Blade,Blade,TusiChief,3,10,False,victory,gear_comparison,True,36,11176,310.44444444444446,2407,1698.3333333333333,184.27272727272728,3776,1200,3467,6196,8772,0,71,22,35,78,11,4331,0,,D:\UE5 demo\GameXXK\Saved\Balance\20260907-final-matrix\gear-Blade-no_gems\seed-20260908.json,9,1,3
gear-Blade-no_gems,20260909,Training.Hell.3-1,7,Blade,Blade,TusiChief,3,10,False,victory,gear_comparison,True,45,11176,248.35555555555555,2407,1752.3333333333333,140.92857142857142,4861,1275,4323,5186,8772,0,85,34,47,94,11,7519,0,,D:\UE5 demo\GameXXK\Saved\Balance\20260907-final-matrix\gear-Blade-no_gems\seed-20260909.json,15,1,3
gear-Blade-no_gems,20260910,Training.Hell.3-1,7,Blade,Blade,TusiChief,3,10,False,victory,gear_comparison,True,40,11176,279.4,2062,1832.3333333333333,153.48648648648648,3808,1550,3779,6514,8772,0,77,23,43,97,6,4987,0,,D:\UE5 demo\GameXXK\Saved\Balance\20260907-final-matrix\gear-Blade-no_gems\seed-20260910.json,10,1,4
gear-Guard-enhance0,20260906,Training.Hell.3-1,7,Blade,Guard,TusiChief,3,0,True,limit,gear_comparison,False,60,5684,94.73333333333333,985,939.6666666666666,50.26315789473684,4598,1080,104807,8021,11539,0,174,140,6,157,9,578,45,Simulation reached MaxRounds before a terminal result.,D:\UE5 demo\GameXXK\Saved\Balance\20260907-final-matrix\gear-Guard-enhance0\seed-20260906.json,20,3,1934
gear-Guard-enhance0,20260907,Training.Hell.3-1,7,Blade,Guard,TusiChief,3,0,True,limit,gear_comparison,False,60,5434,90.56666666666666,2985,1362.3333333333333,23.63157894736842,4731,825,101890,7633,11539,0,173,151,7,153,10,576,0,Simulation reached MaxRounds before a terminal result.,D:\UE5 demo\GameXXK\Saved\Balance\20260907-final-matrix\gear-Guard-enhance0\seed-20260907.json,16,2,914
gear-Guard-enhance0,20260908,Training.Hell.3-1,7,Blade,Guard,TusiChief,3,0,True,limit,gear_comparison,False,60,5352,89.2,1190,1123.6666666666667,34.75438596491228,4477,1125,96391,8187,11539,0,172,134,8,152,10,82,0,Simulation reached MaxRounds before a terminal result.,D:\UE5 demo\GameXXK\Saved\Balance\20260907-final-matrix\gear-Guard-enhance0\seed-20260908.json,13,1,396
gear-Guard-enhance0,20260909,Training.Hell.3-1,7,Blade,Guard,TusiChief,3,0,True,stalemate,gear_comparison,True,44,5455,123.97727272727273,710,1139.0,49.707317073170735,4020,750,72251,8269,11539,0,119,98,10,111,1,245,0,,D:\UE5 demo\GameXXK\Saved\Balance\20260907-final-matrix\gear-Guard-enhance0\seed-20260909.json,12,2,272
gear-Guard-enhance0,20260910,Training.Hell.3-1,7,Blade,Guard,TusiChief,3,0,True,stalemate,gear_comparison,True,27,5434,201.25925925925927,985,1194.0,77.16666666666667,2034,533,43718,10038,11539,0,76,74,2,72,3,19,67,,D:\UE5 demo\GameXXK\Saved\Balance\20260907-final-matrix\gear-Guard-enhance0\seed-20260910.json,11,3,653
gear-Guard-no_gems,20260906,Training.Hell.3-1,7,Blade,Guard,TusiChief,3,10,False,stalemate,gear_comparison,True,41,5635,137.4390243902439,985,964.0,72.1842105263158,3482,705,71051,6048,8825,0,118,100,2,109,6,443,45,,D:\UE5 demo\GameXXK\Saved\Balance\20260907-final-matrix\gear-Guard-no_gems\seed-20260906.json,15,3,1986
gear-Guard-no_gems,20260907,Training.Hell.3-1,7,Blade,Guard,TusiChief,3,10,False,stalemate,gear_comparison,True,34,5479,161.14705882352942,2985,1370.0,44.16129032258065,3556,300,56268,5569,8825,0,94,91,5,82,5,576,0,,D:\UE5 demo\GameXXK\Saved\Balance\20260907-final-matrix\gear-Guard-no_gems\seed-20260907.json,11,2,874
gear-Guard-no_gems,20260908,Training.Hell.3-1,7,Blade,Guard,TusiChief,3,10,False,stalemate,gear_comparison,True,43,5374,124.97674418604652,1190,1123.6666666666667,50.075,3308,675,64746,6192,8825,0,123,104,3,106,5,104,0,,D:\UE5 demo\GameXXK\Saved\Balance\20260907-final-matrix\gear-Guard-no_gems\seed-20260908.json,8,1,363
gear-Guard-no_gems,20260909,Training.Hell.3-1,7,Blade,Guard,TusiChief,3,10,False,stalemate,gear_comparison,True,34,5478,161.11764705882354,710,1146.3333333333333,65.7741935483871,3424,675,52569,6076,8825,0,92,78,7,87,0,244,0,,D:\UE5 demo\GameXXK\Saved\Balance\20260907-final-matrix\gear-Guard-no_gems\seed-20260909.json,9,2,261
gear-Guard-no_gems,20260910,Training.Hell.3-1,7,Blade,Guard,TusiChief,3,10,False,stalemate,gear_comparison,True,27,5434,201.25925925925927,985,1201.3333333333333,76.25,2380,558,43585,7003,8825,0,76,74,2,72,3,41,42,,D:\UE5 demo\GameXXK\Saved\Balance\20260907-final-matrix\gear-Guard-no_gems\seed-20260910.json,11,3,578
gear-Healer-enhance0,20260906,Training.Hell.3-1,7,Blade,Healer,TusiChief,3,0,True,victory,gear_comparison,True,10,8370,837.0,985,924.0,799.7142857142857,1792,1469,2501,10892,11215,0,34,70,1,31,1,249,412,,D:\UE5 demo\GameXXK\Saved\Balance\20260907-final-matrix\gear-Healer-enhance0\seed-20260906.json,6,1,140
gear-Healer-enhance0,20260907,Training.Hell.3-1,7,Blade,Healer,TusiChief,3,0,True,victory,gear_comparison,True,5,5764,1152.8,2985,1211.6666666666667,1064.5,502,90,1100,10803,11215,0,17,34,0,17,0,676,3,,D:\UE5 demo\GameXXK\Saved\Balance\20260907-final-matrix\gear-Healer-enhance0\seed-20260907.json,2,1,3
gear-Healer-enhance0,20260908,Training.Hell.3-1,7,Blade,Healer,TusiChief,3,0,True,victory,gear_comparison,True,6,5764,960.6666666666666,1190,1043.0,878.3333333333334,986,84,1902,10313,11215,0,17,39,0,19,0,267,3,,D:\UE5 demo\GameXXK\Saved\Balance\20260907-final-matrix\gear-Healer-enhance0\seed-20260908.json,3,1,276
gear-Healer-enhance0,20260909,Training.Hell.3-1,7,Blade,Healer,TusiChief,3,0,True,victory,gear_comparison,True,7,5764,823.4285714285714,710,1243.3333333333333,508.5,1936,555,1494,9834,11215,0,20,47,1,21,1,333,162,,D:\UE5 demo\GameXXK\Saved\Balance\20260907-final-matrix\gear-Healer-enhance0\seed-20260909.json,4,0,138
gear-Healer-enhance0,20260910,Training.Hell.3-1,7,Blade,Healer,TusiChief,3,0,True,victory,gear_comparison,True,10,5574,557.4,985,1153.3333333333333,302.0,1192,888,2484,10911,11215,0,34,75,1,28,2,111,9,,D:\UE5 demo\GameXXK\Saved\Balance\20260907-final-matrix\gear-Healer-enhance0\seed-20260910.json,3,0,136
gear-Healer-no_gems,20260906,Training.Hell.3-1,7,Blade,Healer,TusiChief,3,10,False,victory,gear_comparison,True,6,5574,929.0,985,924.0,934.0,1704,1252,1222,8110,8562,0,21,44,1,19,0,167,212,,D:\UE5 demo\GameXXK\Saved\Balance\20260907-final-matrix\gear-Healer-no_gems\seed-20260906.json,5,1,117
gear-Healer-no_gems,20260907,Training.Hell.3-1,7,Blade,Healer,TusiChief,3,10,False,victory,gear_comparison,True,5,5764,1152.8,2985,1211.6666666666667,1064.5,558,90,923,8094,8562,0,17,34,0,17,0,704,3,,D:\UE5 demo\GameXXK\Saved\Balance\20260907-final-matrix\gear-Healer-no_gems\seed-20260907.json,2,1,3
gear-Healer-no_gems,20260908,Training.Hell.3-1,7,Blade,Healer,TusiChief,3,10,False,victory,gear_comparison,True,6,5764,960.6666666666666,1190,1044.6666666666667,876.6666666666666,1508,84,1584,7138,8562,0,18,41,0,20,0,636,3,,D:\UE5 demo\GameXXK\Saved\Balance\20260907-final-matrix\gear-Healer-no_gems\seed-20260908.json,4,1,230
gear-Healer-no_gems,20260909,Training.Hell.3-1,7,Blade,Healer,TusiChief,3,10,False,victory,gear_comparison,True,6,5764,960.6666666666666,710,1243.3333333333333,678.0,2158,480,1245,6884,8562,0,19,42,1,20,1,224,162,,D:\UE5 demo\GameXXK\Saved\Balance\20260907-final-matrix\gear-Healer-no_gems\seed-20260909.json,4,0,115
gear-Healer-no_gems,20260910,Training.Hell.3-1,7,Blade,Healer,TusiChief,3,10,False,victory,gear_comparison,True,12,8356,696.3333333333334,985,1162.6666666666667,540.8888888888889,1623,1153,3026,8092,8562,0,43,90,1,35,2,334,77,,D:\UE5 demo\GameXXK\Saved\Balance\20260907-final-matrix\gear-Healer-no_gems\seed-20260910.json,5,0,339
gear-Hunter-enhance0,20260906,Training.Hell.3-1,7,Blade,Hunter,TusiChief,3,0,True,victory,gear_comparison,True,5,11152,2230.4,2628,1843.0,2811.5,614,75,1942,10635,11174,0,24,40,0,33,0,547,0,,D:\UE5 demo\GameXXK\Saved\Balance\20260907-final-matrix\gear-Hunter-enhance0\seed-20260906.json,2,1,2
gear-Hunter-enhance0,20260907,Training.Hell.3-1,7,Blade,Hunter,TusiChief,3,0,True,victory,gear_comparison,True,8,11176,1397.0,3308,1821.0,1142.6,672,375,2008,10877,11174,0,28,44,8,42,0,2057,0,,D:\UE5 demo\GameXXK\Saved\Balance\20260907-final-matrix\gear-Hunter-enhance0\seed-20260907.json,3,1,2
gear-Hunter-enhance0,20260908,Training.Hell.3-1,7,Blade,Hunter,TusiChief,3,0,True,victory,gear_comparison,True,9,11149,1238.7777777777778,2206,1847.0,934.6666666666666,510,450,2403,11114,11174,0,34,51,7,47,0,939,0,,D:\UE5 demo\GameXXK\Saved\Balance\20260907-final-matrix\gear-Hunter-enhance0\seed-20260908.json,3,1,139
gear-Hunter-enhance0,20260909,Training.Hell.3-1,7,Blade,Hunter,TusiChief,3,0,True,victory,gear_comparison,True,9,11176,1241.7777777777778,2566,1801.0,962.1666666666666,298,225,1545,11101,11174,0,35,49,7,40,2,1503,75,,D:\UE5 demo\GameXXK\Saved\Balance\20260907-final-matrix\gear-Hunter-enhance0\seed-20260909.json,1,0,0
gear-Hunter-enhance0,20260910,Training.Hell.3-1,7,Blade,Hunter,TusiChief,3,0,True,victory,gear_comparison,True,12,11176,931.3333333333334,2653,1783.0,647.4444444444445,1390,375,2548,10159,11174,0,40,54,12,50,0,1764,0,,D:\UE5 demo\GameXXK\Saved\Balance\20260907-final-matrix\gear-Hunter-enhance0\seed-20260910.json,4,1,2
gear-Hunter-no_gems,20260906,Training.Hell.3-1,7,Blade,Hunter,TusiChief,3,10,False,victory,gear_comparison,True,8,11176,1397.0,2735,1798.6666666666667,1156.0,879,375,1636,8009,8513,0,32,46,7,47,0,1266,0,,D:\UE5 demo\GameXXK\Saved\Balance\20260907-final-matrix\gear-Hunter-no_gems\seed-20260906.json,3,1,2
gear-Hunter-no_gems,20260907,Training.Hell.3-1,7,Blade,Hunter,TusiChief,3,10,False,victory,gear_comparison,True,6,11176,1862.6666666666667,3334,1704.6666666666667,2020.6666666666667,699,300,1416,8114,8513,0,25,39,2,37,0,2571,0,,D:\UE5 demo\GameXXK\Saved\Balance\20260907-final-matrix\gear-Hunter-no_gems\seed-20260907.json,3,1,2
gear-Hunter-no_gems,20260908,Training.Hell.3-1,7,Blade,Hunter,TusiChief,3,10,False,victory,gear_comparison,True,6,11168,1861.3333333333333,2317,1843.3333333333333,1879.3333333333333,316,300,1245,8497,8513,0,21,47,4,31,0,1203,0,,D:\UE5 demo\GameXXK\Saved\Balance\20260907-final-matrix\gear-Hunter-no_gems\seed-20260908.json,2,1,116
gear-Hunter-no_gems,20260909,Training.Hell.3-1,7,Blade,Hunter,TusiChief,3,10,False,victory,gear_comparison,True,10,11176,1117.6,2668,1848.3333333333333,804.4285714285714,354,225,1495,8384,8513,0,35,53,10,42,1,1848,75,,D:\UE5 demo\GameXXK\Saved\Balance\20260907-final-matrix\gear-Hunter-no_gems\seed-20260909.json,1,0,0
gear-Hunter-no_gems,20260910,Training.Hell.3-1,7,Blade,Hunter,TusiChief,3,10,False,victory,gear_comparison,True,10,11163,1116.3,2729,1830.0,810.4285714285714,939,450,1348,8024,8513,0,36,54,8,45,2,3297,0,,D:\UE5 demo\GameXXK\Saved\Balance\20260907-final-matrix\gear-Hunter-no_gems\seed-20260910.json,3,1,2
gear-Sorcerer-enhance0,20260906,Training.Hell.3-1,7,Blade,Sorcerer,TusiChief,3,0,True,limit,gear_comparison,False,60,5487,91.45,2872,1829.0,0.0,6866,3075,11772,7594,11385,0,187,161,79,241,17,165,0,Simulation reached MaxRounds before a terminal result.,D:\UE5 demo\GameXXK\Saved\Balance\20260907-final-matrix\gear-Sorcerer-enhance0\seed-20260906.json,22,1,144
gear-Sorcerer-enhance0,20260907,Training.Hell.3-1,7,Blade,Sorcerer,TusiChief,3,0,True,limit,gear_comparison,False,60,5376,89.6,4249,1792.0,0.0,6644,2325,7516,7066,11385,0,149,18,93,165,11,656,75,Simulation reached MaxRounds before a terminal result.,D:\UE5 demo\GameXXK\Saved\Balance\20260907-final-matrix\gear-Sorcerer-enhance0\seed-20260907.json,21,0,0
gear-Sorcerer-enhance0,20260908,Training.Hell.3-1,7,Blade,Sorcerer,TusiChief,3,0,True,limit,gear_comparison,False,60,5526,92.1,2440,1842.0,0.0,4051,2700,12316,10034,11385,0,181,153,87,227,15,215,0,Simulation reached MaxRounds before a terminal result.,D:\UE5 demo\GameXXK\Saved\Balance\20260907-final-matrix\gear-Sorcerer-enhance0\seed-20260908.json,14,1,396
gear-Sorcerer-enhance0,20260909,Training.Hell.3-1,7,Blade,Sorcerer,TusiChief,3,0,True,limit,gear_comparison,False,60,5521,92.01666666666667,3549,1840.3333333333333,0.0,3496,2475,12049,10364,11385,0,181,165,90,231,16,360,75,Simulation reached MaxRounds before a terminal result.,D:\UE5 demo\GameXXK\Saved\Balance\20260907-final-matrix\gear-Sorcerer-enhance0\seed-20260909.json,12,0,80
gear-Sorcerer-enhance0,20260910,Training.Hell.3-1,7,Blade,Sorcerer,TusiChief,3,0,True,limit,gear_comparison,False,60,5541,92.35,2601,1847.0,0.0,6232,2625,13109,7778,11385,0,191,169,76,239,17,207,75,Simulation reached MaxRounds before a terminal result.,D:\UE5 demo\GameXXK\Saved\Balance\20260907-final-matrix\gear-Sorcerer-enhance0\seed-20260910.json,20,0,240
gear-Sorcerer-no_gems,20260906,Training.Hell.3-1,7,Blade,Sorcerer,TusiChief,3,10,False,limit,gear_comparison,False,60,5471,91.18333333333334,2944,1766.0,3.0350877192982457,4696,2550,7792,6673,8819,0,138,29,114,184,18,250,0,Simulation reached MaxRounds before a terminal result.,D:\UE5 demo\GameXXK\Saved\Balance\20260907-final-matrix\gear-Sorcerer-no_gems\seed-20260906.json,13,1,4
gear-Sorcerer-no_gems,20260907,Training.Hell.3-1,7,Blade,Sorcerer,TusiChief,3,10,False,limit,gear_comparison,False,60,5413,90.21666666666667,4286,1804.3333333333333,0.0,5792,2325,6382,5352,8819,0,149,18,93,165,11,679,75,Simulation reached MaxRounds before a terminal result.,D:\UE5 demo\GameXXK\Saved\Balance\20260907-final-matrix\gear-Sorcerer-no_gems\seed-20260907.json,17,0,0
gear-Sorcerer-no_gems,20260908,Training.Hell.3-1,7,Blade,Sorcerer,TusiChief,3,10,False,limit,gear_comparison,False,60,5454,90.9,2454,1818.0,0.0,4744,2550,11196,6625,8819,0,178,159,91,229,15,261,0,Simulation reached MaxRounds before a terminal result.,D:\UE5 demo\GameXXK\Saved\Balance\20260907-final-matrix\gear-Sorcerer-no_gems\seed-20260908.json,14,1,310
gear-Sorcerer-no_gems,20260909,Training.Hell.3-1,7,Blade,Sorcerer,TusiChief,3,10,False,limit,gear_comparison,False,60,5493,91.55,3584,1784.0,2.473684210526316,4130,2550,10928,7239,8819,0,177,163,90,228,17,208,0,Simulation reached MaxRounds before a terminal result.,D:\UE5 demo\GameXXK\Saved\Balance\20260907-final-matrix\gear-Sorcerer-no_gems\seed-20260909.json,13,1,120
gear-Sorcerer-no_gems,20260910,Training.Hell.3-1,7,Blade,Sorcerer,TusiChief,3,10,False,limit,gear_comparison,False,60,5506,91.76666666666667,2633,1835.3333333333333,0.0,4568,2400,10379,6651,8819,0,182,169,87,227,12,242,0,Simulation reached MaxRounds before a terminal result.,D:\UE5 demo\GameXXK\Saved\Balance\20260907-final-matrix\gear-Sorcerer-no_gems\seed-20260910.json,13,0,200
gear-FormationMaster-enhance0,20260906,Training.Hell.3-1,7,Blade,FormationMaster,TusiChief,3,0,True,stalemate,gear_comparison,True,17,5703,335.47058823529414,985,1210.6666666666667,147.92857142857142,736,736,16320,11460,11460,0,48,24,0,59,1,0,2189,,D:\UE5 demo\GameXXK\Saved\Balance\20260907-final-matrix\gear-FormationMaster-enhance0\seed-20260906.json,6,0,1622
gear-FormationMaster-enhance0,20260907,Training.Hell.3-1,7,Blade,FormationMaster,TusiChief,3,0,True,stalemate,gear_comparison,True,18,5632,312.8888888888889,3213,1738.0,27.866666666666667,1093,1093,15895,11460,11460,0,51,24,0,65,0,674,1982,,D:\UE5 demo\GameXXK\Saved\Balance\20260907-final-matrix\gear-FormationMaster-enhance0\seed-20260907.json,8,2,1418
gear-FormationMaster-enhance0,20260908,Training.Hell.3-1,7,Blade,FormationMaster,TusiChief,3,0,True,stalemate,gear_comparison,True,17,5447,320.4117647058824,1190,1580.6666666666667,50.357142857142854,953,953,14489,11460,11460,0,47,24,1,58,1,236,2047,,D:\UE5 demo\GameXXK\Saved\Balance\20260907-final-matrix\gear-FormationMaster-enhance0\seed-20260908.json,6,1,1141
gear-FormationMaster-enhance0,20260909,Training.Hell.3-1,7,Blade,FormationMaster,TusiChief,3,0,True,stalemate,gear_comparison,True,27,5487,203.22222222222223,1190,1592.3333333333333,29.583333333333332,1647,1647,24921,11460,11460,0,76,21,2,95,7,416,2853,,D:\UE5 demo\GameXXK\Saved\Balance\20260907-final-matrix\gear-FormationMaster-enhance0\seed-20260909.json,9,2,1525
gear-FormationMaster-enhance0,20260910,Training.Hell.3-1,7,Blade,FormationMaster,TusiChief,3,0,True,stalemate,gear_comparison,True,33,5225,158.33333333333334,1664,1741.6666666666667,0.0,582,582,31078,11460,11460,0,94,24,3,112,2,466,5493,,D:\UE5 demo\GameXXK\Saved\Balance\20260907-final-matrix\gear-FormationMaster-enhance0\seed-20260910.json,6,0,1294
gear-FormationMaster-no_gems,20260906,Training.Hell.3-1,7,Blade,FormationMaster,TusiChief,3,10,False,limit,gear_comparison,False,60,5313,88.55,985,1227.0,28.63157894736842,1785,1529,47654,8565,8821,0,174,24,6,209,8,0,8896,Simulation reached MaxRounds before a terminal result.,D:\UE5 demo\GameXXK\Saved\Balance\20260907-final-matrix\gear-FormationMaster-no_gems\seed-20260906.json,15,0,3927
gear-FormationMaster-no_gems,20260907,Training.Hell.3-1,7,Blade,FormationMaster,TusiChief,3,10,False,limit,gear_comparison,False,60,5544,92.4,3311,1674.3333333333333,9.140350877192983,2043,1988,51401,8766,8821,0,180,24,0,216,8,665,10237,Simulation reached MaxRounds before a terminal result.,D:\UE5 demo\GameXXK\Saved\Balance\20260907-final-matrix\gear-FormationMaster-no_gems\seed-20260907.json,16,2,3316
gear-FormationMaster-no_gems,20260908,Training.Hell.3-1,7,Blade,FormationMaster,TusiChief,3,10,False,limit,gear_comparison,False,60,5510,91.83333333333333,1190,1597.0,12.614035087719298,3149,3045,42007,8717,8821,0,173,27,7,218,9,313,7380,Simulation reached MaxRounds before a terminal result.,D:\UE5 demo\GameXXK\Saved\Balance\20260907-final-matrix\gear-FormationMaster-no_gems\seed-20260908.json,15,1,2628
gear-FormationMaster-no_gems,20260909,Training.Hell.3-1,7,Blade,FormationMaster,TusiChief,3,10,False,limit,gear_comparison,False,60,5543,92.38333333333334,1434,1611.0,12.456140350877194,2753,2747,54285,8815,8821,0,178,21,2,216,6,50,9703,Simulation reached MaxRounds before a terminal result.,D:\UE5 demo\GameXXK\Saved\Balance\20260907-final-matrix\gear-FormationMaster-no_gems\seed-20260909.json,15,1,3324
gear-FormationMaster-no_gems,20260910,Training.Hell.3-1,7,Blade,FormationMaster,TusiChief,3,10,False,limit,gear_comparison,False,60,5225,87.08333333333333,1664,1741.6666666666667,0.0,1021,966,50174,8766,8821,0,178,24,3,211,12,515,10884,Simulation reached MaxRounds before a terminal result.,D:\UE5 demo\GameXXK\Saved\Balance\20260907-final-matrix\gear-FormationMaster-no_gems\seed-20260910.json,12,0,3333
